2026-03-09 13:22 +05:30: ⚠️ PM2 disabled on Windows
2026-03-09 13:22 +05:30: 🔄 Enhanced System Monitor: Continuous monitoring started
2026-03-09 13:22 +05:30: ✅ Created activity_logs table
2026-03-09 13:22 +05:30: ✅ Created login_activities table
2026-03-09 13:22 +05:30: ✅ Created api_stats table
2026-03-09 13:22 +05:30: ✅ Tables Created
2026-03-09 13:22 +05:30: ✅ Pages Seeded
2026-03-09 13:22 +05:30: ℹ️ Super Admin Exists
2026-03-09 13:22 +05:30: ✅ Database Initialized
2026-03-09 13:22 +05:30: ✅ Database connected successfully
2026-03-09 13:22 +05:30: 🚀 Digital Checksheet Backend running on http://127.0.0.1:5000
2026-03-09 13:22 +05:30: 📊 Environment: development
2026-03-09 13:22 +05:30: 🔗 Health: http://127.0.0.1:5000/health
2026-03-09 13:22 +05:30: 📚 API: http://127.0.0.1:5000/api
2026-03-09 13:22 +05:30: ⚠️ PM2 disabled on Windows
2026-03-09 13:22 +05:30: 🔄 Enhanced System Monitor: Continuous monitoring started
2026-03-09 13:22 +05:30: ✅ Created activity_logs table
2026-03-09 13:22 +05:30: ✅ Created login_activities table
2026-03-09 13:22 +05:30: ✅ Created api_stats table
2026-03-09 13:22 +05:30: ✅ Tables Created
2026-03-09 13:22 +05:30: ✅ Pages Seeded
2026-03-09 13:22 +05:30: ℹ️ Super Admin Exists
2026-03-09 13:22 +05:30: ✅ Database Initialized
2026-03-09 13:22 +05:30: ✅ Database connected successfully
2026-03-09 13:22 +05:30: 🚀 Digital Checksheet Backend running on http://127.0.0.1:5000
2026-03-09 13:22 +05:30: 📊 Environment: development
2026-03-09 13:22 +05:30: 🔗 Health: http://127.0.0.1:5000/health
2026-03-09 13:22 +05:30: 📚 API: http://127.0.0.1:5000/api
2026-03-09 13:23 +05:30: ⚠️ PM2 disabled on Windows
2026-03-09 13:23 +05:30: 🔄 Enhanced System Monitor: Continuous monitoring started
2026-03-09 13:23 +05:30: ✅ Created activity_logs table
2026-03-09 13:23 +05:30: ✅ Created login_activities table
2026-03-09 13:23 +05:30: ✅ Created api_stats table
2026-03-09 13:23 +05:30: ✅ Tables Created
2026-03-09 13:23 +05:30: ✅ Pages Seeded
2026-03-09 13:23 +05:30: ℹ️ Super Admin Exists
2026-03-09 13:23 +05:30: ✅ Database Initialized
2026-03-09 13:23 +05:30: ✅ Database connected successfully
2026-03-09 13:23 +05:30: 🚀 Digital Checksheet Backend running on http://127.0.0.1:5000
2026-03-09 13:23 +05:30: 📊 Environment: development
2026-03-09 13:23 +05:30: 🔗 Health: http://127.0.0.1:5000/health
2026-03-09 13:23 +05:30: 📚 API: http://127.0.0.1:5000/api
2026-03-09 13:23 +05:30: [0mGET /api/system/memory [32m200[0m 51.170 ms - 299[0m
2026-03-09 13:23 +05:30: [0mGET /api/pages/my-pages-hierarchy?_t=1773042824545 [32m200[0m 93.237 ms - 591[0m
2026-03-09 13:23 +05:30: [0mGET /api/system/health [32m200[0m 74.889 ms - 269[0m
2026-03-09 13:23 +05:30: [0mGET /api/system/info [32m200[0m 95.864 ms - 504[0m
2026-03-09 13:23 +05:30: [0mGET /api/system/cpu [32m200[0m 52.582 ms - -[0m
2026-03-09 13:23 +05:30: [0mGET /api/system/performance [32m200[0m 94.045 ms - -[0m
2026-03-09 13:23 +05:30: [0mGET /api/system/processes [36m304[0m 19.093 ms - -[0m
2026-03-09 13:23 +05:30: [0mGET /api/system/network [32m200[0m 32.497 ms - 400[0m
2026-03-09 13:23 +05:30: [0mGET /api/system/process-stats [32m200[0m 31.917 ms - 814[0m
2026-03-09 13:23 +05:30: requireAssignedPages check for user: superadmin (ID: 1), roles: super_admin
2026-03-09 13:23 +05:30: Access granted: User is super admin
2026-03-09 13:23 +05:30: [0mGET /api/system/memory [32m200[0m 20.407 ms - 300[0m
2026-03-09 13:23 +05:30: [0mGET /api/system/health [32m200[0m 19.908 ms - 269[0m
2026-03-09 13:23 +05:30: [0mGET /api/system/info [32m200[0m 26.373 ms - 504[0m
2026-03-09 13:23 +05:30: [0mGET /api/pages/my-pages-hierarchy?_t=1773042824550 [32m200[0m 54.728 ms - 591[0m
2026-03-09 13:23 +05:30: [0mGET /api/system/processes [36m304[0m 38.218 ms - -[0m
2026-03-09 13:23 +05:30: [0mGET /api/system/cpu [32m200[0m 27.594 ms - -[0m
2026-03-09 13:23 +05:30: [0mGET /api/system/network [36m304[0m 48.928 ms - -[0m
2026-03-09 13:23 +05:30: [0mGET /api/system/performance [32m200[0m 41.208 ms - -[0m
2026-03-09 13:23 +05:30: [0mGET /api/system/process-stats [32m200[0m 10.327 ms - 814[0m
2026-03-09 13:23 +05:30: [0mGET /api/stats/dashboard [32m200[0m 182.936 ms - -[0m
2026-03-09 13:23 +05:30: requireAssignedPages check for user: superadmin (ID: 1), roles: super_admin
2026-03-09 13:23 +05:30: Access granted: User is super admin
2026-03-09 13:23 +05:30: [0mGET /api/stats/dashboard [32m200[0m 18.223 ms - -[0m
2026-03-09 13:23 +05:30: [0mGET /api/system/memory [32m200[0m 19.632 ms - 299[0m
2026-03-09 13:23 +05:30: [0mGET /api/system/cpu [32m200[0m 22.046 ms - -[0m
2026-03-09 13:23 +05:30: [0mGET /api/system/performance [32m200[0m 24.261 ms - -[0m
2026-03-09 13:24 +05:30: [0mGET /api/system/memory [32m200[0m 24.101 ms - 296[0m
2026-03-09 13:24 +05:30: [0mGET /api/system/info [32m200[0m 23.266 ms - 510[0m
2026-03-09 13:24 +05:30: [0mGET /api/system/processes [36m304[0m 23.007 ms - -[0m
2026-03-09 13:24 +05:30: [0mGET /api/system/performance [32m200[0m 26.103 ms - -[0m
2026-03-09 13:24 +05:30: [0mGET /api/system/cpu [32m200[0m 25.339 ms - -[0m
2026-03-09 13:24 +05:30: [0mGET /api/system/health [32m200[0m 7.503 ms - 269[0m
2026-03-09 13:24 +05:30: [0mGET /api/system/network [36m304[0m 13.089 ms - -[0m
2026-03-09 13:24 +05:30: [0mGET /api/system/process-stats [32m200[0m 13.009 ms - 815[0m
2026-03-09 13:24 +05:30: [0mGET /api/system/memory [32m200[0m 21.700 ms - 296[0m
2026-03-09 13:24 +05:30: [0mGET /api/system/performance [32m200[0m 25.365 ms - -[0m
2026-03-09 13:24 +05:30: [0mGET /api/system/cpu [32m200[0m 23.474 ms - -[0m
2026-03-09 13:24 +05:30: [0mGET /api/system/memory [32m200[0m 25.801 ms - 296[0m
2026-03-09 13:24 +05:30: [0mGET /api/system/info [32m200[0m 25.745 ms - 509[0m
2026-03-09 13:24 +05:30: [0mGET /api/system/processes [36m304[0m 25.016 ms - -[0m
2026-03-09 13:24 +05:30: [0mGET /api/system/performance [32m200[0m 29.746 ms - -[0m
2026-03-09 13:24 +05:30: [0mGET /api/system/cpu [32m200[0m 27.461 ms - -[0m
2026-03-09 13:24 +05:30: [0mGET /api/system/health [32m200[0m 8.488 ms - 376[0m
2026-03-09 13:24 +05:30: [0mGET /api/system/network [36m304[0m 15.197 ms - -[0m
2026-03-09 13:24 +05:30: [0mGET /api/system/process-stats [32m200[0m 13.571 ms - 815[0m
2026-03-09 13:24 +05:30: [0mGET /api/system/memory [32m200[0m 39.619 ms - 300[0m
2026-03-09 13:24 +05:30: [0mGET /api/system/cpu [32m200[0m 44.260 ms - -[0m
2026-03-09 13:24 +05:30: [0mGET /api/system/performance [32m200[0m 56.551 ms - -[0m
2026-03-09 13:25 +05:30: [0mGET /api/system/memory [32m200[0m 29.167 ms - 296[0m
2026-03-09 13:25 +05:30: [0mGET /api/system/info [32m200[0m 29.642 ms - 498[0m
2026-03-09 13:25 +05:30: [0mGET /api/system/processes [36m304[0m 29.080 ms - -[0m
2026-03-09 13:25 +05:30: [0mGET /api/system/health [32m200[0m 28.876 ms - 376[0m
2026-03-09 13:25 +05:30: [0mGET /api/system/cpu [32m200[0m 32.288 ms - -[0m
2026-03-09 13:25 +05:30: [0mGET /api/system/performance [32m200[0m 35.451 ms - -[0m
2026-03-09 13:25 +05:30: [0mGET /api/system/network [36m304[0m 12.168 ms - -[0m
2026-03-09 13:25 +05:30: [0mGET /api/system/process-stats [32m200[0m 10.597 ms - 815[0m
2026-03-09 13:25 +05:30: [0mGET /api/system/memory [32m200[0m 27.557 ms - 297[0m
2026-03-09 13:25 +05:30: [0mGET /api/system/cpu [32m200[0m 32.603 ms - -[0m
2026-03-09 13:25 +05:30: [0mGET /api/system/performance [32m200[0m 43.251 ms - -[0m
2026-03-09 13:25 +05:30: [0mGET /api/system/memory [32m200[0m 26.891 ms - 297[0m
2026-03-09 13:25 +05:30: [0mGET /api/system/info [32m200[0m 27.564 ms - 498[0m
2026-03-09 13:25 +05:30: [0mGET /api/system/processes [36m304[0m 26.373 ms - -[0m
2026-03-09 13:25 +05:30: [0mGET /api/system/cpu [32m200[0m 28.862 ms - -[0m
2026-03-09 13:25 +05:30: [0mGET /api/system/performance [32m200[0m 32.529 ms - -[0m
2026-03-09 13:25 +05:30: [0mGET /api/system/health [32m200[0m 11.652 ms - 376[0m
2026-03-09 13:25 +05:30: [0mGET /api/system/network [36m304[0m 15.043 ms - -[0m
2026-03-09 13:25 +05:30: [0mGET /api/system/process-stats [32m200[0m 12.177 ms - 816[0m
2026-03-09 13:25 +05:30: [0mGET /api/system/memory [32m200[0m 57.300 ms - 297[0m
2026-03-09 13:25 +05:30: [0mGET /api/system/cpu [32m200[0m 61.911 ms - -[0m
2026-03-09 13:25 +05:30: [0mGET /api/system/performance [32m200[0m 65.813 ms - -[0m
2026-03-09 13:26 +05:30: [0mGET /api/pages/my-pages-hierarchy?_t=1773042974556 [32m200[0m 69.070 ms - 591[0m
2026-03-09 13:26 +05:30: [0mGET /api/system/memory [32m200[0m 51.692 ms - 297[0m
2026-03-09 13:26 +05:30: [0mGET /api/system/info [32m200[0m 52.877 ms - 499[0m
2026-03-09 13:26 +05:30: [0mGET /api/system/processes [36m304[0m 14.263 ms - -[0m
2026-03-09 13:26 +05:30: [0mGET /api/system/cpu [32m200[0m 52.603 ms - -[0m
2026-03-09 13:26 +05:30: [0mGET /api/system/performance [32m200[0m 57.113 ms - -[0m
2026-03-09 13:26 +05:30: [0mGET /api/system/health [32m200[0m 15.236 ms - 376[0m
2026-03-09 13:26 +05:30: [0mGET /api/system/memory [32m200[0m 20.777 ms - 297[0m
2026-03-09 13:26 +05:30: [0mGET /api/system/info [32m200[0m 20.745 ms - 498[0m
2026-03-09 13:26 +05:30: [0mGET /api/system/network [36m304[0m 29.102 ms - -[0m
2026-03-09 13:26 +05:30: [0mGET /api/system/processes [36m304[0m 23.571 ms - -[0m
2026-03-09 13:26 +05:30: [0mGET /api/system/process-stats [32m200[0m 23.681 ms - 816[0m
2026-03-09 13:26 +05:30: requireAssignedPages check for user: superadmin (ID: 1), roles: super_admin
2026-03-09 13:26 +05:30: Access granted: User is super admin
2026-03-09 13:26 +05:30: [0mGET /api/system/health [32m200[0m 40.932 ms - 376[0m
2026-03-09 13:26 +05:30: [0mGET /api/system/network [36m304[0m 47.845 ms - -[0m
2026-03-09 13:26 +05:30: [0mGET /api/system/cpu [32m200[0m 23.102 ms - -[0m
2026-03-09 13:26 +05:30: [0mGET /api/system/performance [32m200[0m 41.689 ms - -[0m
2026-03-09 13:26 +05:30: [0mGET /api/pages/my-pages-hierarchy?_t=1773042974561 [32m200[0m 77.175 ms - 591[0m
2026-03-09 13:26 +05:30: [0mGET /api/system/process-stats [32m200[0m 11.252 ms - 816[0m
2026-03-09 13:26 +05:30: [0mGET /api/stats/dashboard [32m200[0m 85.657 ms - -[0m
2026-03-09 13:26 +05:30: requireAssignedPages check for user: superadmin (ID: 1), roles: super_admin
2026-03-09 13:26 +05:30: Access granted: User is super admin
2026-03-09 13:26 +05:30: [0mGET /api/stats/dashboard [32m200[0m 17.129 ms - -[0m
2026-03-09 13:26 +05:30: [0mGET /api/system/memory [32m200[0m 22.895 ms - 297[0m
2026-03-09 13:26 +05:30: [0mGET /api/system/cpu [32m200[0m 24.961 ms - -[0m
2026-03-09 13:26 +05:30: [0mGET /api/system/performance [32m200[0m 28.773 ms - -[0m
2026-03-09 13:26 +05:30: [0mGET /api/system/memory [32m200[0m 27.090 ms - 297[0m
2026-03-09 13:26 +05:30: [0mGET /api/system/info [32m200[0m 26.538 ms - 498[0m
2026-03-09 13:26 +05:30: [0mGET /api/system/cpu [32m200[0m 30.147 ms - -[0m
2026-03-09 13:26 +05:30: [0mGET /api/system/performance [32m200[0m 36.529 ms - -[0m
2026-03-09 13:26 +05:30: [0mGET /api/system/processes [36m304[0m 13.621 ms - -[0m
2026-03-09 13:26 +05:30: [0mGET /api/system/health [32m200[0m 12.793 ms - 376[0m
2026-03-09 13:26 +05:30: [0mGET /api/system/network [36m304[0m 16.645 ms - -[0m
2026-03-09 13:26 +05:30: [0mGET /api/system/process-stats [32m200[0m 15.225 ms - 816[0m
2026-03-09 13:26 +05:30: [0mGET /api/system/memory [32m200[0m 40.844 ms - 297[0m
2026-03-09 13:26 +05:30: [0mGET /api/system/cpu [32m200[0m 37.832 ms - -[0m
2026-03-09 13:26 +05:30: [0mGET /api/system/performance [32m200[0m 42.382 ms - -[0m
2026-03-09 13:27 +05:30: [0mGET /api/system/memory [32m200[0m 26.752 ms - 297[0m
2026-03-09 13:27 +05:30: [0mGET /api/system/info [32m200[0m 27.134 ms - 511[0m
2026-03-09 13:27 +05:30: [0mGET /api/system/processes [36m304[0m 28.683 ms - -[0m
2026-03-09 13:27 +05:30: [0mGET /api/system/health [32m200[0m 30.390 ms - 222[0m
2026-03-09 13:27 +05:30: [0mGET /api/system/cpu [32m200[0m 29.581 ms - -[0m
2026-03-09 13:27 +05:30: [0mGET /api/system/performance [32m200[0m 32.118 ms - -[0m
2026-03-09 13:27 +05:30: [0mGET /api/system/network [36m304[0m 14.348 ms - -[0m
2026-03-09 13:27 +05:30: [0mGET /api/system/process-stats [32m200[0m 13.956 ms - 816[0m
2026-03-09 13:27 +05:30: [0mGET /api/system/memory [32m200[0m 26.331 ms - 297[0m
2026-03-09 13:27 +05:30: [0mGET /api/system/cpu [32m200[0m 30.423 ms - -[0m
2026-03-09 13:27 +05:30: [0mGET /api/system/performance [32m200[0m 33.648 ms - -[0m
2026-03-09 13:27 +05:30: [0mGET /api/system/memory [32m200[0m 24.235 ms - 297[0m
2026-03-09 13:27 +05:30: [0mGET /api/system/cpu [32m200[0m 24.497 ms - -[0m
2026-03-09 13:27 +05:30: [0mGET /api/system/performance [32m200[0m 27.381 ms - -[0m
2026-03-09 13:27 +05:30: [0mGET /api/system/info [32m200[0m 10.587 ms - 498[0m
2026-03-09 13:27 +05:30: [0mGET /api/system/processes [36m304[0m 10.627 ms - -[0m
2026-03-09 13:27 +05:30: [0mGET /api/system/health [32m200[0m 9.489 ms - 222[0m
2026-03-09 13:27 +05:30: [0mGET /api/system/network [36m304[0m 13.610 ms - -[0m
2026-03-09 13:27 +05:30: [0mGET /api/system/process-stats [32m200[0m 12.413 ms - 816[0m
2026-03-09 13:27 +05:30: [0mGET /api/system/memory [32m200[0m 18.647 ms - 297[0m
2026-03-09 13:27 +05:30: [0mGET /api/system/cpu [32m200[0m 19.491 ms - -[0m
2026-03-09 13:27 +05:30: [0mGET /api/system/performance [32m200[0m 19.974 ms - -[0m
2026-03-09 13:28 +05:30: [0mGET /api/system/memory [32m200[0m 26.715 ms - 297[0m
2026-03-09 13:28 +05:30: [0mGET /api/system/info [32m200[0m 26.403 ms - 499[0m
2026-03-09 13:28 +05:30: [0mGET /api/system/cpu [32m200[0m 29.424 ms - -[0m
2026-03-09 13:28 +05:30: [0mGET /api/system/performance [32m200[0m 31.606 ms - -[0m
2026-03-09 13:28 +05:30: [0mGET /api/system/processes [36m304[0m 10.308 ms - -[0m
2026-03-09 13:28 +05:30: [0mGET /api/system/health [32m200[0m 8.185 ms - 222[0m
2026-03-09 13:28 +05:30: [0mGET /api/system/network [36m304[0m 14.490 ms - -[0m
2026-03-09 13:28 +05:30: [0mGET /api/system/process-stats [32m200[0m 12.844 ms - 816[0m
2026-03-09 13:28 +05:30: [0mGET /api/system/memory [32m200[0m 22.843 ms - 297[0m
2026-03-09 13:28 +05:30: [0mGET /api/system/cpu [32m200[0m 26.355 ms - -[0m
2026-03-09 13:28 +05:30: [0mGET /api/system/performance [32m200[0m 27.977 ms - -[0m
2026-03-09 13:28 +05:30: [0mGET /api/system/memory [32m200[0m 26.781 ms - 298[0m
2026-03-09 13:28 +05:30: [0mGET /api/system/processes [36m304[0m 25.001 ms - -[0m
2026-03-09 13:28 +05:30: [0mGET /api/system/info [32m200[0m 25.960 ms - 510[0m
2026-03-09 13:28 +05:30: [0mGET /api/system/cpu [32m200[0m 29.659 ms - -[0m
2026-03-09 13:28 +05:30: [0mGET /api/system/performance [32m200[0m 32.190 ms - -[0m
2026-03-09 13:28 +05:30: [0mGET /api/system/health [32m200[0m 7.118 ms - 222[0m
2026-03-09 13:28 +05:30: [0mGET /api/system/network [36m304[0m 14.158 ms - -[0m
2026-03-09 13:28 +05:30: [0mGET /api/system/process-stats [32m200[0m 13.612 ms - 816[0m
2026-03-09 13:28 +05:30: [0mGET /api/system/memory [32m200[0m 33.827 ms - 297[0m
2026-03-09 13:28 +05:30: [0mGET /api/system/cpu [32m200[0m 35.902 ms - -[0m
2026-03-09 13:28 +05:30: [0mGET /api/system/performance [32m200[0m 40.297 ms - -[0m
2026-03-09 13:29 +05:30: [0mGET /api/system/memory [32m200[0m 28.229 ms - 297[0m
2026-03-09 13:29 +05:30: [0mGET /api/system/info [32m200[0m 27.219 ms - 510[0m
2026-03-09 13:29 +05:30: [0mGET /api/system/cpu [32m200[0m 29.727 ms - -[0m
2026-03-09 13:29 +05:30: [0mGET /api/system/performance [32m200[0m 32.151 ms - -[0m
2026-03-09 13:29 +05:30: [0mGET /api/system/processes [36m304[0m 8.537 ms - -[0m
2026-03-09 13:29 +05:30: [0mGET /api/system/health [32m200[0m 7.390 ms - 114[0m
2026-03-09 13:29 +05:30: [0mGET /api/system/network [36m304[0m 13.748 ms - -[0m
2026-03-09 13:29 +05:30: [0mGET /api/system/process-stats [32m200[0m 12.598 ms - 814[0m
2026-03-09 13:29 +05:30: [0mGET /api/system/memory [32m200[0m 36.899 ms - 297[0m
2026-03-09 13:29 +05:30: [0mGET /api/system/cpu [32m200[0m 43.796 ms - -[0m
2026-03-09 13:29 +05:30: [0mGET /api/system/performance [32m200[0m 52.640 ms - -[0m
2026-03-09 13:29 +05:30: [0mGET /api/system/memory [32m200[0m 28.979 ms - 297[0m
2026-03-09 13:29 +05:30: [0mGET /api/system/info [32m200[0m 28.116 ms - 523[0m
2026-03-09 13:29 +05:30: [0mGET /api/system/processes [36m304[0m 25.194 ms - -[0m
2026-03-09 13:29 +05:30: [0mGET /api/system/cpu [32m200[0m 31.274 ms - -[0m
2026-03-09 13:29 +05:30: [0mGET /api/system/performance [32m200[0m 34.191 ms - -[0m
2026-03-09 13:29 +05:30: [0mGET /api/system/health [32m200[0m 8.763 ms - 114[0m
2026-03-09 13:29 +05:30: [0mGET /api/system/network [36m304[0m 16.445 ms - -[0m
2026-03-09 13:29 +05:30: [0mGET /api/system/process-stats [32m200[0m 10.095 ms - 815[0m
2026-03-09 13:29 +05:30: [0mGET /api/system/memory [32m200[0m 24.908 ms - 297[0m
2026-03-09 13:29 +05:30: [0mGET /api/system/cpu [32m200[0m 26.221 ms - -[0m
2026-03-09 13:29 +05:30: [0mGET /api/system/performance [32m200[0m 27.744 ms - -[0m
2026-03-09 13:30 +05:30: [0mGET /api/system/memory [32m200[0m 28.900 ms - 297[0m
2026-03-09 13:30 +05:30: [0mGET /api/system/info [32m200[0m 28.010 ms - 499[0m
2026-03-09 13:30 +05:30: [0mGET /api/system/processes [36m304[0m 26.294 ms - -[0m
2026-03-09 13:30 +05:30: [0mGET /api/system/cpu [32m200[0m 31.143 ms - -[0m
2026-03-09 13:30 +05:30: [0mGET /api/system/performance [32m200[0m 34.971 ms - -[0m
2026-03-09 13:30 +05:30: [0mGET /api/system/health [32m200[0m 7.873 ms - 114[0m
2026-03-09 13:30 +05:30: [0mGET /api/system/network [36m304[0m 15.220 ms - -[0m
2026-03-09 13:30 +05:30: [0mGET /api/system/process-stats [32m200[0m 13.191 ms - 816[0m
2026-03-09 13:30 +05:30: [0mGET /api/system/memory [32m200[0m 30.056 ms - 297[0m
2026-03-09 13:30 +05:30: [0mGET /api/system/cpu [32m200[0m 31.962 ms - -[0m
2026-03-09 13:30 +05:30: [0mGET /api/system/performance [32m200[0m 33.961 ms - -[0m
2026-03-09 13:30 +05:30: [0mGET /api/system/memory [32m200[0m 41.345 ms - 297[0m
2026-03-09 13:30 +05:30: [0mGET /api/system/info [32m200[0m 42.808 ms - 523[0m
2026-03-09 13:30 +05:30: [0mGET /api/system/processes [36m304[0m 43.085 ms - -[0m
2026-03-09 13:30 +05:30: [0mGET /api/system/health [32m200[0m 37.999 ms - 114[0m
2026-03-09 13:30 +05:30: [0mGET /api/system/cpu [32m200[0m 43.695 ms - -[0m
2026-03-09 13:30 +05:30: [0mGET /api/system/performance [32m200[0m 48.645 ms - -[0m
2026-03-09 13:30 +05:30: [0mGET /api/system/network [36m304[0m 17.103 ms - -[0m
2026-03-09 13:30 +05:30: [0mGET /api/system/process-stats [32m200[0m 14.861 ms - 816[0m
2026-03-09 13:30 +05:30: [0mGET /api/system/memory [32m200[0m 54.723 ms - 297[0m
2026-03-09 13:30 +05:30: [0mGET /api/system/cpu [32m200[0m 57.793 ms - -[0m
2026-03-09 13:30 +05:30: [0mGET /api/system/performance [32m200[0m 64.823 ms - -[0m
2026-03-09 13:31 +05:30: [0mGET /api/system/memory [32m200[0m 28.342 ms - 297[0m
2026-03-09 13:31 +05:30: [0mGET /api/system/cpu [32m200[0m 30.917 ms - -[0m
2026-03-09 13:31 +05:30: [0mGET /api/system/performance [32m200[0m 35.447 ms - -[0m
2026-03-09 13:31 +05:30: [0mGET /api/system/info [32m200[0m 6.498 ms - 524[0m
2026-03-09 13:31 +05:30: [0mGET /api/system/processes [36m304[0m 9.366 ms - -[0m
2026-03-09 13:31 +05:30: [0mGET /api/system/health [32m200[0m 8.608 ms - 114[0m
2026-03-09 13:31 +05:30: [0mGET /api/system/network [36m304[0m 13.864 ms - -[0m
2026-03-09 13:31 +05:30: [0mGET /api/system/process-stats [32m200[0m 12.704 ms - 816[0m
2026-03-09 13:31 +05:30: [0mGET /api/system/memory [32m200[0m 29.652 ms - 297[0m
2026-03-09 13:31 +05:30: [0mGET /api/system/cpu [32m200[0m 31.057 ms - -[0m
2026-03-09 13:31 +05:30: [0mGET /api/system/performance [32m200[0m 32.646 ms - -[0m
2026-03-09 13:31 +05:30: [0mGET /api/system/memory [32m200[0m 26.298 ms - 297[0m
2026-03-09 13:31 +05:30: [0mGET /api/system/info [32m200[0m 25.495 ms - 508[0m
2026-03-09 13:31 +05:30: [0mGET /api/system/processes [36m304[0m 24.816 ms - -[0m
2026-03-09 13:31 +05:30: [0mGET /api/system/health [32m200[0m 24.610 ms - 114[0m
2026-03-09 13:31 +05:30: [0mGET /api/system/cpu [32m200[0m 28.178 ms - -[0m
2026-03-09 13:31 +05:30: [0mGET /api/system/performance [32m200[0m 29.950 ms - -[0m
2026-03-09 13:31 +05:30: [0mGET /api/system/network [36m304[0m 11.019 ms - -[0m
2026-03-09 13:31 +05:30: [0mGET /api/system/process-stats [32m200[0m 10.450 ms - 816[0m
2026-03-09 13:31 +05:30: [0mGET /api/system/memory [32m200[0m 51.121 ms - 297[0m
2026-03-09 13:31 +05:30: [0mGET /api/system/cpu [32m200[0m 53.687 ms - -[0m
2026-03-09 13:31 +05:30: [0mGET /api/system/performance [32m200[0m 55.821 ms - -[0m
2026-03-09 13:32 +05:30: [0mGET /api/system/memory [32m200[0m 31.332 ms - 297[0m
2026-03-09 13:32 +05:30: [0mGET /api/system/info [32m200[0m 30.411 ms - 524[0m
2026-03-09 13:32 +05:30: [0mGET /api/system/processes [36m304[0m 8.138 ms - -[0m
2026-03-09 13:32 +05:30: [0mGET /api/system/health [32m200[0m 8.348 ms - 114[0m
2026-03-09 13:32 +05:30: [0mGET /api/system/cpu [32m200[0m 33.257 ms - -[0m
2026-03-09 13:32 +05:30: [0mGET /api/system/performance [32m200[0m 33.239 ms - -[0m
2026-03-09 13:32 +05:30: [0mGET /api/system/network [36m304[0m 12.085 ms - -[0m
2026-03-09 13:32 +05:30: [0mGET /api/system/process-stats [32m200[0m 11.119 ms - 816[0m
2026-03-09 13:32 +05:30: [0mGET /api/system/memory [32m200[0m 28.172 ms - 297[0m
2026-03-09 13:32 +05:30: [0mGET /api/system/cpu [32m200[0m 29.699 ms - -[0m
2026-03-09 13:32 +05:30: [0mGET /api/system/performance [32m200[0m 30.860 ms - -[0m
2026-03-09 13:32 +05:30: [0mGET /api/system/memory [32m200[0m 46.130 ms - 297[0m
2026-03-09 13:32 +05:30: [0mGET /api/system/info [32m200[0m 11.346 ms - 509[0m
2026-03-09 13:32 +05:30: [0mGET /api/system/cpu [32m200[0m 47.311 ms - -[0m
2026-03-09 13:32 +05:30: [0mGET /api/system/performance [32m200[0m 43.944 ms - -[0m
2026-03-09 13:32 +05:30: [0mGET /api/system/processes [36m304[0m 10.456 ms - -[0m
2026-03-09 13:32 +05:30: [0mGET /api/system/health [32m200[0m 14.149 ms - 114[0m
2026-03-09 13:32 +05:30: [0mGET /api/system/network [36m304[0m 21.306 ms - -[0m
2026-03-09 13:32 +05:30: [0mGET /api/system/process-stats [32m200[0m 18.758 ms - 816[0m
2026-03-09 13:32 +05:30: [0mGET /api/system/memory [32m200[0m 34.258 ms - 297[0m
2026-03-09 13:32 +05:30: [0mGET /api/system/cpu [32m200[0m 35.303 ms - -[0m
2026-03-09 13:32 +05:30: [0mGET /api/system/performance [32m200[0m 34.957 ms - -[0m
2026-03-09 13:33 +05:30: [0mGET /api/system/processes [36m304[0m 24.551 ms - -[0m
2026-03-09 13:33 +05:30: [0mGET /api/system/memory [32m200[0m 23.133 ms - 297[0m
2026-03-09 13:33 +05:30: [0mGET /api/system/info [32m200[0m 23.015 ms - 524[0m
2026-03-09 13:33 +05:30: [0mGET /api/system/cpu [32m200[0m 26.601 ms - -[0m
2026-03-09 13:33 +05:30: [0mGET /api/system/performance [32m200[0m 28.580 ms - -[0m
2026-03-09 13:33 +05:30: [0mGET /api/system/health [32m200[0m 8.044 ms - 222[0m
2026-03-09 13:33 +05:30: [0mGET /api/system/network [36m304[0m 14.569 ms - -[0m
2026-03-09 13:33 +05:30: [0mGET /api/system/process-stats [32m200[0m 12.759 ms - 816[0m
2026-03-09 13:33 +05:30: [0mGET /api/system/memory [32m200[0m 20.319 ms - 297[0m
2026-03-09 13:33 +05:30: [0mGET /api/system/cpu [32m200[0m 21.564 ms - -[0m
2026-03-09 13:33 +05:30: [0mGET /api/system/performance [32m200[0m 23.004 ms - -[0m
2026-03-09 13:33 +05:30: [0mGET /api/system/memory [32m200[0m 35.721 ms - 297[0m
2026-03-09 13:33 +05:30: [0mGET /api/system/info [32m200[0m 36.173 ms - 524[0m
2026-03-09 13:33 +05:30: [0mGET /api/system/processes [36m304[0m 36.188 ms - -[0m
2026-03-09 13:33 +05:30: [0mGET /api/system/health [32m200[0m 37.011 ms - 222[0m
2026-03-09 13:33 +05:30: [0mGET /api/system/cpu [32m200[0m 37.109 ms - -[0m
2026-03-09 13:33 +05:30: [0mGET /api/system/performance [32m200[0m 39.120 ms - -[0m
2026-03-09 13:33 +05:30: [0mGET /api/system/network [36m304[0m 14.047 ms - -[0m
2026-03-09 13:33 +05:30: [0mGET /api/system/process-stats [32m200[0m 12.584 ms - 816[0m
2026-03-09 13:33 +05:30: [0mGET /api/system/memory [32m200[0m 36.919 ms - 297[0m
2026-03-09 13:33 +05:30: [0mGET /api/system/cpu [32m200[0m 8.233 ms - -[0m
2026-03-09 13:33 +05:30: [0mGET /api/system/performance [32m200[0m 38.405 ms - -[0m
2026-03-09 13:34 +05:30: [0mGET /api/system/memory [32m200[0m 24.953 ms - 298[0m
2026-03-09 13:34 +05:30: [0mGET /api/system/info [32m200[0m 24.684 ms - 512[0m
2026-03-09 13:34 +05:30: [0mGET /api/system/processes [36m304[0m 24.965 ms - -[0m
2026-03-09 13:34 +05:30: [0mGET /api/system/cpu [32m200[0m 26.928 ms - -[0m
2026-03-09 13:34 +05:30: [0mGET /api/system/performance [32m200[0m 30.170 ms - -[0m
2026-03-09 13:34 +05:30: [0mGET /api/system/health [32m200[0m 6.755 ms - 222[0m
2026-03-09 13:34 +05:30: [0mGET /api/system/network [36m304[0m 15.451 ms - -[0m
2026-03-09 13:34 +05:30: [0mGET /api/system/process-stats [32m200[0m 12.620 ms - 816[0m
2026-03-09 13:34 +05:30: [0mGET /api/system/memory [32m200[0m 20.480 ms - 298[0m
2026-03-09 13:34 +05:30: [0mGET /api/system/cpu [32m200[0m 21.873 ms - -[0m
2026-03-09 13:34 +05:30: [0mGET /api/system/performance [32m200[0m 23.594 ms - -[0m
2026-03-09 13:34 +05:30: [0mGET /api/system/memory [32m200[0m 32.840 ms - 297[0m
2026-03-09 13:34 +05:30: [0mGET /api/system/info [32m200[0m 32.877 ms - 523[0m
2026-03-09 13:34 +05:30: [0mGET /api/system/processes [36m304[0m 31.856 ms - -[0m
2026-03-09 13:34 +05:30: [0mGET /api/system/cpu [32m200[0m 36.512 ms - -[0m
2026-03-09 13:34 +05:30: [0mGET /api/system/performance [32m200[0m 42.155 ms - -[0m
2026-03-09 13:34 +05:30: [0mGET /api/system/health [32m200[0m 9.174 ms - 269[0m
2026-03-09 13:34 +05:30: [0mGET /api/system/network [36m304[0m 17.801 ms - -[0m
2026-03-09 13:34 +05:30: [0mGET /api/system/process-stats [32m200[0m 15.695 ms - 816[0m
2026-03-09 13:34 +05:30: ⚠️ PM2 disabled on Windows
2026-03-09 13:34 +05:30: 🔄 Enhanced System Monitor: Continuous monitoring started
2026-03-09 13:34 +05:30: ✅ Created activity_logs table
2026-03-09 13:34 +05:30: ✅ Created login_activities table
2026-03-09 13:34 +05:30: ✅ Created api_stats table
2026-03-09 13:34 +05:30: ✅ Tables Created
2026-03-09 13:34 +05:30: ✅ Pages Seeded
2026-03-09 13:34 +05:30: ℹ️ Super Admin Exists
2026-03-09 13:34 +05:30: ✅ Database Initialized
2026-03-09 13:34 +05:30: ✅ Database connected successfully
2026-03-09 13:34 +05:30: 🚀 Digital Checksheet Backend running on http://127.0.0.1:5000
2026-03-09 13:34 +05:30: 📊 Environment: development
2026-03-09 13:34 +05:30: 🔗 Health: http://127.0.0.1:5000/health
2026-03-09 13:34 +05:30: 📚 API: http://127.0.0.1:5000/api
2026-03-09 13:34 +05:30: [0mGET /api/pages/my-pages-hierarchy?_t=1773043495838 [32m200[0m 61.818 ms - 591[0m
2026-03-09 13:34 +05:30: [0mGET /api/system/health [32m200[0m 50.773 ms - 269[0m
2026-03-09 13:34 +05:30: [0mGET /api/system/info [32m200[0m 53.884 ms - 508[0m
2026-03-09 13:34 +05:30: [0mGET /api/system/memory [32m200[0m 93.984 ms - 297[0m
2026-03-09 13:34 +05:30: [0mGET /api/system/processes [36m304[0m 14.970 ms - -[0m
2026-03-09 13:34 +05:30: [0mGET /api/system/network [36m304[0m 23.839 ms - -[0m
2026-03-09 13:34 +05:30: [0mGET /api/system/cpu [32m200[0m 54.216 ms - -[0m
2026-03-09 13:34 +05:30: [0mGET /api/system/performance [32m200[0m 103.623 ms - -[0m
2026-03-09 13:34 +05:30: [0mGET /api/system/process-stats [32m200[0m 14.469 ms - 813[0m
2026-03-09 13:34 +05:30: requireAssignedPages check for user: superadmin (ID: 1), roles: super_admin
2026-03-09 13:34 +05:30: Access granted: User is super admin
2026-03-09 13:34 +05:30: [0mGET /api/system/health [32m200[0m 20.880 ms - 269[0m
2026-03-09 13:34 +05:30: [0mGET /api/system/info [32m200[0m 22.909 ms - 508[0m
2026-03-09 13:34 +05:30: [0mGET /api/system/memory [32m200[0m 23.127 ms - 297[0m
2026-03-09 13:34 +05:30: [0mGET /api/pages/my-pages-hierarchy?_t=1773043495843 [32m200[0m 64.603 ms - 591[0m
2026-03-09 13:34 +05:30: [0mGET /api/system/processes [36m304[0m 34.952 ms - -[0m
2026-03-09 13:34 +05:30: [0mGET /api/system/network [36m304[0m 35.707 ms - -[0m
2026-03-09 13:34 +05:30: [0mGET /api/system/process-stats [32m200[0m 50.861 ms - 813[0m
2026-03-09 13:34 +05:30: [0mGET /api/system/cpu [32m200[0m 34.801 ms - -[0m
2026-03-09 13:34 +05:30: [0mGET /api/system/performance [32m200[0m 60.567 ms - -[0m
2026-03-09 13:34 +05:30: [0mGET /api/stats/dashboard [32m200[0m 144.212 ms - -[0m
2026-03-09 13:34 +05:30: requireAssignedPages check for user: superadmin (ID: 1), roles: super_admin
2026-03-09 13:34 +05:30: Access granted: User is super admin
2026-03-09 13:34 +05:30: [0mGET /api/stats/dashboard [32m200[0m 20.818 ms - -[0m
2026-03-09 13:35 +05:30: [0mGET /api/system/memory [32m200[0m 34.115 ms - 296[0m
2026-03-09 13:35 +05:30: [0mGET /api/system/performance [32m200[0m 38.636 ms - -[0m
2026-03-09 13:35 +05:30: [0mGET /api/system/cpu [32m200[0m 36.273 ms - -[0m
2026-03-09 13:35 +05:30: [0mGET /api/system/memory [32m200[0m 27.426 ms - 297[0m
2026-03-09 13:35 +05:30: [0mGET /api/system/info [32m200[0m 10.596 ms - 498[0m
2026-03-09 13:35 +05:30: [0mGET /api/system/processes [36m304[0m 8.280 ms - -[0m
2026-03-09 13:35 +05:30: [0mGET /api/system/performance [32m200[0m 28.076 ms - -[0m
2026-03-09 13:35 +05:30: [0mGET /api/system/cpu [32m200[0m 26.517 ms - -[0m
2026-03-09 13:35 +05:30: [0mGET /api/system/health [32m200[0m 8.577 ms - 376[0m
2026-03-09 13:35 +05:30: [0mGET /api/system/network [36m304[0m 18.092 ms - -[0m
2026-03-09 13:35 +05:30: [0mGET /api/system/process-stats [32m200[0m 18.653 ms - 814[0m
2026-03-09 13:35 +05:30: [0mGET /api/system/memory [32m200[0m 19.015 ms - 297[0m
2026-03-09 13:35 +05:30: [0mGET /api/system/cpu [32m200[0m 19.999 ms - -[0m
2026-03-09 13:35 +05:30: [0mGET /api/system/performance [32m200[0m 21.220 ms - -[0m
2026-03-09 13:35 +05:30: [0mGET /api/system/memory [32m200[0m 28.321 ms - 297[0m
2026-03-09 13:35 +05:30: [0mGET /api/system/info [32m200[0m 27.882 ms - 508[0m
2026-03-09 13:35 +05:30: [0mGET /api/system/processes [36m304[0m 24.832 ms - -[0m
2026-03-09 13:35 +05:30: [0mGET /api/system/performance [32m200[0m 32.250 ms - -[0m
2026-03-09 13:35 +05:30: [0mGET /api/system/cpu [32m200[0m 29.889 ms - -[0m
2026-03-09 13:35 +05:30: [0mGET /api/system/health [32m200[0m 9.561 ms - 376[0m
2026-03-09 13:35 +05:30: [0mGET /api/system/network [36m304[0m 14.803 ms - -[0m
2026-03-09 13:35 +05:30: [0mGET /api/system/process-stats [32m200[0m 12.058 ms - 814[0m
2026-03-09 13:36 +05:30: [0mGET /api/system/memory [32m200[0m 25.152 ms - 297[0m
2026-03-09 13:36 +05:30: [0mGET /api/system/cpu [32m200[0m 29.166 ms - -[0m
2026-03-09 13:36 +05:30: [0mGET /api/system/performance [32m200[0m 30.194 ms - -[0m
2026-03-09 13:36 +05:30: [0mGET /api/system/memory [32m200[0m 27.525 ms - 297[0m
2026-03-09 13:36 +05:30: [0mGET /api/system/info [32m200[0m 27.885 ms - 510[0m
2026-03-09 13:36 +05:30: [0mGET /api/system/processes [36m304[0m 25.867 ms - -[0m
2026-03-09 13:36 +05:30: [0mGET /api/system/cpu [32m200[0m 30.361 ms - -[0m
2026-03-09 13:36 +05:30: [0mGET /api/system/performance [32m200[0m 32.579 ms - -[0m
2026-03-09 13:36 +05:30: [0mGET /api/system/health [32m200[0m 10.345 ms - 222[0m
2026-03-09 13:36 +05:30: [0mGET /api/system/network [36m304[0m 13.552 ms - -[0m
2026-03-09 13:36 +05:30: [0mGET /api/system/process-stats [32m200[0m 14.079 ms - 814[0m
2026-03-09 13:36 +05:30: [0mGET /api/system/memory [32m200[0m 18.223 ms - 297[0m
2026-03-09 13:36 +05:30: [0mGET /api/system/cpu [32m200[0m 19.264 ms - -[0m
2026-03-09 13:36 +05:30: [0mGET /api/system/performance [32m200[0m 20.090 ms - -[0m
2026-03-09 13:36 +05:30: [0mGET /api/system/memory [32m200[0m 32.207 ms - 297[0m
2026-03-09 13:36 +05:30: [0mGET /api/system/info [32m200[0m 31.701 ms - 497[0m
2026-03-09 13:36 +05:30: [0mGET /api/system/processes [36m304[0m 32.314 ms - -[0m
2026-03-09 13:36 +05:30: [0mGET /api/system/health [32m200[0m 33.319 ms - 222[0m
2026-03-09 13:36 +05:30: [0mGET /api/system/cpu [32m200[0m 34.394 ms - -[0m
2026-03-09 13:36 +05:30: [0mGET /api/system/performance [32m200[0m 36.210 ms - -[0m
2026-03-09 13:36 +05:30: [0mGET /api/system/network [36m304[0m 14.917 ms - -[0m
2026-03-09 13:36 +05:30: [0mGET /api/system/process-stats [32m200[0m 13.633 ms - 815[0m
2026-03-09 13:37 +05:30: [0mGET /api/system/memory [32m200[0m 27.454 ms - 297[0m
2026-03-09 13:37 +05:30: [0mGET /api/system/cpu [32m200[0m 29.912 ms - -[0m
2026-03-09 13:37 +05:30: [0mGET /api/system/performance [32m200[0m 31.512 ms - -[0m
2026-03-09 13:37 +05:30: [0mGET /api/system/memory [32m200[0m 11.643 ms - 297[0m
2026-03-09 13:37 +05:30: [0mGET /api/system/performance [32m200[0m 24.864 ms - -[0m
2026-03-09 13:37 +05:30: [0mGET /api/system/info [32m200[0m 12.479 ms - 511[0m
2026-03-09 13:37 +05:30: [0mGET /api/system/processes [36m304[0m 11.175 ms - -[0m
2026-03-09 13:37 +05:30: [0mGET /api/system/cpu [32m200[0m 12.638 ms - -[0m
2026-03-09 13:37 +05:30: [0mGET /api/system/health [32m200[0m 10.169 ms - 376[0m
2026-03-09 13:37 +05:30: [0mGET /api/system/network [36m304[0m 14.221 ms - -[0m
2026-03-09 13:37 +05:30: [0mGET /api/system/process-stats [32m200[0m 14.304 ms - 815[0m
2026-03-09 13:37 +05:30: [0mGET /api/system/memory [32m200[0m 21.433 ms - 297[0m
2026-03-09 13:37 +05:30: [0mGET /api/system/cpu [32m200[0m 23.253 ms - -[0m
2026-03-09 13:37 +05:30: [0mGET /api/system/performance [32m200[0m 27.087 ms - -[0m
2026-03-09 13:37 +05:30: [0mGET /api/system/performance [32m200[0m 56.194 ms - -[0m
2026-03-09 13:37 +05:30: [0mGET /api/system/memory [32m200[0m 14.221 ms - 296[0m
2026-03-09 13:37 +05:30: [0mGET /api/system/info [32m200[0m 25.585 ms - 521[0m
2026-03-09 13:37 +05:30: [0mGET /api/system/processes [36m304[0m 33.129 ms - -[0m
2026-03-09 13:37 +05:30: [0mGET /api/system/cpu [32m200[0m 17.570 ms - -[0m
2026-03-09 13:37 +05:30: [0mGET /api/system/health [32m200[0m 33.262 ms - 376[0m
2026-03-09 13:37 +05:30: [0mGET /api/system/network [36m304[0m 37.593 ms - -[0m
2026-03-09 13:37 +05:30: [0mGET /api/system/process-stats [32m200[0m 7.481 ms - 815[0m
2026-03-09 13:38 +05:30: [0mGET /api/system/memory [32m200[0m 29.990 ms - 297[0m
2026-03-09 13:38 +05:30: [0mGET /api/system/cpu [32m200[0m 33.738 ms - -[0m
2026-03-09 13:38 +05:30: [0mGET /api/system/performance [32m200[0m 37.667 ms - -[0m
2026-03-09 13:38 +05:30: [0mGET /api/system/memory [32m200[0m 35.976 ms - 297[0m
2026-03-09 13:38 +05:30: [0mGET /api/system/cpu [32m200[0m 36.887 ms - -[0m
2026-03-09 13:38 +05:30: [0mGET /api/system/performance [32m200[0m 36.554 ms - -[0m
2026-03-09 13:38 +05:30: [0mGET /api/system/info [32m200[0m 25.751 ms - 497[0m
2026-03-09 13:38 +05:30: [0mGET /api/system/processes [36m304[0m 25.154 ms - -[0m
2026-03-09 13:38 +05:30: [0mGET /api/system/health [32m200[0m 20.104 ms - 222[0m
2026-03-09 13:38 +05:30: [0mGET /api/system/network [36m304[0m 31.407 ms - -[0m
2026-03-09 13:38 +05:30: [0mGET /api/system/process-stats [32m200[0m 29.027 ms - 815[0m
2026-03-09 13:38 +05:30: [0mGET /api/system/memory [32m200[0m 25.732 ms - 297[0m
2026-03-09 13:38 +05:30: [0mGET /api/system/cpu [32m200[0m 28.312 ms - -[0m
2026-03-09 13:38 +05:30: [0mGET /api/system/performance [32m200[0m 30.938 ms - -[0m
2026-03-09 13:38 +05:30: [0mGET /api/system/memory [32m200[0m 6.935 ms - 297[0m
2026-03-09 13:38 +05:30: [0mGET /api/system/info [32m200[0m 7.899 ms - 510[0m
2026-03-09 13:38 +05:30: [0mGET /api/system/processes [36m304[0m 7.755 ms - -[0m
2026-03-09 13:38 +05:30: [0mGET /api/system/performance [32m200[0m 20.835 ms - -[0m
2026-03-09 13:38 +05:30: [0mGET /api/system/cpu [32m200[0m 7.662 ms - -[0m
2026-03-09 13:38 +05:30: [0mGET /api/system/health [32m200[0m 9.632 ms - 376[0m
2026-03-09 13:38 +05:30: [0mGET /api/system/network [36m304[0m 16.423 ms - -[0m
2026-03-09 13:38 +05:30: [0mGET /api/system/process-stats [32m200[0m 14.655 ms - 815[0m
2026-03-09 13:39 +05:30: [0mGET /api/system/memory [32m200[0m 25.730 ms - 297[0m
2026-03-09 13:39 +05:30: [0mGET /api/system/cpu [32m200[0m 71.455 ms - -[0m
2026-03-09 13:39 +05:30: [0mGET /api/system/performance [32m200[0m 55.400 ms - -[0m
2026-03-09 13:39 +05:30: [0mGET /api/system/memory [32m200[0m 24.639 ms - 297[0m
2026-03-09 13:39 +05:30: [0mGET /api/system/info [32m200[0m 26.418 ms - 511[0m
2026-03-09 13:39 +05:30: [0mGET /api/system/processes [36m304[0m 10.478 ms - -[0m
2026-03-09 13:39 +05:30: [0mGET /api/system/cpu [32m200[0m 26.891 ms - -[0m
2026-03-09 13:39 +05:30: [0mGET /api/system/performance [32m200[0m 29.506 ms - -[0m
2026-03-09 13:39 +05:30: [0mGET /api/system/health [32m200[0m 11.472 ms - 376[0m
2026-03-09 13:39 +05:30: [0mGET /api/system/network [36m304[0m 17.064 ms - -[0m
2026-03-09 13:39 +05:30: [0mGET /api/system/process-stats [32m200[0m 15.921 ms - 815[0m
2026-03-09 13:39 +05:30: [0mGET /api/system/memory [32m200[0m 6.452 ms - 300[0m
2026-03-09 13:39 +05:30: [0mGET /api/system/cpu [32m200[0m 37.891 ms - -[0m
2026-03-09 13:39 +05:30: [0mGET /api/system/performance [32m200[0m 38.870 ms - -[0m
2026-03-09 13:39 +05:30: [0mGET /api/system/memory [32m200[0m 37.785 ms - 300[0m
2026-03-09 13:39 +05:30: [0mGET /api/system/info [32m200[0m 38.656 ms - 506[0m
2026-03-09 13:39 +05:30: [0mGET /api/system/processes [36m304[0m 12.440 ms - -[0m
2026-03-09 13:39 +05:30: [0mGET /api/system/cpu [32m200[0m 38.058 ms - -[0m
2026-03-09 13:39 +05:30: [0mGET /api/system/performance [32m200[0m 37.543 ms - -[0m
2026-03-09 13:39 +05:30: [0mGET /api/system/health [32m200[0m 12.548 ms - 376[0m
2026-03-09 13:39 +05:30: [0mGET /api/system/network [36m304[0m 27.176 ms - -[0m
2026-03-09 13:39 +05:30: [0mGET /api/system/process-stats [32m200[0m 18.607 ms - 815[0m
2026-03-09 13:40 +05:30: [0mGET /api/system/memory [32m200[0m 66.489 ms - 300[0m
2026-03-09 13:40 +05:30: [0mGET /api/system/performance [32m200[0m 76.127 ms - -[0m
2026-03-09 13:40 +05:30: [0mGET /api/system/cpu [32m200[0m 69.215 ms - -[0m
2026-03-09 13:40 +05:30: [0mGET /api/system/memory [32m200[0m 34.450 ms - 298[0m
2026-03-09 13:40 +05:30: [0mGET /api/system/info [32m200[0m 34.072 ms - 509[0m
2026-03-09 13:40 +05:30: [0mGET /api/system/cpu [32m200[0m 38.511 ms - -[0m
2026-03-09 13:40 +05:30: [0mGET /api/system/performance [32m200[0m 37.631 ms - -[0m
2026-03-09 13:40 +05:30: [0mGET /api/system/processes [36m304[0m 14.217 ms - -[0m
2026-03-09 13:40 +05:30: [0mGET /api/system/health [32m200[0m 10.645 ms - 376[0m
2026-03-09 13:40 +05:30: [0mGET /api/system/network [36m304[0m 23.742 ms - -[0m
2026-03-09 13:40 +05:30: [0mGET /api/system/process-stats [32m200[0m 21.499 ms - 815[0m
2026-03-09 13:40 +05:30: [0mGET /api/system/memory [32m200[0m 32.015 ms - 298[0m
2026-03-09 13:40 +05:30: [0mGET /api/system/cpu [32m200[0m 32.886 ms - -[0m
2026-03-09 13:40 +05:30: [0mGET /api/system/performance [32m200[0m 33.852 ms - -[0m
2026-03-09 13:40 +05:30: [0mGET /api/system/memory [32m200[0m 72.811 ms - 297[0m
2026-03-09 13:40 +05:30: [0mGET /api/system/info [32m200[0m 73.197 ms - 497[0m
2026-03-09 13:40 +05:30: [0mGET /api/system/processes [36m304[0m 75.260 ms - -[0m
2026-03-09 13:40 +05:30: [0mGET /api/system/health [32m200[0m 25.266 ms - 269[0m
2026-03-09 13:40 +05:30: [0mGET /api/system/cpu [32m200[0m 15.635 ms - -[0m
2026-03-09 13:40 +05:30: [0mGET /api/system/performance [32m200[0m 68.255 ms - -[0m
2026-03-09 13:40 +05:30: [0mGET /api/system/network [36m304[0m 31.843 ms - -[0m
2026-03-09 13:40 +05:30: [0mGET /api/system/process-stats [32m200[0m 29.569 ms - 815[0m
2026-03-09 13:41 +05:30: [0mGET /api/system/memory [32m200[0m 22.913 ms - 297[0m
2026-03-09 13:41 +05:30: [0mGET /api/system/cpu [32m200[0m 23.516 ms - -[0m
2026-03-09 13:41 +05:30: [0mGET /api/system/performance [32m200[0m 27.118 ms - -[0m
2026-03-09 13:41 +05:30: [0mGET /api/system/memory [32m200[0m 21.787 ms - 297[0m
2026-03-09 13:41 +05:30: [0mGET /api/system/info [32m200[0m 24.205 ms - 522[0m
2026-03-09 13:41 +05:30: [0mGET /api/system/cpu [32m200[0m 24.814 ms - -[0m
2026-03-09 13:41 +05:30: [0mGET /api/system/performance [32m200[0m 25.506 ms - -[0m
2026-03-09 13:41 +05:30: [0mGET /api/system/processes [36m304[0m 12.120 ms - -[0m
2026-03-09 13:41 +05:30: [0mGET /api/system/health [32m200[0m 9.089 ms - 114[0m
2026-03-09 13:41 +05:30: [0mGET /api/system/network [36m304[0m 15.934 ms - -[0m
2026-03-09 13:41 +05:30: [0mGET /api/system/process-stats [32m200[0m 15.899 ms - 815[0m
2026-03-09 13:41 +05:30: [0mGET /api/system/memory [32m200[0m 24.413 ms - 297[0m
2026-03-09 13:41 +05:30: [0mGET /api/system/cpu [32m200[0m 26.637 ms - -[0m
2026-03-09 13:41 +05:30: [0mGET /api/system/performance [32m200[0m 27.360 ms - -[0m
2026-03-09 13:41 +05:30: [0mGET /api/system/memory [32m200[0m 26.239 ms - 297[0m
2026-03-09 13:41 +05:30: [0mGET /api/system/cpu [32m200[0m 29.069 ms - -[0m
2026-03-09 13:41 +05:30: [0mGET /api/system/performance [32m200[0m 32.935 ms - -[0m
2026-03-09 13:41 +05:30: [0mGET /api/system/info [32m200[0m 10.150 ms - 521[0m
2026-03-09 13:41 +05:30: [0mGET /api/system/processes [36m304[0m 13.005 ms - -[0m
2026-03-09 13:41 +05:30: [0mGET /api/system/health [32m200[0m 13.126 ms - 269[0m
2026-03-09 13:41 +05:30: [0mGET /api/system/network [36m304[0m 24.830 ms - -[0m
2026-03-09 13:41 +05:30: [0mGET /api/system/process-stats [32m200[0m 20.408 ms - 814[0m
2026-03-09 13:42 +05:30: [0mGET /api/pages/my-pages-hierarchy?_t=1773043929888 [32m200[0m 32.890 ms - 591[0m
2026-03-09 13:42 +05:30: [0mGET /api/pages/my-pages-hierarchy?_t=1773043929891 [32m200[0m 24.337 ms - 591[0m
2026-03-09 13:42 +05:30: [0mGET /api/lines?search=&page=1&limit=10 [32m200[0m 52.685 ms - 405[0m
2026-03-09 13:42 +05:30: [0mGET /api/lines?search=&page=1&limit=10 [36m304[0m 3.186 ms - -[0m
2026-03-09 13:45 +05:30: ❌ SQL Error: Duplicate entry 'Line B' for key 'lines.name'
2026-03-09 13:45 +05:30: [0mPOST /api/lines [31m500[0m 100.101 ms - 75[0m
2026-03-09 13:45 +05:30: ❌ SQL Error: Duplicate entry 'Line B' for key 'lines.name'
2026-03-09 13:45 +05:30: [0mPOST /api/lines [31m500[0m 5.888 ms - 75[0m
2026-03-09 13:45 +05:30: [0mGET /api/pages/my-pages-hierarchy?_t=1773044128202 [32m200[0m 13.244 ms - 591[0m
2026-03-09 13:45 +05:30: [0mGET /api/pages/my-pages-hierarchy?_t=1773044128201 [32m200[0m 23.595 ms - 591[0m
2026-03-09 13:45 +05:30: [0mGET /api/stations?search=&page=1&limit=10 [32m200[0m 44.941 ms - 267[0m
2026-03-09 13:45 +05:30: [0mGET /api/stations?search=&page=1&limit=10 [36m304[0m 1.939 ms - -[0m
2026-03-09 13:48 +05:30: ❌ SQL Error: Duplicate entry 'IMM14' for key 'stations.name'
2026-03-09 13:48 +05:30: [0mPOST /api/stations [31m500[0m 7.206 ms - 77[0m
2026-03-09 13:48 +05:30: [0mGET /api/lines?search=&page=1&limit=10 [36m304[0m 7.539 ms - -[0m
2026-03-09 13:48 +05:30: [0mGET /api/pages/my-pages-hierarchy?_t=1773044294554 [32m200[0m 17.347 ms - 591[0m
2026-03-09 13:48 +05:30: [0mGET /api/pages/my-pages-hierarchy?_t=1773044294553 [32m200[0m 26.413 ms - 591[0m
2026-03-09 13:48 +05:30: [0mGET /api/lines?search=&page=1&limit=10 [36m304[0m 2.574 ms - -[0m
2026-03-09 13:48 +05:30: ❌ SQL Error: Duplicate entry 'Line B' for key 'lines.name'
2026-03-09 13:48 +05:30: [0mPOST /api/lines [31m500[0m 5.285 ms - 75[0m
2026-03-09 13:48 +05:30: [0mGET /api/stations?search=&page=1&limit=10 [36m304[0m 2.783 ms - -[0m
2026-03-09 13:48 +05:30: [0mGET /api/pages/my-pages-hierarchy?_t=1773044305821 [32m200[0m 16.457 ms - 591[0m
2026-03-09 13:48 +05:30: [0mGET /api/stations?search=&page=1&limit=10 [36m304[0m 6.209 ms - -[0m
2026-03-09 13:48 +05:30: [0mGET /api/pages/my-pages-hierarchy?_t=1773044305821 [36m304[0m 12.630 ms - -[0m
2026-03-09 13:48 +05:30: [0mGET /api/pages/my-pages-hierarchy?_t=1773044307523 [32m200[0m 19.498 ms - 591[0m
2026-03-09 13:48 +05:30: [0mGET /api/pages/my-pages-hierarchy?_t=1773044307524 [32m200[0m 18.983 ms - 591[0m
2026-03-09 13:48 +05:30: [0mGET /api/brands?search=&page=1&limit=10 [32m200[0m 31.760 ms - 273[0m
2026-03-09 13:48 +05:30: [0mGET /api/brands?search=&page=1&limit=10 [36m304[0m 2.941 ms - -[0m
2026-03-09 13:48 +05:30: [0mGET /api/pages/my-pages-hierarchy?_t=1773044308774 [32m200[0m 19.117 ms - 591[0m
2026-03-09 13:48 +05:30: [0mGET /api/brands [32m200[0m 11.404 ms - 273[0m
2026-03-09 13:48 +05:30: [0mGET /api/brands [36m304[0m 4.346 ms - -[0m
2026-03-09 13:48 +05:30: [0mGET /api/pages/my-pages-hierarchy?_t=1773044308775 [32m200[0m 19.734 ms - 591[0m
2026-03-09 13:48 +05:30: [0mGET /api/models?search=&page=1&limit=10 [32m200[0m 35.123 ms - 347[0m
2026-03-09 13:48 +05:30: [0mGET /api/models?search=&page=1&limit=10 [36m304[0m 1.765 ms - -[0m
2026-03-09 13:49 +05:30: [0mGET /api/pages/my-pages-hierarchy?_t=1773044390023 [32m200[0m 12.364 ms - 591[0m
2026-03-09 13:49 +05:30: [0mGET /api/models?search=&page=1&limit=10 [36m304[0m 3.241 ms - -[0m
2026-03-09 13:49 +05:30: [0mGET /api/brands [36m304[0m 6.542 ms - -[0m
2026-03-09 13:49 +05:30: [0mGET /api/models?search=&page=1&limit=10 [36m304[0m 6.889 ms - -[0m
2026-03-09 13:49 +05:30: [0mGET /api/brands [36m304[0m 5.547 ms - -[0m
2026-03-09 13:49 +05:30: [0mGET /api/pages/my-pages-hierarchy?_t=1773044390023 [36m304[0m 19.404 ms - -[0m
2026-03-09 13:49 +05:30: [0mGET /api/models?search=&page=1&limit=10 [36m304[0m 9.279 ms - -[0m
2026-03-09 13:49 +05:30: [0mGET /api/brands [36m304[0m 13.403 ms - -[0m
2026-03-09 13:49 +05:30: [0mGET /api/pages/my-pages-hierarchy?_t=1773044393844 [32m200[0m 28.572 ms - 591[0m
2026-03-09 13:49 +05:30: [0mGET /api/models?search=&page=1&limit=10 [36m304[0m 8.428 ms - -[0m
2026-03-09 13:49 +05:30: [0mGET /api/pages/my-pages-hierarchy?_t=1773044393846 [32m200[0m 21.277 ms - 591[0m
2026-03-09 13:49 +05:30: [0mGET /api/brands [36m304[0m 3.391 ms - -[0m
2026-03-09 13:50 +05:30: [0mGET /api/models?search=&page=1&limit=10 [36m304[0m 8.432 ms - -[0m
2026-03-09 13:50 +05:30: [0mGET /api/brands [36m304[0m 8.855 ms - -[0m
2026-03-09 13:50 +05:30: [0mGET /api/pages/my-pages-hierarchy?_t=1773044435992 [32m200[0m 19.726 ms - 591[0m
2026-03-09 13:50 +05:30: [0mGET /api/pages/my-pages-hierarchy?_t=1773044435993 [32m200[0m 19.552 ms - 591[0m
2026-03-09 13:50 +05:30: [0mGET /api/models?search=&page=1&limit=10 [36m304[0m 5.150 ms - -[0m
2026-03-09 13:50 +05:30: [0mGET /api/brands [36m304[0m 5.149 ms - -[0m
2026-03-09 13:50 +05:30: [0mGET /api/models?search=&page=1&limit=10 [36m304[0m 7.333 ms - -[0m
2026-03-09 13:50 +05:30: [0mGET /api/brands [36m304[0m 11.273 ms - -[0m
2026-03-09 13:50 +05:30: [0mGET /api/pages/my-pages-hierarchy?_t=1773044438589 [32m200[0m 28.563 ms - 591[0m
2026-03-09 13:50 +05:30: [0mGET /api/models?search=&page=1&limit=10 [36m304[0m 9.667 ms - -[0m
2026-03-09 13:50 +05:30: [0mGET /api/brands [36m304[0m 12.668 ms - -[0m
2026-03-09 13:50 +05:30: [0mGET /api/pages/my-pages-hierarchy?_t=1773044438591 [32m200[0m 25.771 ms - 591[0m
2026-03-09 13:50 +05:30: [0mGET /api/pages/my-pages-hierarchy?_t=1773044449898 [32m200[0m 10.618 ms - 591[0m
2026-03-09 13:50 +05:30: [0mGET /api/models?search=&page=1&limit=10 [36m304[0m 8.112 ms - -[0m
2026-03-09 13:50 +05:30: [0mGET /api/brands [36m304[0m 5.422 ms - -[0m
2026-03-09 13:50 +05:30: [0mGET /api/models?search=&page=1&limit=10 [36m304[0m 4.892 ms - -[0m
2026-03-09 13:50 +05:30: [0mGET /api/pages/my-pages-hierarchy?_t=1773044449900 [32m200[0m 18.104 ms - 591[0m
2026-03-09 13:50 +05:30: [0mGET /api/brands [36m304[0m 8.163 ms - -[0m
2026-03-09 13:50 +05:30: [0mGET /api/models?search=&page=1&limit=10 [36m304[0m 5.859 ms - -[0m
2026-03-09 13:50 +05:30: [0mGET /api/brands [36m304[0m 5.694 ms - -[0m
2026-03-09 13:50 +05:30: [0mGET /api/pages/my-pages-hierarchy?_t=1773044451974 [32m200[0m 17.992 ms - 591[0m
2026-03-09 13:50 +05:30: [0mGET /api/models?search=&page=1&limit=10 [36m304[0m 9.267 ms - -[0m
2026-03-09 13:50 +05:30: [0mGET /api/brands [36m304[0m 6.527 ms - -[0m
2026-03-09 13:50 +05:30: [0mGET /api/pages/my-pages-hierarchy?_t=1773044451977 [32m200[0m 26.490 ms - 591[0m
2026-03-09 13:50 +05:30: [0mGET /api/models?search=&page=1&limit=10 [36m304[0m 3.756 ms - -[0m
2026-03-09 13:50 +05:30: [0mGET /api/brands [36m304[0m 4.370 ms - -[0m
2026-03-09 13:50 +05:30: [0mGET /api/pages/my-pages-hierarchy?_t=1773044455224 [32m200[0m 13.244 ms - 591[0m
2026-03-09 13:50 +05:30: [0mGET /api/models?search=&page=1&limit=10 [36m304[0m 5.359 ms - -[0m
2026-03-09 13:50 +05:30: [0mGET /api/pages/my-pages-hierarchy?_t=1773044455227 [32m200[0m 16.810 ms - 591[0m
2026-03-09 13:50 +05:30: [0mGET /api/brands [36m304[0m 5.038 ms - -[0m
2026-03-09 13:50 +05:30: [0mGET /api/models?search=&page=1&limit=10 [36m304[0m 8.241 ms - -[0m
2026-03-09 13:50 +05:30: [0mGET /api/brands [36m304[0m 8.787 ms - -[0m
2026-03-09 13:50 +05:30: [0mGET /api/models?search=&page=1&limit=10 [36m304[0m 9.285 ms - -[0m
2026-03-09 13:50 +05:30: [0mGET /api/pages/my-pages-hierarchy?_t=1773044457718 [32m200[0m 32.337 ms - 591[0m
2026-03-09 13:50 +05:30: [0mGET /api/brands [36m304[0m 7.170 ms - -[0m
2026-03-09 13:50 +05:30: [0mGET /api/pages/my-pages-hierarchy?_t=1773044457720 [32m200[0m 28.555 ms - 591[0m
2026-03-09 13:54 +05:30: [0mGET /api/models?search=&page=1&limit=10 [36m304[0m 4.241 ms - -[0m
2026-03-09 13:54 +05:30: [0mGET /api/pages/my-pages-hierarchy?_t=1773044652627 [32m200[0m 15.990 ms - 591[0m
2026-03-09 13:54 +05:30: [0mGET /api/brands [36m304[0m 5.886 ms - -[0m
2026-03-09 13:54 +05:30: [0mGET /api/models?search=&page=1&limit=10 [36m304[0m 7.728 ms - -[0m
2026-03-09 13:54 +05:30: [0mGET /api/brands [36m304[0m 7.532 ms - -[0m
2026-03-09 13:54 +05:30: [0mGET /api/pages/my-pages-hierarchy?_t=1773044652629 [32m200[0m 22.940 ms - 591[0m
2026-03-09 13:54 +05:30: [0mGET /api/lines?search=&page=1&limit=10 [36m304[0m 5.454 ms - -[0m
2026-03-09 13:54 +05:30: [0mGET /api/pages/my-pages-hierarchy?_t=1773044666051 [32m200[0m 32.583 ms - 591[0m
2026-03-09 13:54 +05:30: [0mGET /api/pages/my-pages-hierarchy?_t=1773044666052 [32m200[0m 27.816 ms - 591[0m
2026-03-09 13:54 +05:30: [0mGET /api/lines?search=&page=1&limit=10 [36m304[0m 8.126 ms - -[0m
2026-03-09 13:54 +05:30: ❌ SQL Error: Duplicate entry 'Line B' for key 'lines.name'
2026-03-09 13:54 +05:30: [0mPOST /api/lines [31m500[0m 6.364 ms - 75[0m
2026-03-09 13:54 +05:30: ❌ SQL Error: Duplicate entry 'Line B' for key 'lines.name'
2026-03-09 13:54 +05:30: [0mPOST /api/lines [31m500[0m 6.106 ms - 75[0m
2026-03-09 13:54 +05:30: ❌ SQL Error: Duplicate entry 'Line B' for key 'lines.name'
2026-03-09 13:54 +05:30: [0mPOST /api/lines [31m500[0m 6.081 ms - 75[0m
2026-03-09 13:54 +05:30: ❌ SQL Error: Duplicate entry 'Line B' for key 'lines.name'
2026-03-09 13:54 +05:30: [0mPOST /api/lines [31m500[0m 5.251 ms - 75[0m
2026-03-09 13:55 +05:30: [0mGET /api/pages/my-pages-hierarchy?_t=1773044727711 [32m200[0m 20.762 ms - 591[0m
2026-03-09 13:55 +05:30: [0mGET /api/pages/my-pages-hierarchy?_t=1773044727712 [32m200[0m 13.622 ms - 591[0m
2026-03-09 13:55 +05:30: [0mGET /api/inspection_slots/stats/summary [32m200[0m 32.185 ms - 78[0m
2026-03-09 13:55 +05:30: [0mGET /api/inspection_slots?search=&page=1&limit=10 [32m200[0m 40.331 ms - 697[0m
2026-03-09 13:55 +05:30: [0mGET /api/inspection_slots/stats/summary [36m304[0m 3.163 ms - -[0m
2026-03-09 13:55 +05:30: [0mGET /api/inspection_slots?search=&page=1&limit=10 [36m304[0m 4.346 ms - -[0m
2026-03-09 14:06 +05:30: [0mGET /api/inspection_slots/stats/summary [32m200[0m 16.656 ms - 79[0m
2026-03-09 14:06 +05:30: [0mGET /api/pages/my-pages-hierarchy?_t=1773045419061 [32m200[0m 32.136 ms - 591[0m
2026-03-09 14:06 +05:30: [0mGET /api/inspection_slots/stats/summary [36m304[0m 7.474 ms - -[0m
2026-03-09 14:06 +05:30: [0mGET /api/pages/my-pages-hierarchy?_t=1773045419058 [32m200[0m 57.921 ms - 591[0m
2026-03-09 14:06 +05:30: [0mGET /api/inspection_slots?search=&page=1&limit=10 [32m200[0m 32.798 ms - -[0m
2026-03-09 14:06 +05:30: [0mGET /api/inspection_slots?search=&page=1&limit=10 [36m304[0m 3.818 ms - -[0m
2026-03-09 14:07 +05:30: [0mGET /api/inspection_slots/stats/summary [36m304[0m 2.302 ms - -[0m
2026-03-09 14:07 +05:30: [0mGET /api/inspection_slots?search=&page=2&limit=10 [32m200[0m 7.466 ms - 708[0m
2026-03-09 14:07 +05:30: [0mGET /api/inspection_slots/stats/summary [36m304[0m 3.865 ms - -[0m
2026-03-09 14:07 +05:30: [0mGET /api/inspection_slots?search=&page=1&limit=10 [36m304[0m 5.553 ms - -[0m
2026-03-09 14:08 +05:30: [0mGET /api/pages/my-pages-hierarchy?_t=1773045533131 [32m200[0m 10.403 ms - 591[0m
2026-03-09 14:08 +05:30: [0mGET /api/pages/my-pages-hierarchy?_t=1773045533133 [32m200[0m 11.166 ms - 591[0m
2026-03-09 14:08 +05:30: [0mGET /api/lines [32m200[0m 4.337 ms - 405[0m
2026-03-09 14:08 +05:30: [0mGET /api/pages/my-pages-hierarchy?_t=1773045535183 [32m200[0m 23.819 ms - 591[0m
2026-03-09 14:08 +05:30: [0mGET /api/lines [36m304[0m 7.658 ms - -[0m
2026-03-09 14:08 +05:30: [0mGET /api/pages/my-pages-hierarchy?_t=1773045535184 [32m200[0m 26.153 ms - 591[0m
2026-03-09 14:08 +05:30: [0mGET /api/templates?entity_type=line&entity_id=3 [32m200[0m 20.501 ms - 947[0m
2026-03-09 14:08 +05:30: [0mGET /api/inspection_slots [32m200[0m 1.729 ms - -[0m
2026-03-09 14:10 +05:30: [0mGET /api/system/memory [32m200[0m 38.554 ms - 297[0m
2026-03-09 14:10 +05:30: [0mGET /api/pages/my-pages-hierarchy?_t=1773045621408 [32m200[0m 70.166 ms - 591[0m
2026-03-09 14:10 +05:30: [0mGET /api/system/info [32m200[0m 45.817 ms - 501[0m
2026-03-09 14:10 +05:30: [0mGET /api/system/processes [36m304[0m 25.227 ms - -[0m
2026-03-09 14:10 +05:30: [0mGET /api/system/cpu [32m200[0m 43.131 ms - -[0m
2026-03-09 14:10 +05:30: [0mGET /api/system/performance [32m200[0m 51.723 ms - -[0m
2026-03-09 14:10 +05:30: [0mGET /api/system/health [32m200[0m 23.179 ms - 114[0m
2026-03-09 14:10 +05:30: [0mGET /api/system/network [36m304[0m 34.337 ms - -[0m
2026-03-09 14:10 +05:30: [0mGET /api/system/process-stats [32m200[0m 43.786 ms - 816[0m
2026-03-09 14:10 +05:30: [0mGET /api/system/memory [32m200[0m 38.950 ms - 297[0m
2026-03-09 14:10 +05:30: [0mGET /api/system/info [32m200[0m 37.518 ms - 501[0m
2026-03-09 14:10 +05:30: requireAssignedPages check for user: superadmin (ID: 1), roles: super_admin
2026-03-09 14:10 +05:30: Access granted: User is super admin
2026-03-09 14:10 +05:30: [0mGET /api/system/processes [36m304[0m 23.319 ms - -[0m
2026-03-09 14:10 +05:30: [0mGET /api/system/health [32m200[0m 55.845 ms - 114[0m
2026-03-09 14:10 +05:30: [0mGET /api/system/network [36m304[0m 51.750 ms - -[0m
2026-03-09 14:10 +05:30: [0mGET /api/system/cpu [32m200[0m 30.842 ms - -[0m
2026-03-09 14:10 +05:30: [0mGET /api/pages/my-pages-hierarchy?_t=1773045621412 [32m200[0m 88.291 ms - 591[0m
2026-03-09 14:10 +05:30: [0mGET /api/system/performance [32m200[0m 59.042 ms - -[0m
2026-03-09 14:10 +05:30: [0mGET /api/system/process-stats [32m200[0m 10.413 ms - 816[0m
2026-03-09 14:10 +05:30: [0mGET /api/stats/dashboard [32m200[0m 129.464 ms - -[0m
2026-03-09 14:10 +05:30: requireAssignedPages check for user: superadmin (ID: 1), roles: super_admin
2026-03-09 14:10 +05:30: Access granted: User is super admin
2026-03-09 14:10 +05:30: [0mGET /api/stats/dashboard [32m200[0m 27.582 ms - -[0m
2026-03-09 14:10 +05:30: [0mGET /api/system/memory [32m200[0m 27.614 ms - 297[0m
2026-03-09 14:10 +05:30: [0mGET /api/system/cpu [32m200[0m 29.521 ms - -[0m
2026-03-09 14:10 +05:30: [0mGET /api/system/performance [32m200[0m 30.746 ms - -[0m
2026-03-09 14:10 +05:30: [0mGET /api/system/memory [32m200[0m 28.989 ms - 297[0m
2026-03-09 14:10 +05:30: [0mGET /api/system/info [32m200[0m 29.377 ms - 500[0m
2026-03-09 14:10 +05:30: [0mGET /api/system/processes [36m304[0m 26.297 ms - -[0m
2026-03-09 14:10 +05:30: [0mGET /api/system/cpu [32m200[0m 31.192 ms - -[0m
2026-03-09 14:10 +05:30: [0mGET /api/system/performance [32m200[0m 33.458 ms - -[0m
2026-03-09 14:10 +05:30: [0mGET /api/system/health [32m200[0m 12.653 ms - 269[0m
2026-03-09 14:10 +05:30: [0mGET /api/system/network [36m304[0m 18.786 ms - -[0m
2026-03-09 14:10 +05:30: [0mGET /api/system/process-stats [32m200[0m 16.992 ms - 815[0m
2026-03-09 14:11 +05:30: [0mGET /api/system/memory [32m200[0m 23.627 ms - 297[0m
2026-03-09 14:11 +05:30: [0mGET /api/system/cpu [32m200[0m 25.825 ms - -[0m
2026-03-09 14:11 +05:30: [0mGET /api/system/performance [32m200[0m 28.972 ms - -[0m
2026-03-09 14:11 +05:30: [0mGET /api/system/memory [32m200[0m 26.724 ms - 297[0m
2026-03-09 14:11 +05:30: [0mGET /api/system/info [32m200[0m 27.621 ms - 512[0m
2026-03-09 14:11 +05:30: [0mGET /api/system/processes [36m304[0m 28.936 ms - -[0m
2026-03-09 14:11 +05:30: [0mGET /api/system/health [32m200[0m 9.173 ms - 114[0m
2026-03-09 14:11 +05:30: [0mGET /api/system/cpu [32m200[0m 28.188 ms - -[0m
2026-03-09 14:11 +05:30: [0mGET /api/system/performance [32m200[0m 29.541 ms - -[0m
2026-03-09 14:11 +05:30: [0mGET /api/system/network [36m304[0m 20.150 ms - -[0m
2026-03-09 14:11 +05:30: [0mGET /api/system/process-stats [32m200[0m 17.831 ms - 816[0m
2026-03-09 14:11 +05:30: [0mGET /api/system/memory [32m200[0m 22.983 ms - 297[0m
2026-03-09 14:11 +05:30: [0mGET /api/system/cpu [32m200[0m 26.027 ms - -[0m
2026-03-09 14:11 +05:30: [0mGET /api/system/performance [32m200[0m 29.785 ms - -[0m
2026-03-09 14:11 +05:30: [0mGET /api/system/memory [32m200[0m 31.116 ms - 297[0m
2026-03-09 14:11 +05:30: [0mGET /api/system/info [32m200[0m 31.404 ms - 511[0m
2026-03-09 14:11 +05:30: [0mGET /api/system/processes [36m304[0m 29.947 ms - -[0m
2026-03-09 14:11 +05:30: [0mGET /api/system/cpu [32m200[0m 32.159 ms - -[0m
2026-03-09 14:11 +05:30: [0mGET /api/system/performance [32m200[0m 34.033 ms - -[0m
2026-03-09 14:11 +05:30: [0mGET /api/system/health [32m200[0m 11.005 ms - 114[0m
2026-03-09 14:11 +05:30: [0mGET /api/system/network [36m304[0m 19.826 ms - -[0m
2026-03-09 14:11 +05:30: [0mGET /api/system/process-stats [32m200[0m 17.997 ms - 816[0m
2026-03-09 14:12 +05:30: [0mGET /api/system/memory [32m200[0m 22.702 ms - 297[0m
2026-03-09 14:12 +05:30: [0mGET /api/system/cpu [32m200[0m 25.558 ms - -[0m
2026-03-09 14:12 +05:30: [0mGET /api/system/performance [32m200[0m 28.670 ms - -[0m
2026-03-09 14:12 +05:30: [0mGET /api/system/memory [32m200[0m 30.152 ms - 297[0m
2026-03-09 14:12 +05:30: [0mGET /api/system/info [32m200[0m 28.857 ms - 500[0m
2026-03-09 14:12 +05:30: [0mGET /api/system/processes [36m304[0m 27.020 ms - -[0m
2026-03-09 14:12 +05:30: [0mGET /api/system/cpu [32m200[0m 32.906 ms - -[0m
2026-03-09 14:12 +05:30: [0mGET /api/system/performance [32m200[0m 35.895 ms - -[0m
2026-03-09 14:12 +05:30: [0mGET /api/system/health [32m200[0m 10.487 ms - 222[0m
2026-03-09 14:12 +05:30: [0mGET /api/system/network [36m304[0m 13.593 ms - -[0m
2026-03-09 14:12 +05:30: [0mGET /api/system/process-stats [32m200[0m 11.634 ms - 816[0m
2026-03-09 14:12 +05:30: [0mGET /api/system/memory [32m200[0m 21.529 ms - 297[0m
2026-03-09 14:12 +05:30: [0mGET /api/system/cpu [32m200[0m 23.816 ms - -[0m
2026-03-09 14:12 +05:30: [0mGET /api/system/performance [32m200[0m 27.139 ms - -[0m
2026-03-09 14:12 +05:30: [0mGET /api/system/memory [32m200[0m 27.327 ms - 297[0m
2026-03-09 14:12 +05:30: [0mGET /api/system/info [32m200[0m 27.429 ms - 511[0m
2026-03-09 14:12 +05:30: [0mGET /api/system/processes [36m304[0m 26.199 ms - -[0m
2026-03-09 14:12 +05:30: [0mGET /api/system/cpu [32m200[0m 29.368 ms - -[0m
2026-03-09 14:12 +05:30: [0mGET /api/system/performance [32m200[0m 30.809 ms - -[0m
2026-03-09 14:12 +05:30: [0mGET /api/system/health [32m200[0m 10.166 ms - 222[0m
2026-03-09 14:12 +05:30: [0mGET /api/system/network [36m304[0m 14.271 ms - -[0m
2026-03-09 14:12 +05:30: [0mGET /api/system/process-stats [32m200[0m 11.643 ms - 816[0m
2026-03-09 14:13 +05:30: [0mGET /api/system/memory [32m200[0m 23.455 ms - 297[0m
2026-03-09 14:13 +05:30: [0mGET /api/system/cpu [32m200[0m 27.968 ms - -[0m
2026-03-09 14:13 +05:30: [0mGET /api/system/performance [32m200[0m 35.262 ms - -[0m
2026-03-09 14:13 +05:30: [0mGET /api/system/memory [32m200[0m 26.616 ms - 297[0m
2026-03-09 14:13 +05:30: [0mGET /api/system/info [32m200[0m 25.656 ms - 510[0m
2026-03-09 14:13 +05:30: [0mGET /api/system/cpu [32m200[0m 28.897 ms - -[0m
2026-03-09 14:13 +05:30: [0mGET /api/system/performance [32m200[0m 30.248 ms - -[0m
2026-03-09 14:13 +05:30: [0mGET /api/system/processes [36m304[0m 9.611 ms - -[0m
2026-03-09 14:13 +05:30: [0mGET /api/system/health [32m200[0m 7.360 ms - 222[0m
2026-03-09 14:13 +05:30: [0mGET /api/system/network [36m304[0m 13.788 ms - -[0m
2026-03-09 14:13 +05:30: [0mGET /api/system/process-stats [32m200[0m 12.743 ms - 816[0m
2026-03-09 14:13 +05:30: [0mGET /api/system/memory [32m200[0m 24.939 ms - 297[0m
2026-03-09 14:13 +05:30: [0mGET /api/system/performance [32m200[0m 29.492 ms - -[0m
2026-03-09 14:13 +05:30: [0mGET /api/system/cpu [32m200[0m 27.723 ms - -[0m
2026-03-09 14:13 +05:30: [0mGET /api/system/memory [32m200[0m 31.420 ms - 297[0m
2026-03-09 14:13 +05:30: [0mGET /api/system/cpu [32m200[0m 35.044 ms - -[0m
2026-03-09 14:13 +05:30: [0mGET /api/system/performance [32m200[0m 39.997 ms - -[0m
2026-03-09 14:13 +05:30: [0mGET /api/system/info [32m200[0m 15.638 ms - 512[0m
2026-03-09 14:13 +05:30: [0mGET /api/system/processes [36m304[0m 15.369 ms - -[0m
2026-03-09 14:13 +05:30: [0mGET /api/system/health [32m200[0m 13.077 ms - 114[0m
2026-03-09 14:13 +05:30: [0mGET /api/system/network [36m304[0m 19.215 ms - -[0m
2026-03-09 14:13 +05:30: [0mGET /api/system/process-stats [32m200[0m 17.370 ms - 816[0m
2026-03-09 14:14 +05:30: [0mGET /api/system/memory [32m200[0m 27.306 ms - 297[0m
2026-03-09 14:14 +05:30: [0mGET /api/system/cpu [32m200[0m 32.531 ms - -[0m
2026-03-09 14:14 +05:30: [0mGET /api/system/performance [32m200[0m 37.236 ms - -[0m
2026-03-09 14:14 +05:30: [0mGET /api/system/memory [32m200[0m 29.857 ms - 297[0m
2026-03-09 14:14 +05:30: [0mGET /api/system/cpu [32m200[0m 32.970 ms - -[0m
2026-03-09 14:14 +05:30: [0mGET /api/system/performance [32m200[0m 36.278 ms - -[0m
2026-03-09 14:14 +05:30: [0mGET /api/system/info [32m200[0m 11.676 ms - 513[0m
2026-03-09 14:14 +05:30: [0mGET /api/system/processes [36m304[0m 10.109 ms - -[0m
2026-03-09 14:14 +05:30: [0mGET /api/system/health [32m200[0m 10.811 ms - 269[0m
2026-03-09 14:14 +05:30: [0mGET /api/system/network [36m304[0m 17.877 ms - -[0m
2026-03-09 14:14 +05:30: [0mGET /api/system/process-stats [32m200[0m 17.127 ms - 816[0m
2026-03-09 14:14 +05:30: [0mGET /api/system/memory [32m200[0m 49.287 ms - 296[0m
2026-03-09 14:14 +05:30: [0mGET /api/system/cpu [32m200[0m 51.548 ms - -[0m
2026-03-09 14:14 +05:30: [0mGET /api/system/performance [32m200[0m 53.559 ms - -[0m
2026-03-09 14:14 +05:30: [0mGET /api/system/memory [32m200[0m 23.965 ms - 297[0m
2026-03-09 14:14 +05:30: [0mGET /api/system/info [32m200[0m 23.958 ms - 509[0m
2026-03-09 14:14 +05:30: [0mGET /api/system/processes [36m304[0m 6.691 ms - -[0m
2026-03-09 14:14 +05:30: [0mGET /api/system/cpu [32m200[0m 25.617 ms - -[0m
2026-03-09 14:14 +05:30: [0mGET /api/system/performance [32m200[0m 27.298 ms - -[0m
2026-03-09 14:14 +05:30: [0mGET /api/system/health [32m200[0m 8.864 ms - 114[0m
2026-03-09 14:14 +05:30: [0mGET /api/system/network [36m304[0m 15.275 ms - -[0m
2026-03-09 14:14 +05:30: [0mGET /api/system/process-stats [32m200[0m 12.027 ms - 816[0m
2026-03-09 14:15 +05:30: [0mGET /api/system/memory [32m200[0m 21.275 ms - 297[0m
2026-03-09 14:15 +05:30: [0mGET /api/system/cpu [32m200[0m 22.705 ms - -[0m
2026-03-09 14:15 +05:30: [0mGET /api/system/performance [32m200[0m 24.048 ms - -[0m
2026-03-09 14:15 +05:30: [0mGET /api/system/memory [32m200[0m 5.836 ms - 297[0m
2026-03-09 14:15 +05:30: [0mGET /api/system/info [32m200[0m 5.866 ms - 513[0m
2026-03-09 14:15 +05:30: [0mGET /api/system/processes [36m304[0m 6.338 ms - -[0m
2026-03-09 14:15 +05:30: [0mGET /api/system/performance [32m200[0m 19.836 ms - -[0m
2026-03-09 14:15 +05:30: [0mGET /api/system/cpu [32m200[0m 8.160 ms - -[0m
2026-03-09 14:15 +05:30: [0mGET /api/system/health [32m200[0m 8.237 ms - 114[0m
2026-03-09 14:15 +05:30: [0mGET /api/system/network [36m304[0m 15.919 ms - -[0m
2026-03-09 14:15 +05:30: [0mGET /api/system/process-stats [32m200[0m 12.592 ms - 816[0m
2026-03-09 14:15 +05:30: [0mGET /api/system/memory [32m200[0m 19.283 ms - 297[0m
2026-03-09 14:15 +05:30: [0mGET /api/system/cpu [32m200[0m 20.900 ms - -[0m
2026-03-09 14:15 +05:30: [0mGET /api/system/performance [32m200[0m 21.710 ms - -[0m
2026-03-09 14:15 +05:30: [0mGET /api/system/memory [32m200[0m 5.252 ms - 297[0m
2026-03-09 14:15 +05:30: [0mGET /api/system/cpu [32m200[0m 24.081 ms - -[0m
2026-03-09 14:15 +05:30: [0mGET /api/system/performance [32m200[0m 27.256 ms - -[0m
2026-03-09 14:15 +05:30: [0mGET /api/system/info [32m200[0m 12.001 ms - 500[0m
2026-03-09 14:15 +05:30: [0mGET /api/system/processes [36m304[0m 12.458 ms - -[0m
2026-03-09 14:15 +05:30: [0mGET /api/system/health [32m200[0m 10.545 ms - 114[0m
2026-03-09 14:15 +05:30: [0mGET /api/system/network [36m304[0m 15.293 ms - -[0m
2026-03-09 14:15 +05:30: [0mGET /api/system/process-stats [32m200[0m 11.972 ms - 816[0m
2026-03-09 14:16 +05:30: [0mGET /api/system/memory [32m200[0m 44.202 ms - 297[0m
2026-03-09 14:16 +05:30: [0mGET /api/system/cpu [32m200[0m 47.649 ms - -[0m
2026-03-09 14:16 +05:30: [0mGET /api/system/performance [32m200[0m 50.307 ms - -[0m
2026-03-09 14:16 +05:30: [0mGET /api/system/memory [32m200[0m 8.421 ms - 297[0m
2026-03-09 14:16 +05:30: [0mGET /api/system/info [32m200[0m 8.717 ms - 501[0m
2026-03-09 14:16 +05:30: [0mGET /api/system/performance [32m200[0m 33.575 ms - -[0m
2026-03-09 14:16 +05:30: [0mGET /api/system/processes [36m304[0m 11.067 ms - -[0m
2026-03-09 14:16 +05:30: [0mGET /api/system/cpu [32m200[0m 11.989 ms - -[0m
2026-03-09 14:16 +05:30: [0mGET /api/system/health [32m200[0m 12.022 ms - 269[0m
2026-03-09 14:16 +05:30: [0mGET /api/system/network [36m304[0m 21.232 ms - -[0m
2026-03-09 14:16 +05:30: [0mGET /api/system/process-stats [32m200[0m 16.886 ms - 816[0m
2026-03-09 14:16 +05:30: requireAssignedPages check for user: superadmin (ID: 1), roles: super_admin
2026-03-09 14:16 +05:30: Access granted: User is super admin
2026-03-09 14:16 +05:30: [0mGET /api/stats/dashboard [32m200[0m 27.743 ms - -[0m
2026-03-09 14:16 +05:30: [0mGET /api/system/memory [32m200[0m 63.373 ms - 300[0m
2026-03-09 14:16 +05:30: [0mGET /api/system/cpu [32m200[0m 66.481 ms - -[0m
2026-03-09 14:16 +05:30: [0mGET /api/system/performance [32m200[0m 67.193 ms - -[0m
2026-03-09 14:16 +05:30: [0mGET /api/pages/my-pages-hierarchy?_t=1773045997516 [32m200[0m 15.585 ms - 591[0m
2026-03-09 14:16 +05:30: [0mGET /api/system/memory [32m200[0m 76.076 ms - 296[0m
2026-03-09 14:16 +05:30: [0mGET /api/system/cpu [32m200[0m 76.699 ms - -[0m
2026-03-09 14:16 +05:30: [0mGET /api/system/performance [32m200[0m 70.766 ms - -[0m
2026-03-09 14:16 +05:30: [0mGET /api/system/info [32m200[0m 42.533 ms - 513[0m
2026-03-09 14:16 +05:30: [0mGET /api/system/processes [36m304[0m 4.730 ms - -[0m
2026-03-09 14:16 +05:30: requireAssignedPages check for user: superadmin (ID: 1), roles: super_admin
2026-03-09 14:16 +05:30: Access granted: User is super admin
2026-03-09 14:16 +05:30: [0mGET /api/system/health [32m200[0m 13.224 ms - 269[0m
2026-03-09 14:16 +05:30: [0mGET /api/stats/dashboard [32m200[0m 35.064 ms - -[0m
2026-03-09 14:16 +05:30: [0mGET /api/system/network [36m304[0m 31.340 ms - -[0m
2026-03-09 14:16 +05:30: [0mGET /api/system/process-stats [32m200[0m 6.995 ms - 816[0m
2026-03-09 14:16 +05:30: [0mGET /api/system/memory [32m200[0m 88.720 ms - 296[0m
2026-03-09 14:16 +05:30: [0mGET /api/system/info [32m200[0m 86.519 ms - 513[0m
2026-03-09 14:16 +05:30: [0mGET /api/system/processes [36m304[0m 87.870 ms - -[0m
2026-03-09 14:16 +05:30: [0mGET /api/pages/my-pages-hierarchy?_t=1773046000483 [32m200[0m 125.134 ms - 591[0m
2026-03-09 14:16 +05:30: [0mGET /api/system/cpu [32m200[0m 91.889 ms - -[0m
2026-03-09 14:16 +05:30: [0mGET /api/system/performance [32m200[0m 91.471 ms - -[0m
2026-03-09 14:16 +05:30: [0mGET /api/system/health [32m200[0m 23.337 ms - 269[0m
2026-03-09 14:16 +05:30: [0mGET /api/system/network [36m304[0m 40.235 ms - -[0m
2026-03-09 14:16 +05:30: [0mGET /api/system/process-stats [32m200[0m 39.173 ms - 816[0m
2026-03-09 14:16 +05:30: requireAssignedPages check for user: superadmin (ID: 1), roles: super_admin
2026-03-09 14:16 +05:30: Access granted: User is super admin
2026-03-09 14:16 +05:30: [0mGET /api/stats/dashboard [32m200[0m 37.596 ms - -[0m
2026-03-09 14:16 +05:30: requireAssignedPages check for user: superadmin (ID: 1), roles: super_admin
2026-03-09 14:16 +05:30: Access granted: User is super admin
2026-03-09 14:16 +05:30: requireAssignedPages check for user: superadmin (ID: 1), roles: super_admin
2026-03-09 14:16 +05:30: Access granted: User is super admin
2026-03-09 14:16 +05:30: [0mGET /api/pages [32m200[0m 64.672 ms - -[0m
2026-03-09 14:16 +05:30: [0mGET /api/stats/dashboard [32m200[0m 73.719 ms - -[0m
2026-03-09 14:16 +05:30: requireAssignedPages check for user: superadmin (ID: 1), roles: super_admin
2026-03-09 14:16 +05:30: Access granted: User is super admin
2026-03-09 14:16 +05:30: requireAssignedPages check for user: superadmin (ID: 1), roles: super_admin
2026-03-09 14:16 +05:30: Access granted: User is super admin
2026-03-09 14:16 +05:30: [0mGET /api/pages [36m304[0m 19.923 ms - -[0m
2026-03-09 14:16 +05:30: [0mGET /api/stats/dashboard [32m200[0m 38.203 ms - -[0m
2026-03-09 14:16 +05:30: [0mGET /api/system/memory [32m200[0m 4.080 ms - 300[0m
2026-03-09 14:16 +05:30: [0mGET /api/system/cpu [32m200[0m 54.266 ms - -[0m
2026-03-09 14:16 +05:30: [0mGET /api/system/performance [32m200[0m 57.815 ms - -[0m
2026-03-09 14:17 +05:30: [0mGET /api/system/memory [32m200[0m 92.138 ms - 300[0m
2026-03-09 14:17 +05:30: [0mGET /api/system/info [32m200[0m 95.315 ms - 501[0m
2026-03-09 14:17 +05:30: [0mGET /api/system/processes [36m304[0m 99.837 ms - -[0m
2026-03-09 14:17 +05:30: [0mGET /api/system/cpu [32m200[0m 95.335 ms - -[0m
2026-03-09 14:17 +05:30: [0mGET /api/system/performance [32m200[0m 94.031 ms - -[0m
2026-03-09 14:17 +05:30: [0mGET /api/system/memory [32m200[0m 26.176 ms - 299[0m
2026-03-09 14:17 +05:30: [0mGET /api/system/health [32m200[0m 35.939 ms - 269[0m
2026-03-09 14:17 +05:30: [0mGET /api/system/info [32m200[0m 66.470 ms - 501[0m
2026-03-09 14:17 +05:30: [0mGET /api/system/network [36m304[0m 108.439 ms - -[0m
2026-03-09 14:17 +05:30: [0mGET /api/system/processes [36m304[0m 104.206 ms - -[0m
2026-03-09 14:17 +05:30: [0mGET /api/system/process-stats [32m200[0m 104.072 ms - 816[0m
2026-03-09 14:17 +05:30: requireAssignedPages check for user: superadmin (ID: 1), roles: super_admin
2026-03-09 14:17 +05:30: Access granted: User is super admin
2026-03-09 14:17 +05:30: [0mGET /api/system/cpu [32m200[0m 16.563 ms - -[0m
2026-03-09 14:17 +05:30: [0mGET /api/system/performance [32m200[0m 99.522 ms - -[0m
2026-03-09 14:17 +05:30: requireAssignedPages check for user: superadmin (ID: 1), roles: super_admin
2026-03-09 14:17 +05:30: Access granted: User is super admin
2026-03-09 14:17 +05:30: [0mGET /api/system/health [32m200[0m 49.211 ms - 269[0m
2026-03-09 14:17 +05:30: [0mGET /api/pages [36m304[0m 103.793 ms - -[0m
2026-03-09 14:17 +05:30: [0mGET /api/stats/dashboard [32m200[0m 153.606 ms - -[0m
2026-03-09 14:17 +05:30: [0mGET /api/system/process-stats [32m200[0m 15.404 ms - 815[0m
2026-03-09 14:17 +05:30: [0mGET /api/system/network [36m304[0m 45.484 ms - -[0m
2026-03-09 14:17 +05:30: [0mGET /api/system/memory [32m200[0m 195.873 ms - 300[0m
2026-03-09 14:17 +05:30: [0mGET /api/system/info [32m200[0m 212.770 ms - 501[0m
2026-03-09 14:17 +05:30: [0mGET /api/system/processes [36m304[0m 207.717 ms - -[0m
2026-03-09 14:17 +05:30: [0mGET /api/pages/my-pages-hierarchy?_t=1773046029138 [32m200[0m 253.318 ms - 591[0m
2026-03-09 14:17 +05:30: [0mGET /api/system/cpu [32m200[0m 197.287 ms - -[0m
2026-03-09 14:17 +05:30: [0mGET /api/system/performance [32m200[0m 136.031 ms - -[0m
2026-03-09 14:17 +05:30: [0mGET /api/system/health [32m200[0m 14.903 ms - 269[0m
2026-03-09 14:17 +05:30: [0mGET /api/system/network [36m304[0m 65.913 ms - -[0m
2026-03-09 14:17 +05:30: [0mGET /api/system/process-stats [32m200[0m 55.914 ms - 816[0m
2026-03-09 14:17 +05:30: requireAssignedPages check for user: superadmin (ID: 1), roles: super_admin
2026-03-09 14:17 +05:30: Access granted: User is super admin
2026-03-09 14:17 +05:30: requireAssignedPages check for user: superadmin (ID: 1), roles: super_admin
2026-03-09 14:17 +05:30: Access granted: User is super admin
2026-03-09 14:17 +05:30: [0mGET /api/pages [36m304[0m 70.198 ms - -[0m
2026-03-09 14:17 +05:30: [0mGET /api/stats/dashboard [32m200[0m 95.098 ms - -[0m
2026-03-09 14:17 +05:30: requireAssignedPages check for user: superadmin (ID: 1), roles: super_admin
2026-03-09 14:17 +05:30: Access granted: User is super admin
2026-03-09 14:17 +05:30: requireAssignedPages check for user: superadmin (ID: 1), roles: super_admin
2026-03-09 14:17 +05:30: Access granted: User is super admin
2026-03-09 14:17 +05:30: [0mGET /api/pages [36m304[0m 29.417 ms - -[0m
2026-03-09 14:17 +05:30: [0mGET /api/stats/dashboard [32m200[0m 69.067 ms - -[0m
2026-03-09 14:17 +05:30: [0mGET /api/system/memory [32m200[0m 121.324 ms - 300[0m
2026-03-09 14:17 +05:30: [0mGET /api/system/info [32m200[0m 32.031 ms - 511[0m
2026-03-09 14:17 +05:30: [0mGET /api/system/cpu [32m200[0m 125.598 ms - -[0m
2026-03-09 14:17 +05:30: [0mGET /api/system/performance [32m200[0m 121.035 ms - -[0m
2026-03-09 14:17 +05:30: [0mGET /api/system/processes [36m304[0m 31.834 ms - -[0m
2026-03-09 14:17 +05:30: [0mGET /api/system/network [36m304[0m 40.273 ms - -[0m
2026-03-09 14:17 +05:30: [0mGET /api/system/health [32m200[0m 38.157 ms - 269[0m
2026-03-09 14:17 +05:30: [0mGET /api/system/process-stats [32m200[0m 19.243 ms - 815[0m
2026-03-09 14:17 +05:30: requireAssignedPages check for user: superadmin (ID: 1), roles: super_admin
2026-03-09 14:17 +05:30: Access granted: User is super admin
2026-03-09 14:17 +05:30: requireAssignedPages check for user: superadmin (ID: 1), roles: super_admin
2026-03-09 14:17 +05:30: Access granted: User is super admin
2026-03-09 14:17 +05:30: [0mGET /api/system/memory [32m200[0m 33.685 ms - 300[0m
2026-03-09 14:17 +05:30: [0mGET /api/system/info [32m200[0m 40.232 ms - 511[0m
2026-03-09 14:17 +05:30: [0mGET /api/pages [36m304[0m 92.819 ms - -[0m
2026-03-09 14:17 +05:30: [0mGET /api/stats/dashboard [32m200[0m 150.294 ms - -[0m
2026-03-09 14:17 +05:30: [0mGET /api/system/cpu [32m200[0m 20.788 ms - -[0m
2026-03-09 14:17 +05:30: [0mGET /api/system/processes [36m304[0m 6.187 ms - -[0m
2026-03-09 14:17 +05:30: [0mGET /api/system/network [36m304[0m 125.799 ms - -[0m
2026-03-09 14:17 +05:30: [0mGET /api/system/health [32m200[0m 120.729 ms - 269[0m
2026-03-09 14:17 +05:30: [0mGET /api/system/process-stats [32m200[0m 119.058 ms - 816[0m
2026-03-09 14:17 +05:30: [0mGET /api/system/performance [32m200[0m 95.498 ms - -[0m
2026-03-09 14:17 +05:30: [0mGET /api/system/memory [32m200[0m 33.995 ms - 300[0m
2026-03-09 14:17 +05:30: [0mGET /api/system/cpu [32m200[0m 35.544 ms - -[0m
2026-03-09 14:17 +05:30: [0mGET /api/system/performance [32m200[0m 35.533 ms - -[0m
2026-03-09 14:17 +05:30: [0mGET /api/lines?search=&page=1&limit=10 [36m304[0m 4.205 ms - -[0m
2026-03-09 14:17 +05:30: [0mGET /api/pages/my-pages-hierarchy?_t=1773046061224 [32m200[0m 14.106 ms - 591[0m
2026-03-09 14:17 +05:30: [0mGET /api/pages/my-pages-hierarchy?_t=1773046061221 [32m200[0m 28.844 ms - 591[0m
2026-03-09 14:17 +05:30: [0mGET /api/lines?search=&page=1&limit=10 [36m304[0m 6.921 ms - -[0m
2026-03-09 14:17 +05:30: [0mGET /api/pages/my-pages-hierarchy?_t=1773046064623 [32m200[0m 62.610 ms - 591[0m
2026-03-09 14:17 +05:30: [0mGET /api/system/performance [32m200[0m 49.808 ms - -[0m
2026-03-09 14:17 +05:30: [0mGET /api/system/memory [32m200[0m 13.412 ms - 297[0m
2026-03-09 14:17 +05:30: [0mGET /api/system/cpu [32m200[0m 13.281 ms - -[0m
2026-03-09 14:17 +05:30: [0mGET /api/system/info [32m200[0m 14.169 ms - 513[0m
2026-03-09 14:17 +05:30: [0mGET /api/system/processes [36m304[0m 13.418 ms - -[0m
2026-03-09 14:17 +05:30: [0mGET /api/system/process-stats [32m200[0m 19.848 ms - 816[0m
2026-03-09 14:17 +05:30: [0mGET /api/system/health [32m200[0m 15.085 ms - 269[0m
2026-03-09 14:17 +05:30: [0mGET /api/system/network [36m304[0m 26.475 ms - -[0m
2026-03-09 14:17 +05:30: requireAssignedPages check for user: superadmin (ID: 1), roles: super_admin
2026-03-09 14:17 +05:30: Access granted: User is super admin
2026-03-09 14:17 +05:30: [0mGET /api/system/memory [32m200[0m 31.506 ms - 297[0m
2026-03-09 14:17 +05:30: [0mGET /api/system/info [32m200[0m 27.100 ms - 513[0m
2026-03-09 14:17 +05:30: [0mGET /api/pages/my-pages-hierarchy?_t=1773046064627 [32m200[0m 107.519 ms - 591[0m
2026-03-09 14:17 +05:30: [0mGET /api/system/performance [32m200[0m 61.534 ms - -[0m
2026-03-09 14:17 +05:30: [0mGET /api/system/cpu [32m200[0m 31.795 ms - -[0m
2026-03-09 14:17 +05:30: [0mGET /api/system/processes [36m304[0m 26.717 ms - -[0m
2026-03-09 14:17 +05:30: [0mGET /api/system/process-stats [32m200[0m 22.803 ms - 816[0m
2026-03-09 14:17 +05:30: [0mGET /api/system/health [32m200[0m 17.531 ms - 269[0m
2026-03-09 14:17 +05:30: [0mGET /api/system/network [36m304[0m 30.650 ms - -[0m
2026-03-09 14:17 +05:30: [0mGET /api/stats/dashboard [32m200[0m 144.860 ms - -[0m
2026-03-09 14:17 +05:30: requireAssignedPages check for user: superadmin (ID: 1), roles: super_admin
2026-03-09 14:17 +05:30: Access granted: User is super admin
2026-03-09 14:17 +05:30: [0mGET /api/stats/dashboard [32m200[0m 27.146 ms - -[0m
2026-03-09 14:18 +05:30: [0mGET /api/system/memory [32m200[0m 44.543 ms - 296[0m
2026-03-09 14:18 +05:30: [0mGET /api/system/info [32m200[0m 46.869 ms - 513[0m
2026-03-09 14:18 +05:30: [0mGET /api/system/processes [36m304[0m 7.120 ms - -[0m
2026-03-09 14:18 +05:30: [0mGET /api/system/cpu [32m200[0m 45.216 ms - -[0m
2026-03-09 14:18 +05:30: [0mGET /api/system/performance [32m200[0m 48.333 ms - -[0m
2026-03-09 14:18 +05:30: [0mGET /api/pages/my-pages-hierarchy?_t=1773046087613 [32m200[0m 78.540 ms - 591[0m
2026-03-09 14:18 +05:30: [0mGET /api/system/health [32m200[0m 24.416 ms - 269[0m
2026-03-09 14:18 +05:30: [0mGET /api/system/memory [32m200[0m 18.869 ms - 296[0m
2026-03-09 14:18 +05:30: [0mGET /api/system/info [32m200[0m 17.860 ms - 512[0m
2026-03-09 14:18 +05:30: [0mGET /api/system/network [36m304[0m 30.025 ms - -[0m
2026-03-09 14:18 +05:30: [0mGET /api/system/processes [36m304[0m 28.884 ms - -[0m
2026-03-09 14:18 +05:30: [0mGET /api/system/process-stats [32m200[0m 43.795 ms - 816[0m
2026-03-09 14:18 +05:30: requireAssignedPages check for user: superadmin (ID: 1), roles: super_admin
2026-03-09 14:18 +05:30: Access granted: User is super admin
2026-03-09 14:18 +05:30: [0mGET /api/system/cpu [32m200[0m 24.963 ms - -[0m
2026-03-09 14:18 +05:30: requireAssignedPages check for user: superadmin (ID: 1), roles: super_admin
2026-03-09 14:18 +05:30: Access granted: User is super admin
2026-03-09 14:18 +05:30: [0mGET /api/system/performance [32m200[0m 45.560 ms - -[0m
2026-03-09 14:18 +05:30: [0mGET /api/system/health [32m200[0m 13.352 ms - 269[0m
2026-03-09 14:18 +05:30: [0mGET /api/pages/my-pages-hierarchy?_t=1773046087617 [32m200[0m 65.223 ms - 591[0m
2026-03-09 14:18 +05:30: [0mGET /api/system/network [36m304[0m 28.845 ms - -[0m
2026-03-09 14:18 +05:30: [0mGET /api/pages [36m304[0m 86.142 ms - -[0m
2026-03-09 14:18 +05:30: [0mGET /api/system/process-stats [32m200[0m 22.124 ms - 816[0m
2026-03-09 14:18 +05:30: requireAssignedPages check for user: superadmin (ID: 1), roles: super_admin
2026-03-09 14:18 +05:30: Access granted: User is super admin
2026-03-09 14:18 +05:30: [0mGET /api/stats/dashboard [32m200[0m 109.319 ms - -[0m
2026-03-09 14:18 +05:30: [0mGET /api/pages [36m304[0m 17.523 ms - -[0m
2026-03-09 14:18 +05:30: requireAssignedPages check for user: superadmin (ID: 1), roles: super_admin
2026-03-09 14:18 +05:30: Access granted: User is super admin
2026-03-09 14:18 +05:30: [0mGET /api/stats/dashboard [32m200[0m 17.873 ms - -[0m
2026-03-09 14:18 +05:30: [0mGET /api/system/memory [32m200[0m 25.477 ms - 296[0m
2026-03-09 14:18 +05:30: [0mGET /api/system/cpu [32m200[0m 27.594 ms - -[0m
2026-03-09 14:18 +05:30: [0mGET /api/system/performance [32m200[0m 29.705 ms - -[0m
2026-03-09 14:18 +05:30: [0mGET /api/system/memory [32m200[0m 23.875 ms - 296[0m
2026-03-09 14:18 +05:30: [0mGET /api/system/info [32m200[0m 23.840 ms - 512[0m
2026-03-09 14:18 +05:30: [0mGET /api/system/cpu [32m200[0m 25.641 ms - -[0m
2026-03-09 14:18 +05:30: [0mGET /api/system/performance [32m200[0m 28.422 ms - -[0m
2026-03-09 14:18 +05:30: [0mGET /api/system/processes [36m304[0m 10.595 ms - -[0m
2026-03-09 14:18 +05:30: [0mGET /api/system/health [32m200[0m 9.772 ms - 269[0m
2026-03-09 14:18 +05:30: [0mGET /api/system/network [36m304[0m 14.366 ms - -[0m
2026-03-09 14:18 +05:30: [0mGET /api/system/process-stats [32m200[0m 12.718 ms - 816[0m
2026-03-09 14:18 +05:30: [0mGET /api/system/memory [32m200[0m 25.909 ms - 296[0m
2026-03-09 14:18 +05:30: [0mGET /api/system/cpu [32m200[0m 28.124 ms - -[0m
2026-03-09 14:18 +05:30: [0mGET /api/system/performance [32m200[0m 29.875 ms - -[0m
2026-03-09 14:19 +05:30: requireAssignedPages check for user: superadmin (ID: 1), roles: super_admin
2026-03-09 14:19 +05:30: Access granted: User is super admin
2026-03-09 14:19 +05:30: [0mGET /api/pages/my-pages-hierarchy?_t=1773046147982 [32m200[0m 11.471 ms - 591[0m
2026-03-09 14:19 +05:30: [0mGET /api/pages/my-pages-hierarchy?_t=1773046147984 [32m200[0m 12.702 ms - 591[0m
2026-03-09 14:19 +05:30: [0mGET /api/pages [36m304[0m 16.278 ms - -[0m
2026-03-09 14:19 +05:30: requireAssignedPages check for user: superadmin (ID: 1), roles: super_admin
2026-03-09 14:19 +05:30: Access granted: User is super admin
2026-03-09 14:19 +05:30: [0mGET /api/pages [36m304[0m 7.426 ms - -[0m
2026-03-09 14:19 +05:30: [0mGET /api/pages/my-pages-hierarchy?_t=1773046152554 [32m200[0m 12.778 ms - 591[0m
2026-03-09 14:19 +05:30: [0mGET /api/system/memory [32m200[0m 10.765 ms - 297[0m
2026-03-09 14:19 +05:30: [0mGET /api/system/info [32m200[0m 10.332 ms - 501[0m
2026-03-09 14:19 +05:30: [0mGET /api/system/cpu [32m200[0m 45.922 ms - -[0m
2026-03-09 14:19 +05:30: [0mGET /api/system/performance [32m200[0m 39.670 ms - -[0m
2026-03-09 14:19 +05:30: requireAssignedPages check for user: superadmin (ID: 1), roles: super_admin
2026-03-09 14:19 +05:30: Access granted: User is super admin
2026-03-09 14:19 +05:30: [0mGET /api/system/processes [36m304[0m 8.013 ms - -[0m
2026-03-09 14:19 +05:30: [0mGET /api/system/health [32m200[0m 15.899 ms - 376[0m
2026-03-09 14:19 +05:30: [0mGET /api/system/network [36m304[0m 27.526 ms - -[0m
2026-03-09 14:19 +05:30: [0mGET /api/system/process-stats [32m200[0m 25.815 ms - 816[0m
2026-03-09 14:19 +05:30: [0mGET /api/system/memory [32m200[0m 23.358 ms - 297[0m
2026-03-09 14:19 +05:30: [0mGET /api/pages [36m304[0m 49.050 ms - -[0m
2026-03-09 14:19 +05:30: [0mGET /api/system/info [32m200[0m 29.652 ms - 500[0m
2026-03-09 14:19 +05:30: requireAssignedPages check for user: superadmin (ID: 1), roles: super_admin
2026-03-09 14:19 +05:30: Access granted: User is super admin
2026-03-09 14:19 +05:30: [0mGET /api/system/processes [36m304[0m 38.472 ms - -[0m
2026-03-09 14:19 +05:30: [0mGET /api/system/health [32m200[0m 43.052 ms - 269[0m
2026-03-09 14:19 +05:30: [0mGET /api/system/cpu [32m200[0m 20.972 ms - -[0m
2026-03-09 14:19 +05:30: [0mGET /api/system/performance [32m200[0m 44.828 ms - -[0m
2026-03-09 14:19 +05:30: [0mGET /api/pages/my-pages-hierarchy?_t=1773046152558 [32m200[0m 68.648 ms - 591[0m
2026-03-09 14:19 +05:30: [0mGET /api/system/network [36m304[0m 31.766 ms - -[0m
2026-03-09 14:19 +05:30: [0mGET /api/system/process-stats [32m200[0m 26.032 ms - 815[0m
2026-03-09 14:19 +05:30: requireAssignedPages check for user: superadmin (ID: 1), roles: super_admin
2026-03-09 14:19 +05:30: Access granted: User is super admin
2026-03-09 14:19 +05:30: [0mGET /api/stats/dashboard [32m200[0m 103.067 ms - -[0m
2026-03-09 14:19 +05:30: [0mGET /api/pages [36m304[0m 20.765 ms - -[0m
2026-03-09 14:19 +05:30: requireAssignedPages check for user: superadmin (ID: 1), roles: super_admin
2026-03-09 14:19 +05:30: Access granted: User is super admin
2026-03-09 14:19 +05:30: [0mGET /api/stats/dashboard [32m200[0m 20.635 ms - -[0m
2026-03-09 14:19 +05:30: [0mGET /api/system/memory [32m200[0m 30.355 ms - 297[0m
2026-03-09 14:19 +05:30: [0mGET /api/system/cpu [32m200[0m 31.333 ms - -[0m
2026-03-09 14:19 +05:30: [0mGET /api/system/performance [32m200[0m 34.419 ms - -[0m
2026-03-09 14:19 +05:30: [0mGET /api/system/memory [32m200[0m 21.892 ms - 296[0m
2026-03-09 14:19 +05:30: [0mGET /api/system/cpu [32m200[0m 23.974 ms - -[0m
2026-03-09 14:19 +05:30: [0mGET /api/system/performance [32m200[0m 26.302 ms - -[0m
2026-03-09 14:19 +05:30: [0mGET /api/system/info [32m200[0m 10.726 ms - 501[0m
2026-03-09 14:19 +05:30: [0mGET /api/system/processes [36m304[0m 9.791 ms - -[0m
2026-03-09 14:19 +05:30: [0mGET /api/system/health [32m200[0m 9.858 ms - 269[0m
2026-03-09 14:19 +05:30: [0mGET /api/system/network [36m304[0m 17.553 ms - -[0m
2026-03-09 14:19 +05:30: [0mGET /api/system/process-stats [32m200[0m 16.653 ms - 816[0m
2026-03-09 14:19 +05:30: [0mGET /api/system/memory [32m200[0m 17.421 ms - 296[0m
2026-03-09 14:19 +05:30: [0mGET /api/system/cpu [32m200[0m 18.657 ms - -[0m
2026-03-09 14:19 +05:30: [0mGET /api/system/performance [32m200[0m 19.613 ms - -[0m
2026-03-09 14:20 +05:30: [0mGET /api/system/memory [32m200[0m 23.148 ms - 297[0m
2026-03-09 14:20 +05:30: [0mGET /api/system/info [32m200[0m 21.859 ms - 513[0m
2026-03-09 14:20 +05:30: [0mGET /api/system/processes [36m304[0m 21.516 ms - -[0m
2026-03-09 14:20 +05:30: [0mGET /api/system/cpu [32m200[0m 24.312 ms - -[0m
2026-03-09 14:20 +05:30: [0mGET /api/system/performance [32m200[0m 26.291 ms - -[0m
2026-03-09 14:20 +05:30: [0mGET /api/system/health [32m200[0m 9.576 ms - 269[0m
2026-03-09 14:20 +05:30: [0mGET /api/system/network [36m304[0m 13.773 ms - -[0m
2026-03-09 14:20 +05:30: [0mGET /api/system/process-stats [32m200[0m 11.810 ms - 816[0m
2026-03-09 14:20 +05:30: [0mGET /api/system/memory [32m200[0m 18.088 ms - 296[0m
2026-03-09 14:20 +05:30: [0mGET /api/system/cpu [32m200[0m 19.241 ms - -[0m
2026-03-09 14:20 +05:30: [0mGET /api/system/performance [32m200[0m 20.252 ms - -[0m
2026-03-09 14:20 +05:30: [0mGET /api/system/memory [32m200[0m 22.456 ms - 297[0m
2026-03-09 14:20 +05:30: [0mGET /api/system/info [32m200[0m 22.506 ms - 513[0m
2026-03-09 14:20 +05:30: [0mGET /api/system/processes [36m304[0m 22.495 ms - -[0m
2026-03-09 14:20 +05:30: [0mGET /api/system/cpu [32m200[0m 24.396 ms - -[0m
2026-03-09 14:20 +05:30: [0mGET /api/system/performance [32m200[0m 26.217 ms - -[0m
2026-03-09 14:20 +05:30: [0mGET /api/system/health [32m200[0m 5.324 ms - 114[0m
2026-03-09 14:20 +05:30: [0mGET /api/system/network [36m304[0m 15.889 ms - -[0m
2026-03-09 14:20 +05:30: [0mGET /api/system/process-stats [32m200[0m 13.340 ms - 816[0m
2026-03-09 14:20 +05:30: [0mGET /api/system/memory [32m200[0m 22.412 ms - 297[0m
2026-03-09 14:20 +05:30: [0mGET /api/system/cpu [32m200[0m 25.479 ms - -[0m
2026-03-09 14:20 +05:30: [0mGET /api/system/performance [32m200[0m 28.565 ms - -[0m
2026-03-09 14:21 +05:30: [0mGET /api/pages/my-pages-hierarchy?_t=1773046299874 [32m200[0m 22.220 ms - 591[0m
2026-03-09 14:21 +05:30: [0mGET /api/system/cpu [32m200[0m 14.769 ms - -[0m
2026-03-09 14:21 +05:30: [0mGET /api/pages/my-pages-hierarchy?_t=1773046299880 [32m200[0m 19.265 ms - 591[0m
2026-03-09 14:21 +05:30: [0mGET /api/system/memory [32m200[0m 81.154 ms - 297[0m
2026-03-09 14:21 +05:30: [0mGET /api/system/processes [36m304[0m 79.023 ms - -[0m
2026-03-09 14:21 +05:30: [0mGET /api/system/info [32m200[0m 12.143 ms - 500[0m
2026-03-09 14:21 +05:30: [0mGET /api/system/performance [32m200[0m 83.673 ms - -[0m
2026-03-09 14:21 +05:30: [0mGET /api/system/health [32m200[0m 20.120 ms - 269[0m
2026-03-09 14:21 +05:30: [0mGET /api/system/network [36m304[0m 46.711 ms - -[0m
2026-03-09 14:21 +05:30: [0mGET /api/system/process-stats [32m200[0m 44.367 ms - 816[0m
2026-03-09 14:21 +05:30: requireAssignedPages check for user: superadmin (ID: 1), roles: super_admin
2026-03-09 14:21 +05:30: Access granted: User is super admin
2026-03-09 14:21 +05:30: [0mGET /api/system/processes [36m304[0m 22.776 ms - -[0m
2026-03-09 14:21 +05:30: [0mGET /api/system/memory [32m200[0m 20.233 ms - 297[0m
2026-03-09 14:21 +05:30: [0mGET /api/system/info [32m200[0m 68.103 ms - 500[0m
2026-03-09 14:21 +05:30: [0mGET /api/system/cpu [32m200[0m 32.941 ms - -[0m
2026-03-09 14:21 +05:30: [0mGET /api/system/performance [32m200[0m 65.478 ms - -[0m
2026-03-09 14:21 +05:30: [0mGET /api/system/network [36m304[0m 49.521 ms - -[0m
2026-03-09 14:21 +05:30: [0mGET /api/system/health [32m200[0m 54.766 ms - 269[0m
2026-03-09 14:21 +05:30: [0mGET /api/system/process-stats [32m200[0m 47.652 ms - 816[0m
2026-03-09 14:21 +05:30: [0mGET /api/stats/dashboard [32m200[0m 127.038 ms - -[0m
2026-03-09 14:21 +05:30: requireAssignedPages check for user: superadmin (ID: 1), roles: super_admin
2026-03-09 14:21 +05:30: Access granted: User is super admin
2026-03-09 14:21 +05:30: [0mGET /api/stats/dashboard [32m200[0m 27.724 ms - -[0m
2026-03-09 14:21 +05:30: requireAssignedPages check for user: superadmin (ID: 1), roles: super_admin
2026-03-09 14:21 +05:30: Access granted: User is super admin
2026-03-09 14:21 +05:30: [0mGET /api/stats/dashboard [32m200[0m 24.925 ms - -[0m
2026-03-09 14:21 +05:30: requireAssignedPages check for user: superadmin (ID: 1), roles: super_admin
2026-03-09 14:21 +05:30: Access granted: User is super admin
2026-03-09 14:21 +05:30: [0mGET /api/stats/dashboard [32m200[0m 23.734 ms - -[0m
2026-03-09 14:21 +05:30: [0mGET /api/system/memory [32m200[0m 21.591 ms - 297[0m
2026-03-09 14:21 +05:30: [0mGET /api/system/cpu [32m200[0m 22.702 ms - -[0m
2026-03-09 14:21 +05:30: [0mGET /api/system/performance [32m200[0m 23.534 ms - -[0m
2026-03-09 14:22 +05:30: requireAssignedPages check for user: superadmin (ID: 1), roles: super_admin
2026-03-09 14:22 +05:30: Access granted: User is super admin
2026-03-09 14:22 +05:30: [0mGET /api/stats/dashboard [32m200[0m 26.316 ms - -[0m
2026-03-09 14:22 +05:30: [0mGET /api/system/performance [32m200[0m 27.386 ms - -[0m
2026-03-09 14:22 +05:30: [0mGET /api/system/memory [32m200[0m 5.808 ms - 297[0m
2026-03-09 14:22 +05:30: [0mGET /api/system/cpu [32m200[0m 9.411 ms - -[0m
2026-03-09 14:22 +05:30: [0mGET /api/system/processes [36m304[0m 14.062 ms - -[0m
2026-03-09 14:22 +05:30: [0mGET /api/system/info [32m200[0m 13.123 ms - 511[0m
2026-03-09 14:22 +05:30: [0mGET /api/system/health [32m200[0m 11.416 ms - 269[0m
2026-03-09 14:22 +05:30: [0mGET /api/system/network [36m304[0m 17.711 ms - -[0m
2026-03-09 14:22 +05:30: [0mGET /api/system/process-stats [32m200[0m 16.639 ms - 816[0m
2026-03-09 14:22 +05:30: [0mGET /api/system/memory [32m200[0m 39.847 ms - 297[0m
2026-03-09 14:22 +05:30: [0mGET /api/system/info [32m200[0m 38.629 ms - 513[0m
2026-03-09 14:22 +05:30: [0mGET /api/system/processes [36m304[0m 36.852 ms - -[0m
2026-03-09 14:22 +05:30: [0mGET /api/system/cpu [32m200[0m 43.452 ms - -[0m
2026-03-09 14:22 +05:30: [0mGET /api/system/performance [32m200[0m 46.423 ms - -[0m
2026-03-09 14:22 +05:30: [0mGET /api/pages/my-pages-hierarchy?_t=1773046331627 [32m200[0m 62.390 ms - 591[0m
2026-03-09 14:22 +05:30: [0mGET /api/system/health [32m200[0m 6.196 ms - 269[0m
2026-03-09 14:22 +05:30: [0mGET /api/system/network [36m304[0m 24.457 ms - -[0m
2026-03-09 14:22 +05:30: [0mGET /api/system/process-stats [32m200[0m 21.987 ms - 816[0m
2026-03-09 14:22 +05:30: [0mGET /api/system/memory [32m200[0m 25.269 ms - 297[0m
2026-03-09 14:22 +05:30: [0mGET /api/system/info [32m200[0m 24.674 ms - 513[0m
2026-03-09 14:22 +05:30: [0mGET /api/system/processes [36m304[0m 21.016 ms - -[0m
2026-03-09 14:22 +05:30: requireAssignedPages check for user: superadmin (ID: 1), roles: super_admin
2026-03-09 14:22 +05:30: Access granted: User is super admin
2026-03-09 14:22 +05:30: [0mGET /api/system/health [32m200[0m 39.913 ms - 269[0m
2026-03-09 14:22 +05:30: [0mGET /api/system/network [36m304[0m 46.982 ms - -[0m
2026-03-09 14:22 +05:30: [0mGET /api/pages/my-pages-hierarchy?_t=1773046331630 [32m200[0m 72.122 ms - 591[0m
2026-03-09 14:22 +05:30: [0mGET /api/system/cpu [32m200[0m 15.558 ms - -[0m
2026-03-09 14:22 +05:30: [0mGET /api/system/performance [32m200[0m 40.342 ms - -[0m
2026-03-09 14:22 +05:30: [0mGET /api/system/process-stats [32m200[0m 8.759 ms - 816[0m
2026-03-09 14:22 +05:30: [0mGET /api/stats/dashboard [32m200[0m 80.101 ms - -[0m
2026-03-09 14:22 +05:30: requireAssignedPages check for user: superadmin (ID: 1), roles: super_admin
2026-03-09 14:22 +05:30: Access granted: User is super admin
2026-03-09 14:22 +05:30: [0mGET /api/stats/dashboard [32m200[0m 15.823 ms - -[0m
2026-03-09 14:22 +05:30: [0mGET /api/system/memory [32m200[0m 18.606 ms - 297[0m
2026-03-09 14:22 +05:30: [0mGET /api/system/cpu [32m200[0m 19.768 ms - -[0m
2026-03-09 14:22 +05:30: [0mGET /api/system/performance [32m200[0m 21.292 ms - -[0m
2026-03-09 14:22 +05:30: [0mGET /api/system/memory [32m200[0m 7.820 ms - 297[0m
2026-03-09 14:22 +05:30: [0mGET /api/system/info [32m200[0m 7.976 ms - 500[0m
2026-03-09 14:22 +05:30: [0mGET /api/system/processes [36m304[0m 7.418 ms - -[0m
2026-03-09 14:22 +05:30: [0mGET /api/system/performance [32m200[0m 22.546 ms - -[0m
2026-03-09 14:22 +05:30: [0mGET /api/system/cpu [32m200[0m 8.769 ms - -[0m
2026-03-09 14:22 +05:30: [0mGET /api/system/health [32m200[0m 7.921 ms - 269[0m
2026-03-09 14:22 +05:30: [0mGET /api/system/network [36m304[0m 13.750 ms - -[0m
2026-03-09 14:22 +05:30: [0mGET /api/system/process-stats [32m200[0m 12.410 ms - 816[0m
2026-03-09 14:22 +05:30: [0mGET /api/system/memory [32m200[0m 24.731 ms - 297[0m
2026-03-09 14:22 +05:30: [0mGET /api/system/cpu [32m200[0m 27.863 ms - -[0m
2026-03-09 14:22 +05:30: [0mGET /api/system/performance [32m200[0m 30.776 ms - -[0m
2026-03-09 14:23 +05:30: [0mGET /api/system/memory [32m200[0m 36.676 ms - 297[0m
2026-03-09 14:23 +05:30: [0mGET /api/system/info [32m200[0m 35.833 ms - 501[0m
2026-03-09 14:23 +05:30: [0mGET /api/system/cpu [32m200[0m 40.413 ms - -[0m
2026-03-09 14:23 +05:30: [0mGET /api/system/performance [32m200[0m 47.574 ms - -[0m
2026-03-09 14:23 +05:30: [0mGET /api/system/processes [36m304[0m 12.417 ms - -[0m
2026-03-09 14:23 +05:30: [0mGET /api/system/network [36m304[0m 17.935 ms - -[0m
2026-03-09 14:23 +05:30: [0mGET /api/system/health [32m200[0m 16.604 ms - 114[0m
2026-03-09 14:23 +05:30: [0mGET /api/system/process-stats [32m200[0m 15.230 ms - 816[0m
2026-03-09 14:23 +05:30: [0mGET /api/system/memory [32m200[0m 21.636 ms - 297[0m
2026-03-09 14:23 +05:30: [0mGET /api/system/cpu [32m200[0m 24.214 ms - -[0m
2026-03-09 14:23 +05:30: [0mGET /api/system/performance [32m200[0m 26.953 ms - -[0m
2026-03-09 14:23 +05:30: [0mGET /api/system/memory [32m200[0m 28.295 ms - 297[0m
2026-03-09 14:23 +05:30: [0mGET /api/system/info [32m200[0m 27.056 ms - 513[0m
2026-03-09 14:23 +05:30: [0mGET /api/system/processes [36m304[0m 25.199 ms - -[0m
2026-03-09 14:23 +05:30: [0mGET /api/system/cpu [32m200[0m 30.582 ms - -[0m
2026-03-09 14:23 +05:30: [0mGET /api/system/performance [32m200[0m 34.309 ms - -[0m
2026-03-09 14:23 +05:30: [0mGET /api/system/health [32m200[0m 10.058 ms - 269[0m
2026-03-09 14:23 +05:30: [0mGET /api/system/network [36m304[0m 15.285 ms - -[0m
2026-03-09 14:23 +05:30: [0mGET /api/system/process-stats [32m200[0m 11.694 ms - 816[0m
2026-03-09 14:23 +05:30: [0mGET /api/system/memory [32m200[0m 18.257 ms - 297[0m
2026-03-09 14:23 +05:30: [0mGET /api/system/cpu [32m200[0m 19.140 ms - -[0m
2026-03-09 14:23 +05:30: [0mGET /api/system/performance [32m200[0m 20.380 ms - -[0m
2026-03-09 14:24 +05:30: [0mGET /api/system/memory [32m200[0m 23.911 ms - 297[0m
2026-03-09 14:24 +05:30: [0mGET /api/system/info [32m200[0m 23.053 ms - 513[0m
2026-03-09 14:24 +05:30: [0mGET /api/system/processes [36m304[0m 21.909 ms - -[0m
2026-03-09 14:24 +05:30: [0mGET /api/system/cpu [32m200[0m 26.271 ms - -[0m
2026-03-09 14:24 +05:30: [0mGET /api/system/performance [32m200[0m 29.788 ms - -[0m
2026-03-09 14:24 +05:30: [0mGET /api/system/health [32m200[0m 8.741 ms - 114[0m
2026-03-09 14:24 +05:30: [0mGET /api/system/network [36m304[0m 16.099 ms - -[0m
2026-03-09 14:24 +05:30: [0mGET /api/system/process-stats [32m200[0m 15.142 ms - 816[0m
2026-03-09 14:24 +05:30: [0mGET /api/system/memory [32m200[0m 31.200 ms - 297[0m
2026-03-09 14:24 +05:30: [0mGET /api/system/cpu [32m200[0m 34.152 ms - -[0m
2026-03-09 14:24 +05:30: [0mGET /api/system/performance [32m200[0m 36.405 ms - -[0m
2026-03-09 14:24 +05:30: [0mGET /api/system/memory [32m200[0m 30.164 ms - 297[0m
2026-03-09 14:24 +05:30: [0mGET /api/system/info [32m200[0m 33.591 ms - 513[0m
2026-03-09 14:24 +05:30: [0mGET /api/system/processes [36m304[0m 7.268 ms - -[0m
2026-03-09 14:24 +05:30: [0mGET /api/system/cpu [32m200[0m 34.465 ms - -[0m
2026-03-09 14:24 +05:30: [0mGET /api/system/performance [32m200[0m 38.242 ms - -[0m
2026-03-09 14:24 +05:30: [0mGET /api/system/health [32m200[0m 7.330 ms - 114[0m
2026-03-09 14:24 +05:30: [0mGET /api/system/network [36m304[0m 15.438 ms - -[0m
2026-03-09 14:24 +05:30: [0mGET /api/system/process-stats [32m200[0m 13.988 ms - 816[0m
2026-03-09 14:24 +05:30: [0mGET /api/system/memory [32m200[0m 24.236 ms - 297[0m
2026-03-09 14:24 +05:30: [0mGET /api/system/cpu [32m200[0m 28.213 ms - -[0m
2026-03-09 14:24 +05:30: [0mGET /api/system/performance [32m200[0m 30.285 ms - -[0m
2026-03-09 14:25 +05:30: [0mGET /api/system/memory [32m200[0m 32.212 ms - 297[0m
2026-03-09 14:25 +05:30: [0mGET /api/system/info [32m200[0m 32.820 ms - 513[0m
2026-03-09 14:25 +05:30: [0mGET /api/system/processes [36m304[0m 10.479 ms - -[0m
2026-03-09 14:25 +05:30: [0mGET /api/system/cpu [32m200[0m 34.732 ms - -[0m
2026-03-09 14:25 +05:30: [0mGET /api/system/performance [32m200[0m 37.677 ms - -[0m
2026-03-09 14:25 +05:30: [0mGET /api/system/health [32m200[0m 11.477 ms - 269[0m
2026-03-09 14:25 +05:30: [0mGET /api/system/network [36m304[0m 16.258 ms - -[0m
2026-03-09 14:25 +05:30: [0mGET /api/system/process-stats [32m200[0m 14.114 ms - 816[0m
2026-03-09 14:25 +05:30: [0mGET /api/system/memory [32m200[0m 23.487 ms - 297[0m
2026-03-09 14:25 +05:30: [0mGET /api/system/cpu [32m200[0m 23.812 ms - -[0m
2026-03-09 14:25 +05:30: [0mGET /api/system/performance [32m200[0m 22.793 ms - -[0m
2026-03-09 14:25 +05:30: [0mGET /api/system/memory [32m200[0m 25.196 ms - 297[0m
2026-03-09 14:25 +05:30: [0mGET /api/system/info [32m200[0m 24.973 ms - 500[0m
2026-03-09 14:25 +05:30: [0mGET /api/system/processes [36m304[0m 11.130 ms - -[0m
2026-03-09 14:25 +05:30: [0mGET /api/system/health [32m200[0m 7.446 ms - 269[0m
2026-03-09 14:25 +05:30: [0mGET /api/system/cpu [32m200[0m 29.066 ms - -[0m
2026-03-09 14:25 +05:30: [0mGET /api/system/performance [32m200[0m 31.868 ms - -[0m
2026-03-09 14:25 +05:30: [0mGET /api/system/network [36m304[0m 18.610 ms - -[0m
2026-03-09 14:25 +05:30: [0mGET /api/system/process-stats [32m200[0m 17.989 ms - 815[0m
2026-03-09 14:25 +05:30: [0mGET /api/system/memory [32m200[0m 24.223 ms - 297[0m
2026-03-09 14:25 +05:30: [0mGET /api/system/cpu [32m200[0m 25.384 ms - -[0m
2026-03-09 14:25 +05:30: [0mGET /api/system/performance [32m200[0m 26.181 ms - -[0m
2026-03-09 14:26 +05:30: [0mGET /api/system/memory [32m200[0m 41.036 ms - 297[0m
2026-03-09 14:26 +05:30: [0mGET /api/system/info [32m200[0m 39.848 ms - 513[0m
2026-03-09 14:26 +05:30: [0mGET /api/system/cpu [32m200[0m 44.762 ms - -[0m
2026-03-09 14:26 +05:30: [0mGET /api/system/performance [32m200[0m 48.590 ms - -[0m
2026-03-09 14:26 +05:30: [0mGET /api/system/processes [36m304[0m 12.427 ms - -[0m
2026-03-09 14:26 +05:30: [0mGET /api/system/health [32m200[0m 11.061 ms - 114[0m
2026-03-09 14:26 +05:30: [0mGET /api/system/network [36m304[0m 16.566 ms - -[0m
2026-03-09 14:26 +05:30: [0mGET /api/system/process-stats [32m200[0m 15.642 ms - 815[0m
2026-03-09 14:26 +05:30: [0mGET /api/system/memory [32m200[0m 23.639 ms - 297[0m
2026-03-09 14:26 +05:30: [0mGET /api/system/cpu [32m200[0m 25.007 ms - -[0m
2026-03-09 14:26 +05:30: [0mGET /api/system/performance [32m200[0m 26.558 ms - -[0m
2026-03-09 14:26 +05:30: [0mGET /api/pages/my-pages-hierarchy?_t=1773046596194 [32m200[0m 24.947 ms - 591[0m
2026-03-09 14:26 +05:30: [0mGET /api/system/memory [32m200[0m 76.821 ms - 297[0m
2026-03-09 14:26 +05:30: [0mGET /api/system/info [32m200[0m 81.942 ms - 513[0m
2026-03-09 14:26 +05:30: [0mGET /api/system/processes [36m304[0m 23.683 ms - -[0m
2026-03-09 14:26 +05:30: [0mGET /api/system/cpu [32m200[0m 81.774 ms - -[0m
2026-03-09 14:26 +05:30: [0mGET /api/system/performance [32m200[0m 82.113 ms - -[0m
2026-03-09 14:26 +05:30: [0mGET /api/system/health [32m200[0m 21.172 ms - 269[0m
2026-03-09 14:26 +05:30: [0mGET /api/system/network [36m304[0m 35.166 ms - -[0m
2026-03-09 14:26 +05:30: [0mGET /api/system/process-stats [32m200[0m 29.891 ms - 816[0m
2026-03-09 14:26 +05:30: requireAssignedPages check for user: superadmin (ID: 1), roles: super_admin
2026-03-09 14:26 +05:30: Access granted: User is super admin
2026-03-09 14:26 +05:30: [0mGET /api/stats/dashboard [32m200[0m 19.168 ms - -[0m
2026-03-09 14:26 +05:30: requireAssignedPages check for user: superadmin (ID: 1), roles: super_admin
2026-03-09 14:26 +05:30: Access granted: User is super admin
2026-03-09 14:26 +05:30: [0mGET /api/stats/dashboard [32m200[0m 26.519 ms - -[0m
2026-03-09 14:26 +05:30: [0mGET /api/pages/my-pages-hierarchy?_t=1773046609516 [32m200[0m 16.304 ms - 591[0m
2026-03-09 14:26 +05:30: [0mGET /api/system/memory [32m200[0m 62.235 ms - 297[0m
2026-03-09 14:26 +05:30: [0mGET /api/system/info [32m200[0m 66.151 ms - 500[0m
2026-03-09 14:26 +05:30: [0mGET /api/system/performance [32m200[0m 65.678 ms - -[0m
2026-03-09 14:26 +05:30: [0mGET /api/system/processes [36m304[0m 49.095 ms - -[0m
2026-03-09 14:26 +05:30: [0mGET /api/system/health [32m200[0m 18.988 ms - 269[0m
2026-03-09 14:26 +05:30: [0mGET /api/system/cpu [32m200[0m 62.520 ms - -[0m
2026-03-09 14:26 +05:30: [0mGET /api/system/network [36m304[0m 34.949 ms - -[0m
2026-03-09 14:26 +05:30: [0mGET /api/system/process-stats [32m200[0m 16.224 ms - 815[0m
2026-03-09 14:26 +05:30: requireAssignedPages check for user: superadmin (ID: 1), roles: super_admin
2026-03-09 14:26 +05:30: Access granted: User is super admin
2026-03-09 14:26 +05:30: [0mGET /api/stats/dashboard [32m200[0m 41.822 ms - -[0m
2026-03-09 14:26 +05:30: [0mGET /api/pages/my-pages-hierarchy?_t=1773046613095 [32m200[0m 18.365 ms - 591[0m
2026-03-09 14:26 +05:30: [0mGET /api/system/memory [32m200[0m 74.139 ms - 298[0m
2026-03-09 14:26 +05:30: [0mGET /api/system/info [32m200[0m 71.452 ms - 512[0m
2026-03-09 14:26 +05:30: [0mGET /api/system/processes [36m304[0m 110.024 ms - -[0m
2026-03-09 14:26 +05:30: [0mGET /api/system/health [32m200[0m 57.981 ms - 269[0m
2026-03-09 14:26 +05:30: [0mGET /api/system/cpu [32m200[0m 80.328 ms - -[0m
2026-03-09 14:26 +05:30: [0mGET /api/system/performance [32m200[0m 75.870 ms - -[0m
2026-03-09 14:26 +05:30: [0mGET /api/activity?period=today&limit=10 [33m404[0m 3.954 ms - 93[0m
2026-03-09 14:26 +05:30: [0mGET /api/system/network [36m304[0m 76.306 ms - -[0m
2026-03-09 14:26 +05:30: [0mGET /api/system/process-stats [32m200[0m 71.487 ms - 816[0m
2026-03-09 14:26 +05:30: requireAssignedPages check for user: superadmin (ID: 1), roles: super_admin
2026-03-09 14:26 +05:30: Access granted: User is super admin
2026-03-09 14:26 +05:30: [0mGET /api/stats/dashboard [32m200[0m 50.549 ms - -[0m
2026-03-09 14:26 +05:30: [0mGET /api/system/memory [32m200[0m 71.085 ms - 296[0m
2026-03-09 14:26 +05:30: [0mGET /api/pages/my-pages-hierarchy?_t=1773046617792 [32m200[0m 104.120 ms - 591[0m
2026-03-09 14:26 +05:30: [0mGET /api/system/info [32m200[0m 72.618 ms - 525[0m
2026-03-09 14:26 +05:30: [0mGET /api/system/processes [36m304[0m 76.192 ms - -[0m
2026-03-09 14:26 +05:30: [0mGET /api/system/cpu [32m200[0m 31.166 ms - -[0m
2026-03-09 14:26 +05:30: [0mGET /api/system/performance [32m200[0m 79.195 ms - -[0m
2026-03-09 14:26 +05:30: [0mGET /api/activity?period=today&limit=10 [33m404[0m 1.240 ms - 93[0m
2026-03-09 14:26 +05:30: [0mGET /api/system/health [32m200[0m 32.656 ms - 269[0m
2026-03-09 14:26 +05:30: [0mGET /api/system/network [36m304[0m 51.400 ms - -[0m
2026-03-09 14:26 +05:30: [0mGET /api/system/process-stats [32m200[0m 54.834 ms - 816[0m
2026-03-09 14:26 +05:30: requireAssignedPages check for user: superadmin (ID: 1), roles: super_admin
2026-03-09 14:26 +05:30: Access granted: User is super admin
2026-03-09 14:26 +05:30: [0mGET /api/stats/dashboard [32m200[0m 35.202 ms - -[0m
2026-03-09 14:27 +05:30: [0mGET /api/system/memory [32m200[0m 26.687 ms - 297[0m
2026-03-09 14:27 +05:30: [0mGET /api/system/cpu [32m200[0m 28.652 ms - -[0m
2026-03-09 14:27 +05:30: [0mGET /api/system/performance [32m200[0m 31.513 ms - -[0m
2026-03-09 14:27 +05:30: [0mGET /api/system/memory [32m200[0m 46.878 ms - 297[0m
2026-03-09 14:27 +05:30: [0mGET /api/system/info [32m200[0m 45.685 ms - 526[0m
2026-03-09 14:27 +05:30: [0mGET /api/system/cpu [32m200[0m 48.522 ms - -[0m
2026-03-09 14:27 +05:30: [0mGET /api/system/performance [32m200[0m 49.987 ms - -[0m
2026-03-09 14:27 +05:30: [0mGET /api/system/processes [36m304[0m 10.897 ms - -[0m
2026-03-09 14:27 +05:30: [0mGET /api/system/health [32m200[0m 12.450 ms - 269[0m
2026-03-09 14:27 +05:30: [0mGET /api/system/network [36m304[0m 27.629 ms - -[0m
2026-03-09 14:27 +05:30: [0mGET /api/system/process-stats [32m200[0m 25.890 ms - 816[0m
2026-03-09 14:27 +05:30: [0mGET /api/activity?period=today&limit=10 [33m404[0m 0.501 ms - 93[0m
2026-03-09 14:27 +05:30: requireAssignedPages check for user: superadmin (ID: 1), roles: super_admin
2026-03-09 14:27 +05:30: Access granted: User is super admin
2026-03-09 14:27 +05:30: [0mGET /api/stats/dashboard [32m200[0m 17.416 ms - -[0m
2026-03-09 14:27 +05:30: [0mGET /api/system/memory [32m200[0m 33.340 ms - 297[0m
2026-03-09 14:27 +05:30: [0mGET /api/system/info [32m200[0m 34.155 ms - 512[0m
2026-03-09 14:27 +05:30: [0mGET /api/system/processes [36m304[0m 34.250 ms - -[0m
2026-03-09 14:27 +05:30: [0mGET /api/system/cpu [32m200[0m 35.178 ms - -[0m
2026-03-09 14:27 +05:30: [0mGET /api/system/performance [32m200[0m 37.064 ms - -[0m
2026-03-09 14:27 +05:30: [0mGET /api/pages/my-pages-hierarchy?_t=1773046649791 [32m200[0m 57.935 ms - 591[0m
2026-03-09 14:27 +05:30: [0mGET /api/system/health [32m200[0m 19.742 ms - 269[0m
2026-03-09 14:27 +05:30: [0mGET /api/system/network [36m304[0m 30.489 ms - -[0m
2026-03-09 14:27 +05:30: [0mGET /api/activity?period=today&limit=10 [33m404[0m 0.643 ms - 93[0m
2026-03-09 14:27 +05:30: [0mGET /api/system/process-stats [32m200[0m 38.082 ms - 816[0m
2026-03-09 14:27 +05:30: requireAssignedPages check for user: superadmin (ID: 1), roles: super_admin
2026-03-09 14:27 +05:30: Access granted: User is super admin
2026-03-09 14:27 +05:30: [0mGET /api/stats/dashboard [32m200[0m 24.567 ms - -[0m
2026-03-09 14:27 +05:30: [0mGET /api/system/memory [32m200[0m 30.210 ms - 297[0m
2026-03-09 14:27 +05:30: [0mGET /api/pages/my-pages-hierarchy?_t=1773046657848 [32m200[0m 47.466 ms - 591[0m
2026-03-09 14:27 +05:30: [0mGET /api/system/cpu [32m200[0m 30.687 ms - -[0m
2026-03-09 14:27 +05:30: [0mGET /api/system/performance [32m200[0m 33.283 ms - -[0m
2026-03-09 14:27 +05:30: [0mGET /api/system/info [32m200[0m 20.783 ms - 513[0m
2026-03-09 14:27 +05:30: [0mGET /api/system/processes [36m304[0m 19.723 ms - -[0m
2026-03-09 14:27 +05:30: [0mGET /api/system/memory [32m200[0m 18.003 ms - 297[0m
2026-03-09 14:27 +05:30: [0mGET /api/system/health [32m200[0m 16.942 ms - 269[0m
2026-03-09 14:27 +05:30: [0mGET /api/system/network [36m304[0m 24.494 ms - -[0m
2026-03-09 14:27 +05:30: [0mGET /api/activity?period=today&limit=10 [33m404[0m 0.337 ms - 93[0m
2026-03-09 14:27 +05:30: [0mGET /api/system/process-stats [32m200[0m 35.151 ms - 816[0m
2026-03-09 14:27 +05:30: requireAssignedPages check for user: superadmin (ID: 1), roles: super_admin
2026-03-09 14:27 +05:30: Access granted: User is super admin
2026-03-09 14:27 +05:30: [0mGET /api/system/cpu [32m200[0m 22.249 ms - -[0m
2026-03-09 14:27 +05:30: [0mGET /api/system/performance [32m200[0m 37.698 ms - -[0m
2026-03-09 14:27 +05:30: [0mGET /api/system/info [32m200[0m 13.428 ms - 513[0m
2026-03-09 14:27 +05:30: [0mGET /api/system/processes [36m304[0m 11.847 ms - -[0m
2026-03-09 14:27 +05:30: [0mGET /api/pages/my-pages-hierarchy?_t=1773046657850 [32m200[0m 53.178 ms - 591[0m
2026-03-09 14:27 +05:30: [0mGET /api/system/health [32m200[0m 8.853 ms - 269[0m
2026-03-09 14:27 +05:30: [0mGET /api/activity?period=today&limit=10 [33m404[0m 0.308 ms - 93[0m
2026-03-09 14:27 +05:30: [0mGET /api/system/network [36m304[0m 26.550 ms - -[0m
2026-03-09 14:27 +05:30: [0mGET /api/system/process-stats [32m200[0m 16.645 ms - 816[0m
2026-03-09 14:27 +05:30: [0mGET /api/stats/dashboard [32m200[0m 88.959 ms - -[0m
2026-03-09 14:27 +05:30: requireAssignedPages check for user: superadmin (ID: 1), roles: super_admin
2026-03-09 14:27 +05:30: Access granted: User is super admin
2026-03-09 14:27 +05:30: [0mGET /api/stats/dashboard [32m200[0m 11.254 ms - -[0m
2026-03-09 14:27 +05:30: [0mGET /api/system/memory [32m200[0m 19.155 ms - 297[0m
2026-03-09 14:27 +05:30: [0mGET /api/system/cpu [32m200[0m 20.157 ms - -[0m
2026-03-09 14:27 +05:30: [0mGET /api/system/performance [32m200[0m 20.887 ms - -[0m
2026-03-09 14:28 +05:30: [0mGET /api/pages/my-pages-hierarchy?_t=1773046682288 [32m200[0m 16.963 ms - 591[0m
2026-03-09 14:28 +05:30: requireAssignedPages check for user: superadmin (ID: 1), roles: super_admin
2026-03-09 14:28 +05:30: Access granted: User is super admin
2026-03-09 14:28 +05:30: [0mGET /api/roles/simple [32m200[0m 45.330 ms - 410[0m
2026-03-09 14:28 +05:30: [0mGET /api/pages/my-pages-hierarchy?_t=1773046682289 [32m200[0m 52.704 ms - 591[0m
2026-03-09 14:28 +05:30: [0mGET /api/users?page=1&limit=10&search= [32m200[0m 58.546 ms - -[0m
2026-03-09 14:28 +05:30: [0mGET /api/roles/simple [36m304[0m 21.107 ms - -[0m
2026-03-09 14:28 +05:30: requireAssignedPages check for user: superadmin (ID: 1), roles: super_admin
2026-03-09 14:28 +05:30: Access granted: User is super admin
2026-03-09 14:28 +05:30: [0mGET /api/users?page=1&limit=10&search= [36m304[0m 10.394 ms - -[0m
2026-03-09 14:28 +05:30: [0mGET /api/pages/my-pages-hierarchy?_t=1773046685271 [32m200[0m 17.066 ms - 591[0m
2026-03-09 14:28 +05:30: [0mGET /api/system/memory [32m200[0m 47.187 ms - 297[0m
2026-03-09 14:28 +05:30: [0mGET /api/system/info [32m200[0m 45.893 ms - 501[0m
2026-03-09 14:28 +05:30: [0mGET /api/system/processes [36m304[0m 12.669 ms - -[0m
2026-03-09 14:28 +05:30: [0mGET /api/system/cpu [32m200[0m 50.737 ms - -[0m
2026-03-09 14:28 +05:30: [0mGET /api/system/performance [32m200[0m 54.532 ms - -[0m
2026-03-09 14:28 +05:30: [0mGET /api/system/health [32m200[0m 23.733 ms - 269[0m
2026-03-09 14:28 +05:30: [0mGET /api/system/memory [32m200[0m 21.537 ms - 297[0m
2026-03-09 14:28 +05:30: [0mGET /api/system/info [32m200[0m 20.945 ms - 501[0m
2026-03-09 14:28 +05:30: [0mGET /api/system/network [36m304[0m 30.381 ms - -[0m
2026-03-09 14:28 +05:30: [0mGET /api/system/processes [36m304[0m 26.898 ms - -[0m
2026-03-09 14:28 +05:30: [0mGET /api/system/process-stats [32m200[0m 24.341 ms - 816[0m
2026-03-09 14:28 +05:30: [0mGET /api/activity?period=today&limit=10 [33m404[0m 0.356 ms - 93[0m
2026-03-09 14:28 +05:30: requireAssignedPages check for user: superadmin (ID: 1), roles: super_admin
2026-03-09 14:28 +05:30: Access granted: User is super admin
2026-03-09 14:28 +05:30: [0mGET /api/system/health [32m200[0m 34.667 ms - 269[0m
2026-03-09 14:28 +05:30: [0mGET /api/system/cpu [32m200[0m 17.508 ms - -[0m
2026-03-09 14:28 +05:30: [0mGET /api/system/performance [32m200[0m 38.293 ms - -[0m
2026-03-09 14:28 +05:30: [0mGET /api/system/network [36m304[0m 25.059 ms - -[0m
2026-03-09 14:28 +05:30: [0mGET /api/pages/my-pages-hierarchy?_t=1773046685273 [32m200[0m 68.382 ms - 591[0m
2026-03-09 14:28 +05:30: [0mGET /api/activity?period=today&limit=10 [33m404[0m 0.451 ms - 93[0m
2026-03-09 14:28 +05:30: [0mGET /api/system/process-stats [32m200[0m 10.019 ms - 816[0m
2026-03-09 14:28 +05:30: [0mGET /api/stats/dashboard [32m200[0m 80.524 ms - -[0m
2026-03-09 14:28 +05:30: requireAssignedPages check for user: superadmin (ID: 1), roles: super_admin
2026-03-09 14:28 +05:30: Access granted: User is super admin
2026-03-09 14:28 +05:30: [0mGET /api/stats/dashboard [32m200[0m 17.890 ms - -[0m
2026-03-09 14:28 +05:30: [0mGET /api/system/memory [32m200[0m 22.717 ms - 297[0m
2026-03-09 14:28 +05:30: [0mGET /api/system/cpu [32m200[0m 23.583 ms - -[0m
2026-03-09 14:28 +05:30: [0mGET /api/system/performance [32m200[0m 24.260 ms - -[0m
2026-03-09 14:28 +05:30: [0mGET /api/system/memory [32m200[0m 24.002 ms - 297[0m
2026-03-09 14:28 +05:30: [0mGET /api/system/info [32m200[0m 23.389 ms - 501[0m
2026-03-09 14:28 +05:30: [0mGET /api/system/processes [36m304[0m 23.032 ms - -[0m
2026-03-09 14:28 +05:30: [0mGET /api/system/cpu [32m200[0m 27.106 ms - -[0m
2026-03-09 14:28 +05:30: [0mGET /api/system/performance [32m200[0m 28.726 ms - -[0m
2026-03-09 14:28 +05:30: [0mGET /api/system/health [32m200[0m 12.005 ms - 269[0m
2026-03-09 14:28 +05:30: [0mGET /api/system/network [36m304[0m 18.049 ms - -[0m
2026-03-09 14:28 +05:30: [0mGET /api/system/process-stats [32m200[0m 13.153 ms - 816[0m
2026-03-09 14:28 +05:30: [0mGET /api/system/memory [32m200[0m 18.897 ms - 297[0m
2026-03-09 14:28 +05:30: [0mGET /api/system/cpu [32m200[0m 20.589 ms - -[0m
2026-03-09 14:28 +05:30: [0mGET /api/system/performance [32m200[0m 21.582 ms - -[0m
2026-03-09 14:29 +05:30: [0mGET /api/system/memory [32m200[0m 7.763 ms - 297[0m
2026-03-09 14:29 +05:30: [0mGET /api/system/info [32m200[0m 7.842 ms - 501[0m
2026-03-09 14:29 +05:30: [0mGET /api/system/performance [32m200[0m 37.075 ms - -[0m
2026-03-09 14:29 +05:30: [0mGET /api/system/cpu [32m200[0m 9.507 ms - -[0m
2026-03-09 14:29 +05:30: [0mGET /api/system/processes [36m304[0m 13.686 ms - -[0m
2026-03-09 14:29 +05:30: [0mGET /api/system/health [32m200[0m 13.777 ms - 269[0m
2026-03-09 14:29 +05:30: [0mGET /api/system/network [36m304[0m 23.378 ms - -[0m
2026-03-09 14:29 +05:30: [0mGET /api/system/process-stats [32m200[0m 20.360 ms - 816[0m
2026-03-09 14:29 +05:30: [0mGET /api/system/memory [32m200[0m 20.767 ms - 297[0m
2026-03-09 14:29 +05:30: [0mGET /api/system/cpu [32m200[0m 22.068 ms - -[0m
2026-03-09 14:29 +05:30: [0mGET /api/system/performance [32m200[0m 22.942 ms - -[0m
2026-03-09 14:29 +05:30: [0mGET /api/system/memory [32m200[0m 32.210 ms - 297[0m
2026-03-09 14:29 +05:30: [0mGET /api/system/info [32m200[0m 29.496 ms - 512[0m
2026-03-09 14:29 +05:30: [0mGET /api/system/processes [36m304[0m 32.807 ms - -[0m
2026-03-09 14:29 +05:30: [0mGET /api/system/cpu [32m200[0m 33.687 ms - -[0m
2026-03-09 14:29 +05:30: [0mGET /api/system/performance [32m200[0m 35.359 ms - -[0m
2026-03-09 14:29 +05:30: [0mGET /api/system/health [32m200[0m 8.978 ms - 376[0m
2026-03-09 14:29 +05:30: [0mGET /api/system/network [36m304[0m 24.376 ms - -[0m
2026-03-09 14:29 +05:30: [0mGET /api/system/process-stats [32m200[0m 18.171 ms - 816[0m
2026-03-09 14:29 +05:30: [0mGET /api/system/info [32m200[0m 45.206 ms - 512[0m
2026-03-09 14:29 +05:30: [0mGET /api/pages/my-pages-hierarchy?_t=1773046784455 [32m200[0m 73.855 ms - 591[0m
2026-03-09 14:29 +05:30: [0mGET /api/system/memory [32m200[0m 9.886 ms - 296[0m
2026-03-09 14:29 +05:30: [0mGET /api/system/processes [36m304[0m 11.633 ms - -[0m
2026-03-09 14:29 +05:30: [0mGET /api/system/cpu [32m200[0m 48.228 ms - -[0m
2026-03-09 14:29 +05:30: [0mGET /api/system/performance [32m200[0m 51.076 ms - -[0m
2026-03-09 14:29 +05:30: [0mGET /api/system/health [32m200[0m 13.643 ms - 269[0m
2026-03-09 14:29 +05:30: [0mGET /api/system/network [36m304[0m 22.036 ms - -[0m
2026-03-09 14:29 +05:30: [0mGET /api/system/process-stats [32m200[0m 28.261 ms - 816[0m
2026-03-09 14:29 +05:30: [0mGET /api/system/info [32m200[0m 25.712 ms - 513[0m
2026-03-09 14:29 +05:30: requireAssignedPages check for user: superadmin (ID: 1), roles: super_admin
2026-03-09 14:29 +05:30: Access granted: User is super admin
2026-03-09 14:29 +05:30: [0mGET /api/system/memory [32m200[0m 19.854 ms - 295[0m
2026-03-09 14:29 +05:30: [0mGET /api/system/processes [36m304[0m 18.777 ms - -[0m
2026-03-09 14:29 +05:30: [0mGET /api/activity?period=today&limit=10 [33m404[0m 1.328 ms - 93[0m
2026-03-09 14:29 +05:30: [0mGET /api/system/health [32m200[0m 51.291 ms - 269[0m
2026-03-09 14:29 +05:30: [0mGET /api/system/cpu [32m200[0m 17.119 ms - -[0m
2026-03-09 14:29 +05:30: [0mGET /api/system/network [36m304[0m 21.125 ms - -[0m
2026-03-09 14:29 +05:30: [0mGET /api/pages/my-pages-hierarchy?_t=1773046784459 [32m200[0m 83.944 ms - 591[0m
2026-03-09 14:29 +05:30: [0mGET /api/system/performance [32m200[0m 60.159 ms - -[0m
2026-03-09 14:29 +05:30: [0mGET /api/activity?period=today&limit=10 [33m404[0m 0.628 ms - 93[0m
2026-03-09 14:29 +05:30: [0mGET /api/system/process-stats [32m200[0m 15.117 ms - 816[0m
2026-03-09 14:29 +05:30: [0mGET /api/stats/dashboard [32m200[0m 129.884 ms - -[0m
2026-03-09 14:29 +05:30: requireAssignedPages check for user: superadmin (ID: 1), roles: super_admin
2026-03-09 14:29 +05:30: Access granted: User is super admin
2026-03-09 14:29 +05:30: [0mGET /api/stats/dashboard [32m200[0m 10.204 ms - -[0m
2026-03-09 14:29 +05:30: [0mGET /api/system/memory [32m200[0m 33.964 ms - 296[0m
2026-03-09 14:29 +05:30: [0mGET /api/system/cpu [32m200[0m 36.586 ms - -[0m
2026-03-09 14:29 +05:30: [0mGET /api/system/performance [32m200[0m 41.859 ms - -[0m
2026-03-09 14:30 +05:30: [0mGET /api/system/memory [32m200[0m 26.490 ms - 297[0m
2026-03-09 14:30 +05:30: [0mGET /api/system/info [32m200[0m 29.496 ms - 512[0m
2026-03-09 14:30 +05:30: [0mGET /api/system/processes [36m304[0m 29.005 ms - -[0m
2026-03-09 14:30 +05:30: [0mGET /api/system/cpu [32m200[0m 27.812 ms - -[0m
2026-03-09 14:30 +05:30: [0mGET /api/system/performance [32m200[0m 31.476 ms - -[0m
2026-03-09 14:30 +05:30: [0mGET /api/system/health [32m200[0m 5.762 ms - 269[0m
2026-03-09 14:30 +05:30: [0mGET /api/system/network [36m304[0m 19.228 ms - -[0m
2026-03-09 14:30 +05:30: [0mGET /api/system/process-stats [32m200[0m 15.703 ms - 816[0m
2026-03-09 14:30 +05:30: [0mGET /api/system/memory [32m200[0m 25.731 ms - 297[0m
2026-03-09 14:30 +05:30: [0mGET /api/system/cpu [32m200[0m 29.787 ms - -[0m
2026-03-09 14:30 +05:30: [0mGET /api/system/performance [32m200[0m 31.418 ms - -[0m
2026-03-09 14:30 +05:30: [0mGET /api/system/performance [32m200[0m 69.031 ms - -[0m
2026-03-09 14:30 +05:30: [0mGET /api/system/memory [32m200[0m 17.889 ms - 297[0m
2026-03-09 14:30 +05:30: [0mGET /api/system/cpu [32m200[0m 13.926 ms - -[0m
2026-03-09 14:30 +05:30: [0mGET /api/system/info [32m200[0m 36.123 ms - 501[0m
2026-03-09 14:30 +05:30: [0mGET /api/system/processes [36m304[0m 38.562 ms - -[0m
2026-03-09 14:30 +05:30: [0mGET /api/system/network [36m304[0m 61.822 ms - -[0m
2026-03-09 14:30 +05:30: [0mGET /api/system/health [32m200[0m 43.197 ms - 269[0m
2026-03-09 14:30 +05:30: [0mGET /api/system/process-stats [32m200[0m 30.127 ms - 816[0m
2026-03-09 14:30 +05:30: [0mGET /api/system/memory [32m200[0m 29.482 ms - 297[0m
2026-03-09 14:30 +05:30: [0mGET /api/system/cpu [32m200[0m 32.383 ms - -[0m
2026-03-09 14:30 +05:30: [0mGET /api/system/performance [32m200[0m 34.929 ms - -[0m
2026-03-09 14:31 +05:30: [0mGET /api/system/memory [32m200[0m 25.786 ms - 297[0m
2026-03-09 14:31 +05:30: [0mGET /api/system/info [32m200[0m 4.505 ms - 500[0m
2026-03-09 14:31 +05:30: [0mGET /api/system/cpu [32m200[0m 26.802 ms - -[0m
2026-03-09 14:31 +05:30: [0mGET /api/system/performance [32m200[0m 27.433 ms - -[0m
2026-03-09 14:31 +05:30: [0mGET /api/system/processes [36m304[0m 12.665 ms - -[0m
2026-03-09 14:31 +05:30: [0mGET /api/system/health [32m200[0m 9.432 ms - 114[0m
2026-03-09 14:31 +05:30: [0mGET /api/system/network [36m304[0m 17.175 ms - -[0m
2026-03-09 14:31 +05:30: [0mGET /api/system/process-stats [32m200[0m 15.279 ms - 815[0m
2026-03-09 14:31 +05:30: [0mGET /api/system/memory [32m200[0m 28.474 ms - 297[0m
2026-03-09 14:31 +05:30: [0mGET /api/system/cpu [32m200[0m 30.700 ms - -[0m
2026-03-09 14:31 +05:30: [0mGET /api/system/performance [32m200[0m 33.297 ms - -[0m
2026-03-09 14:31 +05:30: [0mGET /api/system/memory [32m200[0m 25.301 ms - 297[0m
2026-03-09 14:31 +05:30: [0mGET /api/system/info [32m200[0m 24.796 ms - 501[0m
2026-03-09 14:31 +05:30: [0mGET /api/system/processes [36m304[0m 24.665 ms - -[0m
2026-03-09 14:31 +05:30: [0mGET /api/system/health [32m200[0m 24.871 ms - 269[0m
2026-03-09 14:31 +05:30: [0mGET /api/system/cpu [32m200[0m 27.350 ms - -[0m
2026-03-09 14:31 +05:30: [0mGET /api/system/performance [32m200[0m 28.510 ms - -[0m
2026-03-09 14:31 +05:30: [0mGET /api/system/network [36m304[0m 14.405 ms - -[0m
2026-03-09 14:31 +05:30: [0mGET /api/system/process-stats [32m200[0m 12.162 ms - 816[0m
2026-03-09 14:31 +05:30: [0mGET /api/system/memory [32m200[0m 18.926 ms - 300[0m
2026-03-09 14:31 +05:30: [0mGET /api/system/cpu [32m200[0m 20.877 ms - -[0m
2026-03-09 14:31 +05:30: [0mGET /api/system/performance [32m200[0m 23.445 ms - -[0m
2026-03-09 14:32 +05:30: [0mGET /api/system/memory [32m200[0m 6.328 ms - 300[0m
2026-03-09 14:32 +05:30: [0mGET /api/system/info [32m200[0m 6.520 ms - 508[0m
2026-03-09 14:32 +05:30: [0mGET /api/system/processes [36m304[0m 6.696 ms - -[0m
2026-03-09 14:32 +05:30: [0mGET /api/system/performance [32m200[0m 21.400 ms - -[0m
2026-03-09 14:32 +05:30: [0mGET /api/system/cpu [32m200[0m 8.194 ms - -[0m
2026-03-09 14:32 +05:30: [0mGET /api/system/health [32m200[0m 8.752 ms - 269[0m
2026-03-09 14:32 +05:30: [0mGET /api/system/network [36m304[0m 14.650 ms - -[0m
2026-03-09 14:32 +05:30: [0mGET /api/system/process-stats [32m200[0m 12.953 ms - 815[0m
2026-03-09 14:32 +05:30: [0mGET /api/system/memory [32m200[0m 24.311 ms - 296[0m
2026-03-09 14:32 +05:30: [0mGET /api/system/cpu [32m200[0m 25.768 ms - -[0m
2026-03-09 14:32 +05:30: [0mGET /api/system/performance [32m200[0m 27.090 ms - -[0m
2026-03-09 14:32 +05:30: [0mGET /api/system/memory [32m200[0m 37.593 ms - 300[0m
2026-03-09 14:32 +05:30: [0mGET /api/system/info [32m200[0m 38.002 ms - 497[0m
2026-03-09 14:32 +05:30: [0mGET /api/system/processes [36m304[0m 42.984 ms - -[0m
2026-03-09 14:32 +05:30: [0mGET /api/system/health [32m200[0m 15.828 ms - 269[0m
2026-03-09 14:32 +05:30: [0mGET /api/system/cpu [32m200[0m 39.970 ms - -[0m
2026-03-09 14:32 +05:30: [0mGET /api/system/performance [32m200[0m 42.560 ms - -[0m
2026-03-09 14:32 +05:30: [0mGET /api/system/network [36m304[0m 23.169 ms - -[0m
2026-03-09 14:32 +05:30: [0mGET /api/system/process-stats [32m200[0m 20.573 ms - 816[0m
2026-03-09 14:33 +05:30: [0mGET /api/system/cpu [32m200[0m 28.537 ms - -[0m
2026-03-09 14:33 +05:30: [0mGET /api/system/performance [32m200[0m 30.659 ms - -[0m
2026-03-09 14:33 +05:30: [0mGET /api/system/memory [32m200[0m 10.806 ms - 300[0m
2026-03-09 14:33 +05:30: [0mGET /api/system/info [32m200[0m 17.480 ms - 497[0m
2026-03-09 14:33 +05:30: [0mGET /api/system/processes [36m304[0m 15.289 ms - -[0m
2026-03-09 14:33 +05:30: [0mGET /api/system/health [32m200[0m 13.830 ms - 269[0m
2026-03-09 14:33 +05:30: [0mGET /api/system/network [36m304[0m 21.310 ms - -[0m
2026-03-09 14:33 +05:30: [0mGET /api/system/process-stats [32m200[0m 19.985 ms - 816[0m
2026-03-09 14:34 +05:30: [0mGET /api/system/cpu [32m200[0m 43.079 ms - -[0m
2026-03-09 14:34 +05:30: [0mGET /api/system/performance [32m200[0m 45.797 ms - -[0m
2026-03-09 14:34 +05:30: [0mGET /api/system/memory [32m200[0m 10.999 ms - 300[0m
2026-03-09 14:34 +05:30: [0mGET /api/system/info [32m200[0m 9.757 ms - 512[0m
2026-03-09 14:34 +05:30: [0mGET /api/system/processes [36m304[0m 9.809 ms - -[0m
2026-03-09 14:34 +05:30: [0mGET /api/system/health [32m200[0m 16.573 ms - 269[0m
2026-03-09 14:34 +05:30: [0mGET /api/system/network [36m304[0m 23.956 ms - -[0m
2026-03-09 14:34 +05:30: [0mGET /api/system/process-stats [32m200[0m 17.974 ms - 816[0m
2026-03-09 14:35 +05:30: [0mGET /api/system/performance [32m200[0m 35.508 ms - -[0m
2026-03-09 14:35 +05:30: [0mGET /api/system/memory [32m200[0m 11.612 ms - 297[0m
2026-03-09 14:35 +05:30: [0mGET /api/system/info [32m200[0m 10.895 ms - 499[0m
2026-03-09 14:35 +05:30: [0mGET /api/system/cpu [32m200[0m 11.405 ms - -[0m
2026-03-09 14:35 +05:30: [0mGET /api/system/processes [36m304[0m 9.726 ms - -[0m
2026-03-09 14:35 +05:30: [0mGET /api/system/health [32m200[0m 9.610 ms - 269[0m
2026-03-09 14:35 +05:30: [0mGET /api/system/network [36m304[0m 15.724 ms - -[0m
2026-03-09 14:35 +05:30: [0mGET /api/system/process-stats [32m200[0m 15.006 ms - 815[0m
2026-03-09 14:36 +05:30: [0mGET /api/system/memory [32m200[0m 9.075 ms - 297[0m
2026-03-09 14:36 +05:30: [0mGET /api/system/performance [32m200[0m 36.794 ms - -[0m
2026-03-09 14:36 +05:30: [0mGET /api/system/info [32m200[0m 14.383 ms - 507[0m
2026-03-09 14:36 +05:30: [0mGET /api/system/cpu [32m200[0m 11.686 ms - -[0m
2026-03-09 14:36 +05:30: [0mGET /api/system/processes [36m304[0m 15.891 ms - -[0m
2026-03-09 14:36 +05:30: [0mGET /api/system/health [32m200[0m 14.155 ms - 269[0m
2026-03-09 14:36 +05:30: [0mGET /api/system/network [36m304[0m 22.430 ms - -[0m
2026-03-09 14:36 +05:30: [0mGET /api/system/process-stats [32m200[0m 19.809 ms - 816[0m
2026-03-09 14:37 +05:30: [0mGET /api/system/memory [32m200[0m 37.694 ms - 296[0m
2026-03-09 14:37 +05:30: [0mGET /api/system/info [32m200[0m 52.830 ms - 511[0m
2026-03-09 14:37 +05:30: [0mGET /api/system/processes [36m304[0m 22.157 ms - -[0m
2026-03-09 14:37 +05:30: [0mGET /api/system/performance [32m200[0m 46.632 ms - -[0m
2026-03-09 14:37 +05:30: [0mGET /api/system/cpu [32m200[0m 42.441 ms - -[0m
2026-03-09 14:37 +05:30: [0mGET /api/system/health [32m200[0m 25.076 ms - 269[0m
2026-03-09 14:37 +05:30: [0mGET /api/system/network [36m304[0m 46.916 ms - -[0m
2026-03-09 14:37 +05:30: [0mGET /api/system/process-stats [32m200[0m 40.047 ms - 816[0m
2026-03-09 14:50 +05:30: [0mGET /api/system/memory [32m200[0m 59.541 ms - 297[0m
2026-03-09 14:50 +05:30: [0mGET /api/system/info [32m200[0m 80.281 ms - 499[0m
2026-03-09 14:50 +05:30: [0mGET /api/system/processes [36m304[0m 78.634 ms - -[0m
2026-03-09 14:50 +05:30: [0mGET /api/system/health [32m200[0m 75.192 ms - 114[0m
2026-03-09 14:50 +05:30: [0mGET /api/system/cpu [32m200[0m 63.153 ms - -[0m
2026-03-09 14:50 +05:30: [0mGET /api/system/performance [32m200[0m 76.076 ms - -[0m
2026-03-09 14:50 +05:30: [0mGET /api/system/network [36m304[0m 32.250 ms - -[0m
2026-03-09 14:50 +05:30: [0mGET /api/system/process-stats [32m200[0m 30.228 ms - 816[0m
2026-03-09 14:50 +05:30: [0mGET /api/system/memory [32m200[0m 39.715 ms - 297[0m
2026-03-09 14:50 +05:30: [0mGET /api/system/info [32m200[0m 38.040 ms - 500[0m
2026-03-09 14:50 +05:30: [0mGET /api/system/processes [36m304[0m 13.655 ms - -[0m
2026-03-09 14:50 +05:30: [0mGET /api/system/cpu [32m200[0m 37.391 ms - -[0m
2026-03-09 14:50 +05:30: [0mGET /api/system/performance [32m200[0m 38.689 ms - -[0m
2026-03-09 14:50 +05:30: [0mGET /api/system/health [32m200[0m 12.899 ms - 114[0m
2026-03-09 14:50 +05:30: [0mGET /api/system/network [36m304[0m 20.727 ms - -[0m
2026-03-09 14:50 +05:30: [0mGET /api/system/process-stats [32m200[0m 18.167 ms - 816[0m
2026-03-09 14:50 +05:30: [0mGET /api/pages/my-pages-hierarchy?_t=1773048045774 [32m200[0m 81.756 ms - 591[0m
2026-03-09 14:50 +05:30: requireAssignedPages check for user: superadmin (ID: 1), roles: super_admin
2026-03-09 14:50 +05:30: Access granted: User is super admin
2026-03-09 14:50 +05:30: [0mGET /api/stats/dashboard [32m200[0m 41.141 ms - -[0m
2026-03-09 14:50 +05:30: [0mGET /api/system/memory [32m200[0m 36.492 ms - 297[0m
2026-03-09 14:50 +05:30: [0mGET /api/system/info [32m200[0m 36.575 ms - 500[0m
2026-03-09 14:50 +05:30: [0mGET /api/system/processes [36m304[0m 35.907 ms - -[0m
2026-03-09 14:50 +05:30: [0mGET /api/system/performance [32m200[0m 46.005 ms - -[0m
2026-03-09 14:50 +05:30: [0mGET /api/system/cpu [32m200[0m 38.915 ms - -[0m
2026-03-09 14:50 +05:30: [0mGET /api/pages/my-pages-hierarchy?_t=1773048046928 [32m200[0m 60.446 ms - 591[0m
2026-03-09 14:50 +05:30: [0mGET /api/system/health [32m200[0m 17.473 ms - 114[0m
2026-03-09 14:50 +05:30: [0mGET /api/system/network [36m304[0m 33.542 ms - -[0m
2026-03-09 14:50 +05:30: [0mGET /api/system/process-stats [32m200[0m 33.445 ms - 816[0m
2026-03-09 14:50 +05:30: requireAssignedPages check for user: superadmin (ID: 1), roles: super_admin
2026-03-09 14:50 +05:30: Access granted: User is super admin
2026-03-09 14:50 +05:30: [0mGET /api/system/memory [32m200[0m 32.677 ms - 297[0m
2026-03-09 14:50 +05:30: [0mGET /api/system/info [32m200[0m 23.890 ms - 500[0m
2026-03-09 14:50 +05:30: [0mGET /api/system/processes [36m304[0m 19.711 ms - -[0m
2026-03-09 14:50 +05:30: [0mGET /api/system/health [32m200[0m 15.500 ms - 114[0m
2026-03-09 14:50 +05:30: [0mGET /api/system/network [36m304[0m 19.660 ms - -[0m
2026-03-09 14:50 +05:30: [0mGET /api/system/cpu [32m200[0m 35.130 ms - -[0m
2026-03-09 14:50 +05:30: [0mGET /api/system/performance [32m200[0m 37.740 ms - -[0m
2026-03-09 14:50 +05:30: [0mGET /api/pages/my-pages-hierarchy?_t=1773048046934 [32m200[0m 59.241 ms - 591[0m
2026-03-09 14:50 +05:30: [0mGET /api/system/process-stats [32m200[0m 7.156 ms - 816[0m
2026-03-09 14:50 +05:30: [0mGET /api/stats/dashboard [32m200[0m 111.877 ms - -[0m
2026-03-09 14:50 +05:30: requireAssignedPages check for user: superadmin (ID: 1), roles: super_admin
2026-03-09 14:50 +05:30: Access granted: User is super admin
2026-03-09 14:50 +05:30: [0mGET /api/stats/dashboard [32m200[0m 13.480 ms - -[0m
2026-03-09 14:50 +05:30: [0mGET /api/audit [33m404[0m 3.667 ms - 68[0m
2026-03-09 14:50 +05:30: [0mGET /api/audit [33m404[0m 1.072 ms - 68[0m
2026-03-09 14:50 +05:30: [0mGET /api/pages/my-pages-hierarchy?_t=1773048049923 [32m200[0m 32.001 ms - 591[0m
2026-03-09 14:50 +05:30: [0mGET /api/pages/my-pages-hierarchy?_t=1773048049924 [32m200[0m 24.800 ms - 591[0m
2026-03-09 14:50 +05:30: [0mGET /api/pages/my-pages-hierarchy?_t=1773048056194 [32m200[0m 18.360 ms - 591[0m
2026-03-09 14:50 +05:30: [0mGET /api/lines [36m304[0m 9.793 ms - -[0m
2026-03-09 14:50 +05:30: [0mGET /api/pages/my-pages-hierarchy?_t=1773048056195 [32m200[0m 23.110 ms - 591[0m
2026-03-09 14:50 +05:30: [0mGET /api/lines [36m304[0m 8.594 ms - -[0m
2026-03-09 14:50 +05:30: [0mGET /api/templates?entity_type=line&entity_id=3 [36m304[0m 7.231 ms - -[0m
2026-03-09 14:50 +05:30: [0mGET /api/inspection_slots [32m200[0m 21.864 ms - -[0m
2026-03-09 14:51 +05:30: [0mGET /api/pages/my-pages-hierarchy?_t=1773048063574 [32m200[0m 17.308 ms - 591[0m
2026-03-09 14:51 +05:30: [0mGET /api/templates?entity_type=line&entity_id=3 [36m304[0m 6.009 ms - -[0m
2026-03-09 14:51 +05:30: [0mGET /api/pages/my-pages-hierarchy?_t=1773048063575 [32m200[0m 16.494 ms - 591[0m
2026-03-09 14:51 +05:30: [0mGET /api/templates?entity_type=line&entity_id=3 [36m304[0m 2.799 ms - -[0m
2026-03-09 14:51 +05:30: [0mPOST /api/audit [33m404[0m 8.752 ms - 68[0m
2026-03-09 14:51 +05:30: [0mGET /api/pages/my-pages-hierarchy?_t=1773048083297 [32m200[0m 12.663 ms - 591[0m
2026-03-09 14:51 +05:30: [0mGET /api/lines [36m304[0m 4.954 ms - -[0m
2026-03-09 14:51 +05:30: [0mGET /api/lines [36m304[0m 4.047 ms - -[0m
2026-03-09 14:51 +05:30: [0mGET /api/pages/my-pages-hierarchy?_t=1773048083298 [32m200[0m 12.340 ms - 591[0m
2026-03-09 14:51 +05:30: [0mGET /api/templates?entity_type=line&entity_id=3 [36m304[0m 5.325 ms - -[0m
2026-03-09 14:51 +05:30: [0mGET /api/inspection_slots [36m304[0m 1.838 ms - -[0m
2026-03-09 14:51 +05:30: [0mGET /api/pages/my-pages-hierarchy?_t=1773048094195 [32m200[0m 19.768 ms - 591[0m
2026-03-09 14:51 +05:30: [0mGET /api/templates?entity_type=line&entity_id=3 [36m304[0m 8.366 ms - -[0m
2026-03-09 14:51 +05:30: [0mGET /api/pages/my-pages-hierarchy?_t=1773048094196 [32m200[0m 16.802 ms - 591[0m
2026-03-09 14:51 +05:30: [0mGET /api/templates?entity_type=line&entity_id=3 [36m304[0m 7.540 ms - -[0m
2026-03-09 14:51 +05:30: [0mPOST /api/audit [33m404[0m 0.388 ms - 68[0m
2026-03-09 14:52 +05:30: [0mPOST /api/audit [33m404[0m 0.667 ms - 68[0m
2026-03-09 14:52 +05:30: [0mPOST /api/audit [33m404[0m 0.594 ms - 68[0m
2026-03-09 14:53 +05:30: [0mGET /api/lines [36m304[0m 5.494 ms - -[0m
2026-03-09 14:53 +05:30: [0mGET /api/pages/my-pages-hierarchy?_t=1773048202486 [32m200[0m 18.292 ms - 591[0m
2026-03-09 14:53 +05:30: [0mGET /api/pages/my-pages-hierarchy?_t=1773048202488 [32m200[0m 13.419 ms - 591[0m
2026-03-09 14:53 +05:30: [0mGET /api/lines [36m304[0m 7.005 ms - -[0m
2026-03-09 14:53 +05:30: [0mGET /api/templates?entity_type=line&entity_id=3 [36m304[0m 6.062 ms - -[0m
2026-03-09 14:53 +05:30: [0mGET /api/inspection_slots [36m304[0m 4.658 ms - -[0m
2026-03-09 14:53 +05:30: [0mGET /api/audit [33m404[0m 0.381 ms - 68[0m
2026-03-09 14:53 +05:30: [0mGET /api/audit [33m404[0m 0.387 ms - 68[0m
2026-03-09 14:53 +05:30: [0mGET /api/pages/my-pages-hierarchy?_t=1773048228885 [32m200[0m 18.882 ms - 591[0m
2026-03-09 14:53 +05:30: [0mGET /api/pages/my-pages-hierarchy?_t=1773048228886 [32m200[0m 15.032 ms - 591[0m
2026-03-09 14:54 +05:30: [0mGET /api/lines [36m304[0m 5.706 ms - -[0m
2026-03-09 14:54 +05:30: [0mGET /api/pages/my-pages-hierarchy?_t=1773048252981 [32m200[0m 18.671 ms - 591[0m
2026-03-09 14:54 +05:30: [0mGET /api/pages/my-pages-hierarchy?_t=1773048252983 [32m200[0m 17.716 ms - 591[0m
2026-03-09 14:54 +05:30: [0mGET /api/lines [36m304[0m 2.242 ms - -[0m
2026-03-09 14:54 +05:30: [0mGET /api/templates?entity_type=line&entity_id=3 [36m304[0m 2.269 ms - -[0m
2026-03-09 14:54 +05:30: [0mGET /api/inspection_slots [36m304[0m 3.190 ms - -[0m
2026-03-09 14:54 +05:30: [0mGET /api/pages/my-pages-hierarchy?_t=1773048267791 [32m200[0m 18.295 ms - 591[0m
2026-03-09 14:54 +05:30: [0mGET /api/templates?entity_type=line&entity_id=3 [36m304[0m 9.942 ms - -[0m
2026-03-09 14:54 +05:30: [0mGET /api/pages/my-pages-hierarchy?_t=1773048267792 [32m200[0m 17.841 ms - 591[0m
2026-03-09 14:54 +05:30: [0mGET /api/templates?entity_type=line&entity_id=3 [36m304[0m 2.249 ms - -[0m
2026-03-09 14:54 +05:30: [0mPOST /api/audit [33m404[0m 0.629 ms - 68[0m
2026-03-09 14:56 +05:30: [0mPOST /api/auth/logout [33m401[0m 5.221 ms - 81[0m
2026-03-09 14:56 +05:30: [0mPOST /api/auth/login [32m200[0m 399.846 ms - 666[0m
2026-03-09 14:56 +05:30: [0mGET /api/pages/my-pages-hierarchy?_t=1773048378435 [32m200[0m 14.158 ms - 591[0m
2026-03-09 14:56 +05:30: [0mGET /api/system/memory [32m200[0m 6.923 ms - 297[0m
2026-03-09 14:56 +05:30: [0mGET /api/system/cpu [32m200[0m 52.382 ms - -[0m
2026-03-09 14:56 +05:30: [0mGET /api/system/performance [32m200[0m 54.524 ms - -[0m
2026-03-09 14:56 +05:30: [0mGET /api/system/info [32m200[0m 18.128 ms - 523[0m
2026-03-09 14:56 +05:30: [0mGET /api/system/processes [36m304[0m 20.702 ms - -[0m
2026-03-09 14:56 +05:30: [0mGET /api/system/health [32m200[0m 10.877 ms - 114[0m
2026-03-09 14:56 +05:30: [0mGET /api/system/network [36m304[0m 67.263 ms - -[0m
2026-03-09 14:56 +05:30: [0mGET /api/system/process-stats [32m200[0m 81.437 ms - 816[0m
2026-03-09 14:56 +05:30: requireAssignedPages check for user: superadmin (ID: 1), roles: super_admin
2026-03-09 14:56 +05:30: Access granted: User is super admin
2026-03-09 14:56 +05:30: [0mGET /api/system/memory [32m200[0m 22.928 ms - 297[0m
2026-03-09 14:56 +05:30: [0mGET /api/system/processes [36m304[0m 53.730 ms - -[0m
2026-03-09 14:56 +05:30: [0mGET /api/pages/my-pages-hierarchy?_t=1773048378451 [32m200[0m 96.912 ms - 591[0m
2026-03-09 14:56 +05:30: [0mGET /api/system/cpu [32m200[0m 26.433 ms - -[0m
2026-03-09 14:56 +05:30: [0mGET /api/system/performance [32m200[0m 56.813 ms - -[0m
2026-03-09 14:56 +05:30: [0mGET /api/system/info [32m200[0m 13.813 ms - 525[0m
2026-03-09 14:56 +05:30: [0mGET /api/system/health [32m200[0m 23.601 ms - 114[0m
2026-03-09 14:56 +05:30: [0mGET /api/system/network [36m304[0m 31.844 ms - -[0m
2026-03-09 14:56 +05:30: [0mGET /api/system/process-stats [32m200[0m 29.053 ms - 816[0m
2026-03-09 14:56 +05:30: [0mGET /api/stats/dashboard [32m200[0m 150.433 ms - -[0m
2026-03-09 14:56 +05:30: requireAssignedPages check for user: superadmin (ID: 1), roles: super_admin
2026-03-09 14:56 +05:30: Access granted: User is super admin
2026-03-09 14:56 +05:30: [0mGET /api/stats/dashboard [32m200[0m 15.216 ms - -[0m
2026-03-09 14:56 +05:30: [0mGET /api/system/memory [32m200[0m 28.183 ms - 297[0m
2026-03-09 14:56 +05:30: [0mGET /api/system/cpu [32m200[0m 26.444 ms - -[0m
2026-03-09 14:56 +05:30: [0mGET /api/system/performance [32m200[0m 27.526 ms - -[0m
2026-03-09 14:56 +05:30: [0mGET /api/audit [33m404[0m 0.627 ms - 68[0m
2026-03-09 14:56 +05:30: [0mGET /api/audit [33m404[0m 0.692 ms - 68[0m
2026-03-09 14:56 +05:30: [0mGET /api/pages/my-pages-hierarchy?_t=1773048396383 [32m200[0m 22.347 ms - 591[0m
2026-03-09 14:56 +05:30: [0mGET /api/pages/my-pages-hierarchy?_t=1773048396386 [32m200[0m 21.528 ms - 591[0m
2026-03-09 14:58 +05:30: ⚠️ PM2 disabled on Windows
2026-03-09 14:58 +05:30: 🔄 Enhanced System Monitor: Continuous monitoring started
2026-03-09 14:58 +05:30: Error: Route.get() requires a callback function but got a [object Undefined]
2026-03-09 14:58 +05:30:     at Route.<computed> [as get] (C:\Users\DELL\Downloads\CMSCRM (1)\CMSCRM\backend\node_modules\express\lib\router\route.js:216:15)
2026-03-09 14:58 +05:30:     at proto.<computed> [as get] (C:\Users\DELL\Downloads\CMSCRM (1)\CMSCRM\backend\node_modules\express\lib\router\index.js:521:19)
2026-03-09 14:58 +05:30:     at Object.<anonymous> (C:\Users\DELL\Downloads\CMSCRM (1)\CMSCRM\backend\src\routes\activityRoutes.js:8:8)
2026-03-09 14:58 +05:30:     at Module._compile (node:internal/modules/cjs/loader:1730:14)
2026-03-09 14:58 +05:30:     at Object..js (node:internal/modules/cjs/loader:1895:10)
2026-03-09 14:58 +05:30:     at Module.load (node:internal/modules/cjs/loader:1465:32)
2026-03-09 14:58 +05:30:     at Function._load (node:internal/modules/cjs/loader:1282:12)
2026-03-09 14:58 +05:30:     at TracingChannel.traceSync (node:diagnostics_channel:322:14)
2026-03-09 14:58 +05:30:     at wrapModuleLoad (node:internal/modules/cjs/loader:235:24)
2026-03-09 14:58 +05:30:     at Module.<anonymous> (node:internal/modules/cjs/loader:1487:12)
2026-03-09 14:58 +05:30: ⚠️ PM2 disabled on Windows
2026-03-09 14:58 +05:30: 🔄 Enhanced System Monitor: Continuous monitoring started
2026-03-09 14:58 +05:30: Error: Route.get() requires a callback function but got a [object Undefined]
2026-03-09 14:58 +05:30:     at Route.<computed> [as get] (C:\Users\DELL\Downloads\CMSCRM (1)\CMSCRM\backend\node_modules\express\lib\router\route.js:216:15)
2026-03-09 14:58 +05:30:     at proto.<computed> [as get] (C:\Users\DELL\Downloads\CMSCRM (1)\CMSCRM\backend\node_modules\express\lib\router\index.js:521:19)
2026-03-09 14:58 +05:30:     at Object.<anonymous> (C:\Users\DELL\Downloads\CMSCRM (1)\CMSCRM\backend\src\routes\activityRoutes.js:8:8)
2026-03-09 14:58 +05:30:     at Module._compile (node:internal/modules/cjs/loader:1730:14)
2026-03-09 14:58 +05:30:     at Object..js (node:internal/modules/cjs/loader:1895:10)
2026-03-09 14:58 +05:30:     at Module.load (node:internal/modules/cjs/loader:1465:32)
2026-03-09 14:58 +05:30:     at Function._load (node:internal/modules/cjs/loader:1282:12)
2026-03-09 14:58 +05:30:     at TracingChannel.traceSync (node:diagnostics_channel:322:14)
2026-03-09 14:58 +05:30:     at wrapModuleLoad (node:internal/modules/cjs/loader:235:24)
2026-03-09 14:58 +05:30:     at Module.<anonymous> (node:internal/modules/cjs/loader:1487:12)
2026-03-09 14:58 +05:30: ⚠️ PM2 disabled on Windows
2026-03-09 14:58 +05:30: 🔄 Enhanced System Monitor: Continuous monitoring started
2026-03-09 14:58 +05:30: Error: Route.get() requires a callback function but got a [object Undefined]
2026-03-09 14:58 +05:30:     at Route.<computed> [as get] (C:\Users\DELL\Downloads\CMSCRM (1)\CMSCRM\backend\node_modules\express\lib\router\route.js:216:15)
2026-03-09 14:58 +05:30:     at proto.<computed> [as get] (C:\Users\DELL\Downloads\CMSCRM (1)\CMSCRM\backend\node_modules\express\lib\router\index.js:521:19)
2026-03-09 14:58 +05:30:     at Object.<anonymous> (C:\Users\DELL\Downloads\CMSCRM (1)\CMSCRM\backend\src\routes\activityRoutes.js:8:8)
2026-03-09 14:58 +05:30:     at Module._compile (node:internal/modules/cjs/loader:1730:14)
2026-03-09 14:58 +05:30:     at Object..js (node:internal/modules/cjs/loader:1895:10)
2026-03-09 14:58 +05:30:     at Module.load (node:internal/modules/cjs/loader:1465:32)
2026-03-09 14:58 +05:30:     at Function._load (node:internal/modules/cjs/loader:1282:12)
2026-03-09 14:58 +05:30:     at TracingChannel.traceSync (node:diagnostics_channel:322:14)
2026-03-09 14:58 +05:30:     at wrapModuleLoad (node:internal/modules/cjs/loader:235:24)
2026-03-09 14:58 +05:30:     at Module.<anonymous> (node:internal/modules/cjs/loader:1487:12)
2026-03-09 14:58 +05:30: ⚠️ PM2 disabled on Windows
2026-03-09 14:58 +05:30: 🔄 Enhanced System Monitor: Continuous monitoring started
2026-03-09 14:58 +05:30: Error: Route.get() requires a callback function but got a [object Undefined]
2026-03-09 14:58 +05:30:     at Route.<computed> [as get] (C:\Users\DELL\Downloads\CMSCRM (1)\CMSCRM\backend\node_modules\express\lib\router\route.js:216:15)
2026-03-09 14:58 +05:30:     at proto.<computed> [as get] (C:\Users\DELL\Downloads\CMSCRM (1)\CMSCRM\backend\node_modules\express\lib\router\index.js:521:19)
2026-03-09 14:58 +05:30:     at Object.<anonymous> (C:\Users\DELL\Downloads\CMSCRM (1)\CMSCRM\backend\src\routes\activityRoutes.js:8:8)
2026-03-09 14:58 +05:30:     at Module._compile (node:internal/modules/cjs/loader:1730:14)
2026-03-09 14:58 +05:30:     at Object..js (node:internal/modules/cjs/loader:1895:10)
2026-03-09 14:58 +05:30:     at Module.load (node:internal/modules/cjs/loader:1465:32)
2026-03-09 14:58 +05:30:     at Function._load (node:internal/modules/cjs/loader:1282:12)
2026-03-09 14:58 +05:30:     at TracingChannel.traceSync (node:diagnostics_channel:322:14)
2026-03-09 14:58 +05:30:     at wrapModuleLoad (node:internal/modules/cjs/loader:235:24)
2026-03-09 14:58 +05:30:     at Module.<anonymous> (node:internal/modules/cjs/loader:1487:12)
2026-03-09 14:58 +05:30: ⚠️ PM2 disabled on Windows
2026-03-09 14:58 +05:30: 🔄 Enhanced System Monitor: Continuous monitoring started
2026-03-09 14:58 +05:30: Error: Route.get() requires a callback function but got a [object Undefined]
2026-03-09 14:58 +05:30:     at Route.<computed> [as get] (C:\Users\DELL\Downloads\CMSCRM (1)\CMSCRM\backend\node_modules\express\lib\router\route.js:216:15)
2026-03-09 14:58 +05:30:     at proto.<computed> [as get] (C:\Users\DELL\Downloads\CMSCRM (1)\CMSCRM\backend\node_modules\express\lib\router\index.js:521:19)
2026-03-09 14:58 +05:30:     at Object.<anonymous> (C:\Users\DELL\Downloads\CMSCRM (1)\CMSCRM\backend\src\routes\activityRoutes.js:8:8)
2026-03-09 14:58 +05:30:     at Module._compile (node:internal/modules/cjs/loader:1730:14)
2026-03-09 14:58 +05:30:     at Object..js (node:internal/modules/cjs/loader:1895:10)
2026-03-09 14:58 +05:30:     at Module.load (node:internal/modules/cjs/loader:1465:32)
2026-03-09 14:58 +05:30:     at Function._load (node:internal/modules/cjs/loader:1282:12)
2026-03-09 14:58 +05:30:     at TracingChannel.traceSync (node:diagnostics_channel:322:14)
2026-03-09 14:58 +05:30:     at wrapModuleLoad (node:internal/modules/cjs/loader:235:24)
2026-03-09 14:58 +05:30:     at Module.<anonymous> (node:internal/modules/cjs/loader:1487:12)
2026-03-09 14:58 +05:30: ⚠️ PM2 disabled on Windows
2026-03-09 14:58 +05:30: 🔄 Enhanced System Monitor: Continuous monitoring started
2026-03-09 14:58 +05:30: Error: Route.get() requires a callback function but got a [object Undefined]
2026-03-09 14:58 +05:30:     at Route.<computed> [as get] (C:\Users\DELL\Downloads\CMSCRM (1)\CMSCRM\backend\node_modules\express\lib\router\route.js:216:15)
2026-03-09 14:58 +05:30:     at proto.<computed> [as get] (C:\Users\DELL\Downloads\CMSCRM (1)\CMSCRM\backend\node_modules\express\lib\router\index.js:521:19)
2026-03-09 14:58 +05:30:     at Object.<anonymous> (C:\Users\DELL\Downloads\CMSCRM (1)\CMSCRM\backend\src\routes\activityRoutes.js:8:8)
2026-03-09 14:58 +05:30:     at Module._compile (node:internal/modules/cjs/loader:1730:14)
2026-03-09 14:58 +05:30:     at Object..js (node:internal/modules/cjs/loader:1895:10)
2026-03-09 14:58 +05:30:     at Module.load (node:internal/modules/cjs/loader:1465:32)
2026-03-09 14:58 +05:30:     at Function._load (node:internal/modules/cjs/loader:1282:12)
2026-03-09 14:58 +05:30:     at TracingChannel.traceSync (node:diagnostics_channel:322:14)
2026-03-09 14:58 +05:30:     at wrapModuleLoad (node:internal/modules/cjs/loader:235:24)
2026-03-09 14:58 +05:30:     at Module.<anonymous> (node:internal/modules/cjs/loader:1487:12)
2026-03-09 14:58 +05:30: ⚠️ PM2 disabled on Windows
2026-03-09 14:58 +05:30: 🔄 Enhanced System Monitor: Continuous monitoring started
2026-03-09 14:58 +05:30: Error: Route.get() requires a callback function but got a [object Undefined]
2026-03-09 14:58 +05:30:     at Route.<computed> [as get] (C:\Users\DELL\Downloads\CMSCRM (1)\CMSCRM\backend\node_modules\express\lib\router\route.js:216:15)
2026-03-09 14:58 +05:30:     at proto.<computed> [as get] (C:\Users\DELL\Downloads\CMSCRM (1)\CMSCRM\backend\node_modules\express\lib\router\index.js:521:19)
2026-03-09 14:58 +05:30:     at Object.<anonymous> (C:\Users\DELL\Downloads\CMSCRM (1)\CMSCRM\backend\src\routes\activityRoutes.js:8:8)
2026-03-09 14:58 +05:30:     at Module._compile (node:internal/modules/cjs/loader:1730:14)
2026-03-09 14:58 +05:30:     at Object..js (node:internal/modules/cjs/loader:1895:10)
2026-03-09 14:58 +05:30:     at Module.load (node:internal/modules/cjs/loader:1465:32)
2026-03-09 14:58 +05:30:     at Function._load (node:internal/modules/cjs/loader:1282:12)
2026-03-09 14:58 +05:30:     at TracingChannel.traceSync (node:diagnostics_channel:322:14)
2026-03-09 14:58 +05:30:     at wrapModuleLoad (node:internal/modules/cjs/loader:235:24)
2026-03-09 14:58 +05:30:     at Module.<anonymous> (node:internal/modules/cjs/loader:1487:12)
2026-03-09 14:59 +05:30: ⚠️ PM2 disabled on Windows
2026-03-09 14:59 +05:30: 🔄 Enhanced System Monitor: Continuous monitoring started
2026-03-09 14:59 +05:30: Error: Route.get() requires a callback function but got a [object Undefined]
2026-03-09 14:59 +05:30:     at Route.<computed> [as get] (C:\Users\DELL\Downloads\CMSCRM (1)\CMSCRM\backend\node_modules\express\lib\router\route.js:216:15)
2026-03-09 14:59 +05:30:     at proto.<computed> [as get] (C:\Users\DELL\Downloads\CMSCRM (1)\CMSCRM\backend\node_modules\express\lib\router\index.js:521:19)
2026-03-09 14:59 +05:30:     at Object.<anonymous> (C:\Users\DELL\Downloads\CMSCRM (1)\CMSCRM\backend\src\routes\activityRoutes.js:8:8)
2026-03-09 14:59 +05:30:     at Module._compile (node:internal/modules/cjs/loader:1730:14)
2026-03-09 14:59 +05:30:     at Object..js (node:internal/modules/cjs/loader:1895:10)
2026-03-09 14:59 +05:30:     at Module.load (node:internal/modules/cjs/loader:1465:32)
2026-03-09 14:59 +05:30:     at Function._load (node:internal/modules/cjs/loader:1282:12)
2026-03-09 14:59 +05:30:     at TracingChannel.traceSync (node:diagnostics_channel:322:14)
2026-03-09 14:59 +05:30:     at wrapModuleLoad (node:internal/modules/cjs/loader:235:24)
2026-03-09 14:59 +05:30:     at Module.<anonymous> (node:internal/modules/cjs/loader:1487:12)
2026-03-09 14:59 +05:30: ⚠️ PM2 disabled on Windows
2026-03-09 14:59 +05:30: 🔄 Enhanced System Monitor: Continuous monitoring started
2026-03-09 14:59 +05:30: Error: Route.get() requires a callback function but got a [object Undefined]
2026-03-09 14:59 +05:30:     at Route.<computed> [as get] (C:\Users\DELL\Downloads\CMSCRM (1)\CMSCRM\backend\node_modules\express\lib\router\route.js:216:15)
2026-03-09 14:59 +05:30:     at proto.<computed> [as get] (C:\Users\DELL\Downloads\CMSCRM (1)\CMSCRM\backend\node_modules\express\lib\router\index.js:521:19)
2026-03-09 14:59 +05:30:     at Object.<anonymous> (C:\Users\DELL\Downloads\CMSCRM (1)\CMSCRM\backend\src\routes\activityRoutes.js:8:8)
2026-03-09 14:59 +05:30:     at Module._compile (node:internal/modules/cjs/loader:1730:14)
2026-03-09 14:59 +05:30:     at Object..js (node:internal/modules/cjs/loader:1895:10)
2026-03-09 14:59 +05:30:     at Module.load (node:internal/modules/cjs/loader:1465:32)
2026-03-09 14:59 +05:30:     at Function._load (node:internal/modules/cjs/loader:1282:12)
2026-03-09 14:59 +05:30:     at TracingChannel.traceSync (node:diagnostics_channel:322:14)
2026-03-09 14:59 +05:30:     at wrapModuleLoad (node:internal/modules/cjs/loader:235:24)
2026-03-09 14:59 +05:30:     at Module.<anonymous> (node:internal/modules/cjs/loader:1487:12)
2026-03-09 14:59 +05:30: ⚠️ PM2 disabled on Windows
2026-03-09 14:59 +05:30: 🔄 Enhanced System Monitor: Continuous monitoring started
2026-03-09 14:59 +05:30: Error: Route.get() requires a callback function but got a [object Undefined]
2026-03-09 14:59 +05:30:     at Route.<computed> [as get] (C:\Users\DELL\Downloads\CMSCRM (1)\CMSCRM\backend\node_modules\express\lib\router\route.js:216:15)
2026-03-09 14:59 +05:30:     at proto.<computed> [as get] (C:\Users\DELL\Downloads\CMSCRM (1)\CMSCRM\backend\node_modules\express\lib\router\index.js:521:19)
2026-03-09 14:59 +05:30:     at Object.<anonymous> (C:\Users\DELL\Downloads\CMSCRM (1)\CMSCRM\backend\src\routes\activityRoutes.js:8:8)
2026-03-09 14:59 +05:30:     at Module._compile (node:internal/modules/cjs/loader:1730:14)
2026-03-09 14:59 +05:30:     at Object..js (node:internal/modules/cjs/loader:1895:10)
2026-03-09 14:59 +05:30:     at Module.load (node:internal/modules/cjs/loader:1465:32)
2026-03-09 14:59 +05:30:     at Function._load (node:internal/modules/cjs/loader:1282:12)
2026-03-09 14:59 +05:30:     at TracingChannel.traceSync (node:diagnostics_channel:322:14)
2026-03-09 14:59 +05:30:     at wrapModuleLoad (node:internal/modules/cjs/loader:235:24)
2026-03-09 14:59 +05:30:     at Module.<anonymous> (node:internal/modules/cjs/loader:1487:12)
2026-03-11 22:37 +05:30: ⚠️ PM2 disabled on Windows
2026-03-11 22:37 +05:30: 🔄 Enhanced System Monitor: Continuous monitoring started
2026-03-11 22:37 +05:30: ✅ Created activity_logs table
2026-03-11 22:37 +05:30: ✅ Created login_activities table
2026-03-11 22:37 +05:30: ✅ Created api_stats table
2026-03-11 22:37 +05:30: ✅ Tables Created
2026-03-11 22:37 +05:30: ✅ Pages Seeded
2026-03-11 22:37 +05:30: ℹ️ Super Admin Exists
2026-03-11 22:37 +05:30: ✅ Database Initialized
2026-03-11 22:37 +05:30: ✅ Database connected successfully
2026-03-11 22:37 +05:30: 🚀 Digital Checksheet Backend running on http://127.0.0.1:5000
2026-03-11 22:37 +05:30: 📊 Environment: development
2026-03-11 22:37 +05:30: 🔗 Health: http://127.0.0.1:5000/health
2026-03-11 22:37 +05:30: 📚 API: http://127.0.0.1:5000/api
2026-03-12 10:06 +05:30: ⚠️ PM2 disabled on Windows
2026-03-12 10:06 +05:30: 🔄 Enhanced System Monitor: Continuous monitoring started
2026-03-12 10:06 +05:30: ✅ Created activity_logs table
2026-03-12 10:06 +05:30: ✅ Created login_activities table
2026-03-12 10:06 +05:30: ✅ Created api_stats table
2026-03-12 10:06 +05:30: ✅ Tables Created
2026-03-12 10:06 +05:30: ✅ Pages Seeded
2026-03-12 10:06 +05:30: ℹ️ Super Admin Exists
2026-03-12 10:06 +05:30: ✅ Database Initialized
2026-03-12 10:06 +05:30: ✅ Database connected successfully
2026-03-12 10:06 +05:30: 🚀 Digital Checksheet Backend running on http://127.0.0.1:5000
2026-03-12 10:06 +05:30: 📊 Environment: development
2026-03-12 10:06 +05:30: 🔗 Health: http://127.0.0.1:5000/health
2026-03-12 10:06 +05:30: 📚 API: http://127.0.0.1:5000/api
2026-03-12 15:11 +05:30: [0mGET /api/system/info [32m200[0m 82.796 ms - 496[0m
2026-03-12 15:11 +05:30: [0mGET /api/system/memory [32m200[0m 97.191 ms - 300[0m
2026-03-12 15:11 +05:30: [0mGET /api/system/health [32m200[0m 124.830 ms - 269[0m
2026-03-12 15:11 +05:30: [0mGET /api/pages/my-pages-hierarchy?_t=1773308468516 [32m200[0m 143.055 ms - 778[0m
2026-03-12 15:11 +05:30: [0mGET /api/system/cpu [32m200[0m 102.770 ms - -[0m
2026-03-12 15:11 +05:30: [0mGET /api/system/performance [32m200[0m 97.547 ms - -[0m
2026-03-12 15:11 +05:30: [0mGET /api/system/processes [36m304[0m 33.488 ms - -[0m
2026-03-12 15:11 +05:30: [0mGET /api/system/network [36m304[0m 47.581 ms - -[0m
2026-03-12 15:11 +05:30: [0mGET /api/system/process-stats [32m200[0m 50.165 ms - 819[0m
2026-03-12 15:11 +05:30: requireAssignedPages check for user: superadmin (ID: 1), roles: super_admin
2026-03-12 15:11 +05:30: Access granted: User is super admin
2026-03-12 15:11 +05:30: [0mGET /api/system/info [32m200[0m 46.179 ms - 495[0m
2026-03-12 15:11 +05:30: [0mGET /api/system/memory [32m200[0m 47.496 ms - 299[0m
2026-03-12 15:11 +05:30: [0mGET /api/pages/my-pages-hierarchy?_t=1773308468521 [32m200[0m 107.561 ms - 778[0m
2026-03-12 15:11 +05:30: [0mGET /api/system/processes [36m304[0m 52.946 ms - -[0m
2026-03-12 15:11 +05:30: [0mGET /api/system/network [36m304[0m 60.890 ms - -[0m
2026-03-12 15:11 +05:30: [0mGET /api/system/health [32m200[0m 147.893 ms - 269[0m
2026-03-12 15:11 +05:30: [0mGET /api/system/cpu [32m200[0m 149.170 ms - -[0m
2026-03-12 15:11 +05:30: [0mGET /api/system/performance [32m200[0m 54.926 ms - -[0m
2026-03-12 15:11 +05:30: [0mGET /api/system/process-stats [32m200[0m 18.000 ms - 819[0m
2026-03-12 15:11 +05:30: [0mGET /api/stats/dashboard [32m200[0m 222.641 ms - -[0m
2026-03-12 15:11 +05:30: requireAssignedPages check for user: superadmin (ID: 1), roles: super_admin
2026-03-12 15:11 +05:30: Access granted: User is super admin
2026-03-12 15:11 +05:30: [0mGET /api/stats/dashboard [32m200[0m 18.318 ms - -[0m
2026-03-12 15:11 +05:30: [0mGET /api/pages/my-pages-hierarchy?_t=1773308470990 [32m200[0m 7.563 ms - 778[0m
2026-03-12 15:11 +05:30: [0mGET /api/pages/my-pages-hierarchy?_t=1773308470991 [32m200[0m 11.702 ms - 778[0m
2026-03-12 15:11 +05:30: [0mGET /api/templates [36m304[0m 29.680 ms - -[0m
2026-03-12 15:11 +05:30: [0mGET /api/templates [36m304[0m 2.849 ms - -[0m
2026-03-12 15:11 +05:30: [0mGET /api/templates/4 [36m304[0m 9.813 ms - -[0m
2026-03-12 15:11 +05:30: [0mGET /api/pages/my-pages-hierarchy?_t=1773308475726 [32m200[0m 22.797 ms - 778[0m
2026-03-12 15:11 +05:30: [0mGET /api/templates/4 [36m304[0m 5.757 ms - -[0m
2026-03-12 15:11 +05:30: [0mGET /api/pages/my-pages-hierarchy?_t=1773308475727 [32m200[0m 22.702 ms - 778[0m
2026-03-12 15:11 +05:30: [0mGET /api/stations [36m304[0m 18.684 ms - -[0m
2026-03-12 15:11 +05:30: [0mGET /api/stations [36m304[0m 1.434 ms - -[0m
2026-03-12 15:12 +05:30: [0mPUT /api/templates/4 [32m200[0m 39.512 ms - 36[0m
2026-03-12 15:12 +05:30: [0mGET /api/templates [32m200[0m 5.611 ms - -[0m
2026-03-12 15:12 +05:30: [0mGET /api/pages/my-pages-hierarchy?_t=1773308551507 [32m200[0m 21.002 ms - 778[0m
2026-03-12 15:12 +05:30: [0mGET /api/pages/my-pages-hierarchy?_t=1773308551509 [32m200[0m 15.400 ms - 778[0m
2026-03-12 15:12 +05:30: [0mGET /api/templates [36m304[0m 7.913 ms - -[0m
2026-03-12 15:12 +05:30: [0mGET /api/pages/my-pages-hierarchy?_t=1773308557670 [32m200[0m 20.642 ms - 778[0m
2026-03-12 15:12 +05:30: [0mGET /api/pages/my-pages-hierarchy?_t=1773308557671 [32m200[0m 23.520 ms - 778[0m
2026-03-12 15:12 +05:30: [0mGET /api/submissions/4 [32m200[0m 42.642 ms - -[0m
2026-03-12 15:12 +05:30: [0mGET /api/submissions/4 [32m200[0m 2.389 ms - -[0m
2026-03-12 15:12 +05:30: [0mGET /api/templates [36m304[0m 2.331 ms - -[0m
2026-03-12 15:12 +05:30: [0mGET /api/pages/my-pages-hierarchy?_t=1773308560787 [32m200[0m 13.354 ms - 778[0m
2026-03-12 15:12 +05:30: [0mGET /api/templates [36m304[0m 5.842 ms - -[0m
2026-03-12 15:12 +05:30: [0mGET /api/pages/my-pages-hierarchy?_t=1773308560787 [36m304[0m 10.281 ms - -[0m
2026-03-12 15:12 +05:30: [0mGET /api/pages/my-pages-hierarchy?_t=1773308562794 [32m200[0m 5.941 ms - 778[0m
2026-03-12 15:12 +05:30: [0mGET /api/pages/my-pages-hierarchy?_t=1773308562795 [32m200[0m 19.467 ms - 778[0m
2026-03-12 15:12 +05:30: [0mGET /api/audit [32m200[0m 38.884 ms - -[0m
2026-03-12 15:12 +05:30: [0mGET /api/audit [36m304[0m 6.349 ms - -[0m
2026-03-12 15:12 +05:30: [0mGET /api/pages/my-pages-hierarchy?_t=1773308566996 [32m200[0m 30.208 ms - 778[0m
2026-03-12 15:12 +05:30: [0mGET /api/pages/my-pages-hierarchy?_t=1773308566997 [32m200[0m 27.175 ms - 778[0m
2026-03-12 15:12 +05:30: [0mGET /api/lines [36m304[0m 37.439 ms - -[0m
2026-03-12 15:12 +05:30: [0mGET /api/lines [36m304[0m 3.325 ms - -[0m
2026-03-12 15:12 +05:30: [0mGET /api/stations [36m304[0m 2.702 ms - -[0m
2026-03-12 15:12 +05:30: [0mGET /api/templates?entity_type=station&entity_id=2 [32m200[0m 1.842 ms - -[0m
2026-03-12 15:12 +05:30: [0mGET /api/inspection_slots [32m200[0m 19.564 ms - -[0m
2026-03-12 15:12 +05:30: [0mGET /api/inspection_slots [36m304[0m 2.417 ms - -[0m
2026-03-12 15:12 +05:30: [0mGET /api/templates?entity_type=station&entity_id=1 [32m200[0m 2.099 ms - -[0m
2026-03-12 15:12 +05:30: [0mGET /api/pages/my-pages-hierarchy?_t=1773308576722 [32m200[0m 17.074 ms - 778[0m
2026-03-12 15:12 +05:30: [0mGET /api/templates?entity_type=station&entity_id=1 [36m304[0m 12.487 ms - -[0m
2026-03-12 15:12 +05:30: [0mGET /api/templates?entity_type=station&entity_id=1 [36m304[0m 2.908 ms - -[0m
2026-03-12 15:12 +05:30: [0mGET /api/pages/my-pages-hierarchy?_t=1773308576723 [32m200[0m 22.659 ms - 778[0m
2026-03-12 15:13 +05:30: [0mGET /api/templates [36m304[0m 3.347 ms - -[0m
2026-03-12 15:13 +05:30: [0mGET /api/pages/my-pages-hierarchy?_t=1773308582121 [32m200[0m 13.354 ms - 778[0m
2026-03-12 15:13 +05:30: [0mGET /api/templates [36m304[0m 6.640 ms - -[0m
2026-03-12 15:13 +05:30: [0mGET /api/pages/my-pages-hierarchy?_t=1773308582121 [36m304[0m 12.865 ms - -[0m
2026-03-12 15:13 +05:30: [0mGET /api/pages/my-pages-hierarchy?_t=1773308584744 [32m200[0m 21.440 ms - 778[0m
2026-03-12 15:13 +05:30: [0mGET /api/submissions/4 [32m200[0m 15.970 ms - -[0m
2026-03-12 15:13 +05:30: [0mGET /api/pages/my-pages-hierarchy?_t=1773308584745 [32m200[0m 19.697 ms - 778[0m
2026-03-12 15:13 +05:30: [0mGET /api/submissions/4 [32m200[0m 6.939 ms - -[0m
2026-03-12 15:13 +05:30: [0mGET /api/templates [36m304[0m 3.002 ms - -[0m
2026-03-12 15:13 +05:30: [0mGET /api/pages/my-pages-hierarchy?_t=1773308587635 [32m200[0m 16.322 ms - 778[0m
2026-03-12 15:13 +05:30: [0mGET /api/templates [36m304[0m 5.709 ms - -[0m
2026-03-12 15:13 +05:30: [0mGET /api/pages/my-pages-hierarchy?_t=1773308587635 [36m304[0m 24.194 ms - -[0m
2026-03-12 15:13 +05:30: [0mGET /api/templates/4 [32m200[0m 2.537 ms - 788[0m
2026-03-12 15:13 +05:30: [0mGET /api/pages/my-pages-hierarchy?_t=1773308589898 [32m200[0m 13.853 ms - 778[0m
2026-03-12 15:13 +05:30: [0mGET /api/templates/4 [36m304[0m 8.709 ms - -[0m
2026-03-12 15:13 +05:30: [0mGET /api/pages/my-pages-hierarchy?_t=1773308589898 [36m304[0m 10.075 ms - -[0m
2026-03-12 15:13 +05:30: [0mGET /api/stations [36m304[0m 2.474 ms - -[0m
2026-03-12 15:13 +05:30: [0mGET /api/stations [36m304[0m 2.959 ms - -[0m
2026-03-12 15:15 +05:30: [0mGET /api/pages/my-pages-hierarchy?_t=1773308705719 [32m200[0m 46.160 ms - 778[0m
2026-03-12 15:15 +05:30: [0mGET /api/pages/my-pages-hierarchy?_t=1773308705720 [32m200[0m 40.625 ms - 778[0m
2026-03-12 15:15 +05:30: [0mGET /api/audit [36m304[0m 62.863 ms - -[0m
2026-03-12 15:15 +05:30: [0mGET /api/audit [36m304[0m 16.248 ms - -[0m
2026-03-12 15:15 +05:30: [0mGET /api/lines [36m304[0m 7.327 ms - -[0m
2026-03-12 15:15 +05:30: [0mGET /api/pages/my-pages-hierarchy?_t=1773308708374 [32m200[0m 25.814 ms - 778[0m
2026-03-12 15:15 +05:30: [0mGET /api/pages/my-pages-hierarchy?_t=1773308708375 [32m200[0m 26.272 ms - 778[0m
2026-03-12 15:15 +05:30: [0mGET /api/lines [36m304[0m 8.874 ms - -[0m
2026-03-12 15:15 +05:30: [0mGET /api/stations [36m304[0m 3.310 ms - -[0m
2026-03-12 15:15 +05:30: [0mGET /api/templates?entity_type=station&entity_id=2 [36m304[0m 7.603 ms - -[0m
2026-03-12 15:15 +05:30: [0mGET /api/inspection_slots [36m304[0m 8.625 ms - -[0m
2026-03-12 15:15 +05:30: [0mGET /api/templates?entity_type=station&entity_id=1 [36m304[0m 3.502 ms - -[0m
2026-03-12 15:15 +05:30: [0mGET /api/inspection_slots [36m304[0m 7.231 ms - -[0m
2026-03-12 15:15 +05:30: [0mGET /api/templates?entity_type=station&entity_id=1 [36m304[0m 8.581 ms - -[0m
2026-03-12 15:15 +05:30: [0mGET /api/pages/my-pages-hierarchy?_t=1773308720260 [32m200[0m 21.290 ms - 778[0m
2026-03-12 15:15 +05:30: [0mGET /api/templates?entity_type=station&entity_id=1 [36m304[0m 9.568 ms - -[0m
2026-03-12 15:15 +05:30: [0mGET /api/pages/my-pages-hierarchy?_t=1773308720261 [32m200[0m 26.493 ms - 778[0m
2026-03-12 15:25 +05:30: [0mGET /api/templates [36m304[0m 20.781 ms - -[0m
2026-03-12 15:25 +05:30: [0mGET /api/pages/my-pages-hierarchy?_t=1773309312239 [32m200[0m 36.856 ms - 778[0m
2026-03-12 15:25 +05:30: [0mGET /api/pages/my-pages-hierarchy?_t=1773309312237 [32m200[0m 69.997 ms - 778[0m
2026-03-12 15:25 +05:30: [0mGET /api/templates [36m304[0m 34.874 ms - -[0m
2026-03-12 15:25 +05:30: [0mGET /api/templates/4 [36m304[0m 5.491 ms - -[0m
2026-03-12 15:25 +05:30: [0mGET /api/pages/my-pages-hierarchy?_t=1773309315703 [32m200[0m 18.468 ms - 778[0m
2026-03-12 15:25 +05:30: [0mGET /api/pages/my-pages-hierarchy?_t=1773309315702 [32m200[0m 25.574 ms - 778[0m
2026-03-12 15:25 +05:30: [0mGET /api/templates/4 [36m304[0m 21.115 ms - -[0m
2026-03-12 15:25 +05:30: [0mGET /api/stations [36m304[0m 15.210 ms - -[0m
2026-03-12 15:25 +05:30: [0mGET /api/stations [36m304[0m 3.266 ms - -[0m
2026-03-12 15:26 +05:30: [0mGET /api/templates [36m304[0m 8.525 ms - -[0m
2026-03-12 15:26 +05:30: [0mGET /api/pages/my-pages-hierarchy?_t=1773309382763 [32m200[0m 25.991 ms - 778[0m
2026-03-12 15:26 +05:30: [0mGET /api/templates [36m304[0m 15.033 ms - -[0m
2026-03-12 15:26 +05:30: [0mGET /api/pages/my-pages-hierarchy?_t=1773309382764 [32m200[0m 35.606 ms - 778[0m
2026-03-12 15:26 +05:30: [0mGET /api/lines [36m304[0m 8.318 ms - -[0m
2026-03-12 15:26 +05:30: [0mGET /api/pages/my-pages-hierarchy?_t=1773309384824 [32m200[0m 25.124 ms - 778[0m
2026-03-12 15:26 +05:30: [0mGET /api/lines [36m304[0m 3.135 ms - -[0m
2026-03-12 15:26 +05:30: [0mGET /api/pages/my-pages-hierarchy?_t=1773309384825 [32m200[0m 21.502 ms - 778[0m
2026-03-12 15:26 +05:30: [0mGET /api/lines [36m304[0m 6.496 ms - -[0m
2026-03-12 15:26 +05:30: [0mGET /api/lines [36m304[0m 2.493 ms - -[0m
2026-03-12 15:32 +05:30: [0mGET /api/audit [36m304[0m 40.658 ms - -[0m
2026-03-12 15:32 +05:30: [0mGET /api/pages/my-pages-hierarchy?_t=1773309743784 [32m200[0m 91.833 ms - 778[0m
2026-03-12 15:32 +05:30: [0mGET /api/pages/my-pages-hierarchy?_t=1773309743789 [32m200[0m 55.116 ms - 778[0m
2026-03-12 15:32 +05:30: [0mGET /api/audit [36m304[0m 19.231 ms - -[0m
2026-03-12 15:32 +05:30: [0mGET /api/pages/my-pages-hierarchy?_t=1773309746074 [32m200[0m 47.392 ms - 778[0m
2026-03-12 15:32 +05:30: [0mGET /api/pages/my-pages-hierarchy?_t=1773309746076 [32m200[0m 25.660 ms - 778[0m
2026-03-12 15:32 +05:30: [0mGET /api/lines [36m304[0m 32.580 ms - -[0m
2026-03-12 15:32 +05:30: [0mGET /api/lines [36m304[0m 2.326 ms - -[0m
2026-03-12 15:32 +05:30: [0mGET /api/stations [36m304[0m 4.207 ms - -[0m
2026-03-12 15:32 +05:30: [0mGET /api/templates?entity_type=station&entity_id=1 [36m304[0m 4.414 ms - -[0m
2026-03-12 15:32 +05:30: [0mGET /api/inspection_slots [36m304[0m 9.160 ms - -[0m
2026-03-12 15:32 +05:30: [0mGET /api/templates?entity_type=station&entity_id=1 [36m304[0m 3.901 ms - -[0m
2026-03-12 15:32 +05:30: [0mGET /api/pages/my-pages-hierarchy?_t=1773309753925 [32m200[0m 14.640 ms - 778[0m
2026-03-12 15:32 +05:30: [0mGET /api/templates?entity_type=station&entity_id=1 [36m304[0m 8.699 ms - -[0m
2026-03-12 15:32 +05:30: [0mGET /api/pages/my-pages-hierarchy?_t=1773309753925 [36m304[0m 19.432 ms - -[0m
2026-03-12 15:42 +05:30: [0mGET /api/templates [36m304[0m 13.109 ms - -[0m
2026-03-12 15:42 +05:30: [0mGET /api/templates [36m304[0m 5.188 ms - -[0m
2026-03-12 15:42 +05:30: [0mGET /api/pages/my-pages-hierarchy?_t=1773310328251 [32m200[0m 53.835 ms - 778[0m
2026-03-12 15:42 +05:30: [0mGET /api/pages/my-pages-hierarchy?_t=1773310328252 [32m200[0m 40.485 ms - 778[0m
2026-03-12 15:42 +05:30: [0mGET /api/lines [36m304[0m 4.926 ms - -[0m
2026-03-12 15:42 +05:30: [0mGET /api/pages/my-pages-hierarchy?_t=1773310330362 [32m200[0m 25.398 ms - 778[0m
2026-03-12 15:42 +05:30: [0mGET /api/pages/my-pages-hierarchy?_t=1773310330363 [32m200[0m 18.195 ms - 778[0m
2026-03-12 15:42 +05:30: [0mGET /api/lines [36m304[0m 8.623 ms - -[0m
2026-03-12 15:42 +05:30: [0mGET /api/lines [36m304[0m 2.942 ms - -[0m
2026-03-12 15:42 +05:30: [0mGET /api/lines [36m304[0m 2.289 ms - -[0m
2026-03-12 15:45 +05:30: [0mGET /api/stations [36m304[0m 3.831 ms - -[0m
2026-03-12 15:45 +05:30: [0mGET /api/stations [36m304[0m 1.303 ms - -[0m
2026-03-12 15:46 +05:30: [0mPOST /api/templates [32m201[0m 11.526 ms - 61[0m
2026-03-12 15:46 +05:30: [0mGET /api/templates [32m200[0m 4.748 ms - -[0m
2026-03-12 15:46 +05:30: [0mGET /api/pages/my-pages-hierarchy?_t=1773310561359 [32m200[0m 12.342 ms - 778[0m
2026-03-12 15:46 +05:30: [0mGET /api/pages/my-pages-hierarchy?_t=1773310561360 [32m200[0m 10.616 ms - 778[0m
2026-03-12 15:46 +05:30: [0mGET /api/templates [36m304[0m 3.860 ms - -[0m
2026-03-12 15:46 +05:30: [0mGET /api/pages/my-pages-hierarchy?_t=1773310575295 [32m200[0m 20.941 ms - 778[0m
2026-03-12 15:46 +05:30: [0mGET /api/audit [36m304[0m 20.874 ms - -[0m
2026-03-12 15:46 +05:30: [0mGET /api/pages/my-pages-hierarchy?_t=1773310575296 [32m200[0m 15.266 ms - 778[0m
2026-03-12 15:46 +05:30: [0mGET /api/audit [36m304[0m 6.157 ms - -[0m
2026-03-12 15:46 +05:30: [0mGET /api/lines [36m304[0m 3.616 ms - -[0m
2026-03-12 15:46 +05:30: [0mGET /api/pages/my-pages-hierarchy?_t=1773310577312 [32m200[0m 15.025 ms - 778[0m
2026-03-12 15:46 +05:30: [0mGET /api/lines [36m304[0m 5.429 ms - -[0m
2026-03-12 15:46 +05:30: [0mGET /api/pages/my-pages-hierarchy?_t=1773310577312 [36m304[0m 10.643 ms - -[0m
2026-03-12 15:46 +05:30: [0mGET /api/stations [36m304[0m 2.218 ms - -[0m
2026-03-12 15:46 +05:30: [0mGET /api/templates?entity_type=station&entity_id=2 [32m200[0m 5.243 ms - -[0m
2026-03-12 15:46 +05:30: [0mGET /api/inspection_slots [36m304[0m 9.219 ms - -[0m
2026-03-12 15:46 +05:30: [0mGET /api/templates?entity_type=station&entity_id=2 [36m304[0m 5.855 ms - -[0m
2026-03-12 15:46 +05:30: [0mGET /api/pages/my-pages-hierarchy?_t=1773310585202 [32m200[0m 17.036 ms - 778[0m
2026-03-12 15:46 +05:30: [0mGET /api/templates?entity_type=station&entity_id=2 [36m304[0m 7.385 ms - -[0m
2026-03-12 15:46 +05:30: [0mGET /api/pages/my-pages-hierarchy?_t=1773310585202 [36m304[0m 9.375 ms - -[0m
2026-03-12 15:48 +05:30: [0mGET /api/templates [36m304[0m 12.874 ms - -[0m
2026-03-12 15:48 +05:30: [0mGET /api/pages/my-pages-hierarchy?_t=1773310705146 [32m200[0m 36.985 ms - 778[0m
2026-03-12 15:48 +05:30: [0mGET /api/pages/my-pages-hierarchy?_t=1773310705147 [32m200[0m 34.249 ms - 778[0m
2026-03-12 15:48 +05:30: [0mGET /api/templates [36m304[0m 13.277 ms - -[0m
2026-03-12 15:48 +05:30: [0mGET /api/lines [36m304[0m 3.734 ms - -[0m
2026-03-12 15:48 +05:30: [0mGET /api/pages/my-pages-hierarchy?_t=1773310708471 [32m200[0m 13.874 ms - 778[0m
2026-03-12 15:48 +05:30: [0mGET /api/lines [36m304[0m 7.266 ms - -[0m
2026-03-12 15:48 +05:30: [0mGET /api/lines [36m304[0m 2.679 ms - -[0m
2026-03-12 15:48 +05:30: [0mGET /api/pages/my-pages-hierarchy?_t=1773310708471 [36m304[0m 12.329 ms - -[0m
2026-03-12 15:48 +05:30: [0mGET /api/lines [36m304[0m 9.426 ms - -[0m
2026-03-12 15:54 +05:30: [0mGET /api/pages/my-pages-hierarchy?_t=1773311046192 [32m200[0m 25.629 ms - 778[0m
2026-03-12 15:54 +05:30: [0mGET /api/audit [36m304[0m 21.124 ms - -[0m
2026-03-12 15:54 +05:30: [0mGET /api/pages/my-pages-hierarchy?_t=1773311046193 [32m200[0m 25.495 ms - 778[0m
2026-03-12 15:54 +05:30: [0mGET /api/audit [36m304[0m 9.437 ms - -[0m
2026-03-12 15:54 +05:30: [0mGET /api/lines [36m304[0m 5.610 ms - -[0m
2026-03-12 15:54 +05:30: [0mGET /api/pages/my-pages-hierarchy?_t=1773311048050 [32m200[0m 17.223 ms - 778[0m
2026-03-12 15:54 +05:30: [0mGET /api/lines [36m304[0m 6.787 ms - -[0m
2026-03-12 15:54 +05:30: [0mGET /api/pages/my-pages-hierarchy?_t=1773311048050 [36m304[0m 6.967 ms - -[0m
2026-03-12 15:54 +05:30: [0mGET /api/stations [36m304[0m 2.026 ms - -[0m
2026-03-12 15:54 +05:30: [0mGET /api/templates?entity_type=station&entity_id=2 [36m304[0m 2.881 ms - -[0m
2026-03-12 15:54 +05:30: [0mGET /api/inspection_slots [36m304[0m 5.215 ms - -[0m
2026-03-12 15:54 +05:30: [0mGET /api/templates?entity_type=station&entity_id=2 [36m304[0m 3.555 ms - -[0m
2026-03-12 15:54 +05:30: [0mGET /api/pages/my-pages-hierarchy?_t=1773311055395 [32m200[0m 14.724 ms - 778[0m
2026-03-12 15:54 +05:30: [0mGET /api/templates?entity_type=station&entity_id=2 [36m304[0m 6.032 ms - -[0m
2026-03-12 15:54 +05:30: [0mGET /api/pages/my-pages-hierarchy?_t=1773311055395 [36m304[0m 10.435 ms - -[0m
2026-03-12 15:54 +05:30: [0mPOST /api/audit [32m200[0m 14.502 ms - 55[0m
2026-03-12 15:54 +05:30: [0mGET /api/pages/my-pages-hierarchy?_t=1773311088204 [32m200[0m 14.104 ms - 778[0m
2026-03-12 15:54 +05:30: [0mGET /api/pages/my-pages-hierarchy?_t=1773311088205 [32m200[0m 13.232 ms - 778[0m
2026-03-12 15:54 +05:30: [0mGET /api/audit [32m200[0m 16.968 ms - -[0m
2026-03-12 15:54 +05:30: [0mGET /api/audit [36m304[0m 4.948 ms - -[0m
2026-03-12 15:54 +05:30: [0mGET /api/pages/my-pages-hierarchy?_t=1773311091820 [32m200[0m 18.974 ms - 778[0m
2026-03-12 15:54 +05:30: [0mGET /api/audit/5 [32m200[0m 24.534 ms - 389[0m
2026-03-12 15:54 +05:30: [0mGET /api/pages/my-pages-hierarchy?_t=1773311091821 [32m200[0m 22.796 ms - 778[0m
2026-03-12 15:54 +05:30: [0mGET /api/audit/5 [36m304[0m 6.561 ms - -[0m
2026-03-12 15:54 +05:30: [0mGET /api/templates/5 [32m200[0m 2.461 ms - -[0m
2026-03-12 15:54 +05:30: [0mGET /api/templates/5 [36m304[0m 1.782 ms - -[0m
2026-03-12 15:55 +05:30: [0mGET /api/pages/my-pages-hierarchy?_t=1773311107932 [32m200[0m 13.644 ms - 778[0m
2026-03-12 15:55 +05:30: [0mGET /api/audit [36m304[0m 14.086 ms - -[0m
2026-03-12 15:55 +05:30: [0mGET /api/pages/my-pages-hierarchy?_t=1773311107932 [36m304[0m 13.623 ms - -[0m
2026-03-12 15:55 +05:30: [0mGET /api/audit [36m304[0m 13.491 ms - -[0m
2026-03-12 15:55 +05:30: [0mGET /api/lines [36m304[0m 3.890 ms - -[0m
2026-03-12 15:55 +05:30: [0mGET /api/pages/my-pages-hierarchy?_t=1773311115855 [32m200[0m 13.640 ms - 778[0m
2026-03-12 15:55 +05:30: [0mGET /api/lines [36m304[0m 6.539 ms - -[0m
2026-03-12 15:55 +05:30: [0mGET /api/pages/my-pages-hierarchy?_t=1773311115855 [36m304[0m 11.637 ms - -[0m
2026-03-12 15:55 +05:30: [0mGET /api/stations [36m304[0m 1.744 ms - -[0m
2026-03-12 15:55 +05:30: [0mGET /api/templates?entity_type=station&entity_id=2 [36m304[0m 3.553 ms - -[0m
2026-03-12 15:55 +05:30: [0mGET /api/inspection_slots [36m304[0m 5.619 ms - -[0m
2026-03-12 15:55 +05:30: [0mGET /api/templates?entity_type=station&entity_id=2 [36m304[0m 9.141 ms - -[0m
2026-03-12 15:55 +05:30: [0mGET /api/pages/my-pages-hierarchy?_t=1773311123943 [32m200[0m 25.258 ms - 778[0m
2026-03-12 15:55 +05:30: [0mGET /api/templates?entity_type=station&entity_id=2 [36m304[0m 7.122 ms - -[0m
2026-03-12 15:55 +05:30: [0mGET /api/pages/my-pages-hierarchy?_t=1773311123944 [32m200[0m 21.361 ms - 778[0m
2026-03-12 15:58 +05:30: [0mGET /api/templates?entity_type=station&entity_id=2 [36m304[0m 4.955 ms - -[0m
2026-03-12 15:58 +05:30: [0mGET /api/pages/my-pages-hierarchy?_t=1773311288954 [32m200[0m 24.518 ms - 778[0m
2026-03-12 15:58 +05:30: [0mGET /api/pages/my-pages-hierarchy?_t=1773311288959 [32m200[0m 17.873 ms - 778[0m
2026-03-12 15:58 +05:30: [0mGET /api/templates?entity_type=station&entity_id=2 [36m304[0m 11.314 ms - -[0m
2026-03-12 15:59 +05:30: [0mGET /api/templates?entity_type=station&entity_id=2 [36m304[0m 5.304 ms - -[0m
2026-03-12 15:59 +05:30: [0mGET /api/pages/my-pages-hierarchy?_t=1773311371076 [32m200[0m 20.831 ms - 778[0m
2026-03-12 15:59 +05:30: [0mGET /api/pages/my-pages-hierarchy?_t=1773311371079 [32m200[0m 16.245 ms - 778[0m
2026-03-12 15:59 +05:30: [0mGET /api/templates?entity_type=station&entity_id=2 [36m304[0m 8.441 ms - -[0m
2026-03-12 16:02 +05:30: [0mPOST /api/audit [32m200[0m 14.889 ms - 55[0m
2026-03-12 16:02 +05:30: [0mGET /api/audit [32m200[0m 15.954 ms - -[0m
2026-03-12 16:02 +05:30: [0mGET /api/pages/my-pages-hierarchy?_t=1773311529667 [32m200[0m 11.924 ms - 778[0m
2026-03-12 16:02 +05:30: [0mGET /api/pages/my-pages-hierarchy?_t=1773311529664 [32m200[0m 16.556 ms - 778[0m
2026-03-12 16:02 +05:30: [0mGET /api/audit [36m304[0m 7.030 ms - -[0m
2026-03-12 16:02 +05:30: [0mGET /api/pages/my-pages-hierarchy?_t=1773311532199 [32m200[0m 18.404 ms - 778[0m
2026-03-12 16:02 +05:30: [0mGET /api/audit/6 [32m200[0m 14.386 ms - 389[0m
2026-03-12 16:02 +05:30: [0mGET /api/pages/my-pages-hierarchy?_t=1773311532200 [32m200[0m 13.237 ms - 778[0m
2026-03-12 16:02 +05:30: [0mGET /api/audit/6 [36m304[0m 6.665 ms - -[0m
2026-03-12 16:02 +05:30: [0mGET /api/templates/5 [36m304[0m 1.524 ms - -[0m
2026-03-12 16:02 +05:30: [0mGET /api/templates/5 [36m304[0m 2.141 ms - -[0m
2026-03-12 16:02 +05:30: [0mGET /api/pages/my-pages-hierarchy?_t=1773311535916 [32m200[0m 13.807 ms - 778[0m
2026-03-12 16:02 +05:30: [0mGET /api/audit [36m304[0m 14.242 ms - -[0m
2026-03-12 16:02 +05:30: [0mGET /api/pages/my-pages-hierarchy?_t=1773311535916 [36m304[0m 14.521 ms - -[0m
2026-03-12 16:02 +05:30: [0mGET /api/audit [36m304[0m 11.396 ms - -[0m
2026-03-12 16:02 +05:30: [0mGET /api/pages/my-pages-hierarchy?_t=1773311537397 [32m200[0m 8.525 ms - 778[0m
2026-03-12 16:02 +05:30: [0mGET /api/audit/1 [36m304[0m 12.917 ms - -[0m
2026-03-12 16:02 +05:30: [0mGET /api/pages/my-pages-hierarchy?_t=1773311537398 [32m200[0m 20.146 ms - 778[0m
2026-03-12 16:02 +05:30: [0mGET /api/templates/9 [33m404[0m 2.161 ms - 48[0m
2026-03-12 16:02 +05:30: [0mGET /api/audit/1 [36m304[0m 14.883 ms - -[0m
2026-03-12 16:02 +05:30: [0mGET /api/templates/9 [33m404[0m 1.323 ms - 48[0m
2026-03-12 16:02 +05:30: [0mGET /api/pages/my-pages-hierarchy?_t=1773311539492 [32m200[0m 12.982 ms - 778[0m
2026-03-12 16:02 +05:30: [0mGET /api/audit [36m304[0m 13.611 ms - -[0m
2026-03-12 16:02 +05:30: [0mGET /api/audit [36m304[0m 10.028 ms - -[0m
2026-03-12 16:02 +05:30: [0mGET /api/pages/my-pages-hierarchy?_t=1773311539492 [36m304[0m 14.913 ms - -[0m
2026-03-12 16:02 +05:30: [0mGET /api/pages/my-pages-hierarchy?_t=1773311540824 [32m200[0m 8.016 ms - 778[0m
2026-03-12 16:02 +05:30: [0mGET /api/audit/2 [36m304[0m 6.721 ms - -[0m
2026-03-12 16:02 +05:30: [0mGET /api/pages/my-pages-hierarchy?_t=1773311540824 [36m304[0m 12.555 ms - -[0m
2026-03-12 16:02 +05:30: [0mGET /api/audit/2 [36m304[0m 4.996 ms - -[0m
2026-03-12 16:02 +05:30: [0mGET /api/templates/11 [33m404[0m 1.111 ms - 48[0m
2026-03-12 16:02 +05:30: [0mGET /api/templates/11 [33m404[0m 1.192 ms - 48[0m
2026-03-12 16:02 +05:30: [0mGET /api/pages/my-pages-hierarchy?_t=1773311542588 [32m200[0m 21.127 ms - 778[0m
2026-03-12 16:02 +05:30: [0mGET /api/pages/my-pages-hierarchy?_t=1773311542589 [32m200[0m 14.294 ms - 778[0m
2026-03-12 16:02 +05:30: [0mGET /api/audit [36m304[0m 13.796 ms - -[0m
2026-03-12 16:02 +05:30: [0mGET /api/audit [36m304[0m 5.075 ms - -[0m
2026-03-12 16:02 +05:30: [0mGET /api/pages/my-pages-hierarchy?_t=1773311545100 [32m200[0m 11.837 ms - 778[0m
2026-03-12 16:02 +05:30: [0mGET /api/audit/4 [32m200[0m 10.927 ms - 389[0m
2026-03-12 16:02 +05:30: [0mGET /api/audit/4 [36m304[0m 5.111 ms - -[0m
2026-03-12 16:02 +05:30: [0mGET /api/pages/my-pages-hierarchy?_t=1773311545100 [36m304[0m 9.402 ms - -[0m
2026-03-12 16:02 +05:30: [0mGET /api/templates/4 [36m304[0m 2.361 ms - -[0m
2026-03-12 16:02 +05:30: [0mGET /api/templates/4 [36m304[0m 1.446 ms - -[0m
2026-03-12 16:02 +05:30: [0mGET /api/pages/my-pages-hierarchy?_t=1773311556162 [32m200[0m 16.863 ms - 778[0m
2026-03-12 16:02 +05:30: [0mGET /api/audit [36m304[0m 16.231 ms - -[0m
2026-03-12 16:02 +05:30: [0mGET /api/pages/my-pages-hierarchy?_t=1773311556162 [36m304[0m 8.743 ms - -[0m
2026-03-12 16:02 +05:30: [0mGET /api/audit [36m304[0m 6.059 ms - -[0m
2026-03-12 16:02 +05:30: [0mGET /api/pages/my-pages-hierarchy?_t=1773311557818 [32m200[0m 7.409 ms - 778[0m
2026-03-12 16:02 +05:30: [0mGET /api/audit/5 [36m304[0m 8.513 ms - -[0m
2026-03-12 16:02 +05:30: [0mGET /api/pages/my-pages-hierarchy?_t=1773311557819 [32m200[0m 13.200 ms - 778[0m
2026-03-12 16:02 +05:30: [0mGET /api/audit/5 [36m304[0m 5.587 ms - -[0m
2026-03-12 16:02 +05:30: [0mGET /api/templates/5 [36m304[0m 1.890 ms - -[0m
2026-03-12 16:02 +05:30: [0mGET /api/templates/5 [36m304[0m 2.344 ms - -[0m
2026-03-12 16:02 +05:30: [0mGET /api/pages/my-pages-hierarchy?_t=1773311561500 [32m200[0m 15.293 ms - 778[0m
2026-03-12 16:02 +05:30: [0mGET /api/audit [36m304[0m 13.371 ms - -[0m
2026-03-12 16:02 +05:30: [0mGET /api/pages/my-pages-hierarchy?_t=1773311561500 [36m304[0m 12.338 ms - -[0m
2026-03-12 16:02 +05:30: [0mGET /api/audit [36m304[0m 11.376 ms - -[0m
2026-03-12 16:02 +05:30: [0mGET /api/lines [36m304[0m 5.497 ms - -[0m
2026-03-12 16:02 +05:30: [0mGET /api/pages/my-pages-hierarchy?_t=1773311564412 [32m200[0m 16.237 ms - 778[0m
2026-03-12 16:02 +05:30: [0mGET /api/lines [36m304[0m 7.956 ms - -[0m
2026-03-12 16:02 +05:30: [0mGET /api/pages/my-pages-hierarchy?_t=1773311564413 [32m200[0m 16.607 ms - 778[0m
2026-03-12 16:02 +05:30: [0mGET /api/stations [36m304[0m 2.776 ms - -[0m
2026-03-12 16:02 +05:30: [0mGET /api/templates?entity_type=station&entity_id=2 [36m304[0m 2.774 ms - -[0m
2026-03-12 16:02 +05:30: [0mGET /api/inspection_slots [32m200[0m 4.478 ms - -[0m
2026-03-12 16:02 +05:30: [0mGET /api/pages/my-pages-hierarchy?_t=1773311572909 [32m200[0m 13.784 ms - 778[0m
2026-03-12 16:02 +05:30: [0mGET /api/templates?entity_type=station&entity_id=2 [36m304[0m 10.132 ms - -[0m
2026-03-12 16:02 +05:30: [0mGET /api/templates?entity_type=station&entity_id=2 [36m304[0m 3.684 ms - -[0m
2026-03-12 16:02 +05:30: [0mGET /api/pages/my-pages-hierarchy?_t=1773311572910 [32m200[0m 19.306 ms - 778[0m
2026-03-12 16:04 +05:30: [0mPOST /api/audit [32m200[0m 10.870 ms - 55[0m
2026-03-12 16:04 +05:30: [0mGET /api/audit [32m200[0m 8.084 ms - -[0m
2026-03-12 16:04 +05:30: [0mGET /api/pages/my-pages-hierarchy?_t=1773311670936 [32m200[0m 15.280 ms - 778[0m
2026-03-12 16:04 +05:30: [0mGET /api/audit [36m304[0m 15.278 ms - -[0m
2026-03-12 16:04 +05:30: [0mGET /api/pages/my-pages-hierarchy?_t=1773311670936 [36m304[0m 13.345 ms - -[0m
2026-03-12 16:04 +05:30: [0mGET /api/pages/my-pages-hierarchy?_t=1773311673948 [32m200[0m 12.644 ms - 778[0m
2026-03-12 16:04 +05:30: [0mGET /api/audit/7 [32m200[0m 11.905 ms - 712[0m
2026-03-12 16:04 +05:30: [0mGET /api/audit/7 [36m304[0m 7.910 ms - -[0m
2026-03-12 16:04 +05:30: [0mGET /api/pages/my-pages-hierarchy?_t=1773311673948 [36m304[0m 18.000 ms - -[0m
2026-03-12 16:04 +05:30: [0mGET /api/templates/5 [36m304[0m 1.744 ms - -[0m
2026-03-12 16:04 +05:30: [0mGET /api/templates/5 [36m304[0m 1.320 ms - -[0m
2026-03-12 16:09 +05:30: [0mGET /api/audit/7 [36m304[0m 99.177 ms - -[0m
2026-03-12 16:09 +05:30: [0mGET /api/pages/my-pages-hierarchy?_t=1773311973021 [32m200[0m 138.529 ms - 778[0m
2026-03-12 16:09 +05:30: [0mGET /api/pages/my-pages-hierarchy?_t=1773311973012 [32m200[0m 216.947 ms - 778[0m
2026-03-12 16:09 +05:30: [0mGET /api/audit/7 [36m304[0m 69.293 ms - -[0m
2026-03-12 16:09 +05:30: [0mGET /api/templates/5 [36m304[0m 62.907 ms - -[0m
2026-03-12 16:09 +05:30: [0mGET /api/templates/5 [36m304[0m 6.483 ms - -[0m
2026-03-12 16:27 +05:30: [0mGET /api/audit/7 [36m304[0m 107.326 ms - -[0m
2026-03-12 16:27 +05:30: [0mGET /api/pages/my-pages-hierarchy?_t=1773313053333 [32m200[0m 188.278 ms - 778[0m
2026-03-12 16:27 +05:30: [0mGET /api/pages/my-pages-hierarchy?_t=1773313053340 [32m200[0m 150.018 ms - 778[0m
2026-03-12 16:27 +05:30: [0mGET /api/audit/7 [36m304[0m 44.147 ms - -[0m
2026-03-12 16:27 +05:30: [0mGET /api/templates/5 [36m304[0m 10.025 ms - -[0m
2026-03-12 16:27 +05:30: [0mGET /api/templates/5 [36m304[0m 3.727 ms - -[0m
2026-03-12 16:27 +05:30: [0mGET /api/pages/my-pages-hierarchy?_t=1773313056899 [32m200[0m 54.883 ms - 778[0m
2026-03-12 16:27 +05:30: [0mGET /api/pages/my-pages-hierarchy?_t=1773313056904 [32m200[0m 37.442 ms - 778[0m
2026-03-12 16:27 +05:30: [0mGET /api/audit [36m304[0m 40.877 ms - -[0m
2026-03-12 16:27 +05:30: [0mGET /api/audit [36m304[0m 10.633 ms - -[0m
2026-03-12 16:27 +05:30: [0mGET /api/lines [36m304[0m 9.709 ms - -[0m
2026-03-12 16:27 +05:30: [0mGET /api/pages/my-pages-hierarchy?_t=1773313063267 [32m200[0m 28.293 ms - 778[0m
2026-03-12 16:27 +05:30: [0mGET /api/lines [36m304[0m 10.219 ms - -[0m
2026-03-12 16:27 +05:30: [0mGET /api/pages/my-pages-hierarchy?_t=1773313063268 [32m200[0m 36.261 ms - 778[0m
2026-03-12 16:27 +05:30: [0mGET /api/stations [36m304[0m 6.766 ms - -[0m
2026-03-12 16:27 +05:30: [0mGET /api/templates?entity_type=station&entity_id=2 [36m304[0m 4.590 ms - -[0m
2026-03-12 16:27 +05:30: [0mGET /api/inspection_slots [32m200[0m 14.023 ms - -[0m
2026-03-12 16:27 +05:30: [0mGET /api/templates?entity_type=station&entity_id=2 [36m304[0m 12.296 ms - -[0m
2026-03-12 16:27 +05:30: [0mGET /api/templates?entity_type=station&entity_id=2 [36m304[0m 4.354 ms - -[0m
2026-03-12 16:27 +05:30: [0mGET /api/pages/my-pages-hierarchy?_t=1773313071562 [32m200[0m 33.046 ms - 778[0m
2026-03-12 16:27 +05:30: [0mGET /api/pages/my-pages-hierarchy?_t=1773313071564 [32m200[0m 27.075 ms - 778[0m
2026-03-12 16:28 +05:30: [0mPOST /api/audit [32m200[0m 17.238 ms - 55[0m
2026-03-12 16:28 +05:30: [0mGET /api/pages/my-pages-hierarchy?_t=1773313083964 [32m200[0m 24.645 ms - 778[0m
2026-03-12 16:28 +05:30: [0mGET /api/audit [32m200[0m 27.699 ms - -[0m
2026-03-12 16:28 +05:30: [0mGET /api/pages/my-pages-hierarchy?_t=1773313083971 [32m200[0m 26.138 ms - 778[0m
2026-03-12 16:28 +05:30: [0mGET /api/audit [36m304[0m 10.875 ms - -[0m
2026-03-12 16:28 +05:30: [0mGET /api/audit/8 [32m200[0m 19.250 ms - 389[0m
2026-03-12 16:28 +05:30: [0mGET /api/pages/my-pages-hierarchy?_t=1773313086845 [32m200[0m 30.329 ms - 778[0m
2026-03-12 16:28 +05:30: [0mGET /api/pages/my-pages-hierarchy?_t=1773313086848 [32m200[0m 31.806 ms - 778[0m
2026-03-12 16:28 +05:30: [0mGET /api/audit/8 [36m304[0m 108.445 ms - -[0m
2026-03-12 16:28 +05:30: [0mGET /api/templates/5 [36m304[0m 4.448 ms - -[0m
2026-03-12 16:28 +05:30: [0mGET /api/templates/5 [36m304[0m 3.030 ms - -[0m
2026-03-12 16:30 +05:30: [0mGET /api/audit/8 [36m304[0m 18.183 ms - -[0m
2026-03-12 16:30 +05:30: [0mGET /api/pages/my-pages-hierarchy?_t=1773313204608 [32m200[0m 32.410 ms - 778[0m
2026-03-12 16:30 +05:30: [0mGET /api/pages/my-pages-hierarchy?_t=1773313204612 [32m200[0m 25.704 ms - 778[0m
2026-03-12 16:30 +05:30: [0mGET /api/audit/8 [36m304[0m 29.522 ms - -[0m
2026-03-12 16:30 +05:30: [0mGET /api/templates/5 [36m304[0m 5.434 ms - -[0m
2026-03-12 16:30 +05:30: [0mGET /api/templates/5 [36m304[0m 3.865 ms - -[0m
2026-03-12 16:33 +05:30: [0mGET /api/pages/my-pages-hierarchy?_t=1773313433997 [32m200[0m 59.890 ms - 778[0m
2026-03-12 16:33 +05:30: [0mGET /api/pages/my-pages-hierarchy?_t=1773313434011 [32m200[0m 140.957 ms - 778[0m
2026-03-12 16:33 +05:30: [0mGET /api/audit/8 [36m304[0m 143.273 ms - -[0m
2026-03-12 16:33 +05:30: [0mGET /api/audit/8 [36m304[0m 23.347 ms - -[0m
2026-03-12 16:33 +05:30: [0mGET /api/templates/5 [36m304[0m 32.584 ms - -[0m
2026-03-12 16:33 +05:30: [0mGET /api/templates/5 [36m304[0m 3.123 ms - -[0m
2026-03-12 16:33 +05:30: [0mGET /api/pages/my-pages-hierarchy?_t=1773313436169 [32m200[0m 22.330 ms - 778[0m
2026-03-12 16:33 +05:30: [0mGET /api/audit [36m304[0m 17.177 ms - -[0m
2026-03-12 16:33 +05:30: [0mGET /api/pages/my-pages-hierarchy?_t=1773313436172 [32m200[0m 27.041 ms - 778[0m
2026-03-12 16:33 +05:30: [0mGET /api/audit [36m304[0m 9.457 ms - -[0m
2026-03-12 16:34 +05:30: [0mGET /api/lines [36m304[0m 7.275 ms - -[0m
2026-03-12 16:34 +05:30: [0mGET /api/pages/my-pages-hierarchy?_t=1773313464291 [32m200[0m 21.402 ms - 778[0m
2026-03-12 16:34 +05:30: [0mGET /api/lines [36m304[0m 5.715 ms - -[0m
2026-03-12 16:34 +05:30: [0mGET /api/pages/my-pages-hierarchy?_t=1773313464295 [32m200[0m 25.147 ms - 778[0m
2026-03-12 16:34 +05:30: [0mGET /api/stations [36m304[0m 3.417 ms - -[0m
2026-03-12 16:34 +05:30: [0mGET /api/templates?entity_type=station&entity_id=2 [36m304[0m 4.395 ms - -[0m
2026-03-12 16:34 +05:30: [0mGET /api/inspection_slots [36m304[0m 7.183 ms - -[0m
2026-03-12 16:34 +05:30: [0mGET /api/pages/my-pages-hierarchy?_t=1773313472294 [32m200[0m 9.464 ms - 778[0m
2026-03-12 16:34 +05:30: [0mGET /api/templates?entity_type=station&entity_id=2 [36m304[0m 6.597 ms - -[0m
2026-03-12 16:34 +05:30: [0mGET /api/templates?entity_type=station&entity_id=2 [36m304[0m 1.936 ms - -[0m
2026-03-12 16:34 +05:30: [0mGET /api/pages/my-pages-hierarchy?_t=1773313472296 [32m200[0m 11.869 ms - 778[0m
2026-03-12 16:34 +05:30: [0mPOST /api/audit [32m200[0m 11.364 ms - 55[0m
2026-03-12 16:34 +05:30: [0mGET /api/pages/my-pages-hierarchy?_t=1773313488598 [32m200[0m 16.761 ms - 778[0m
2026-03-12 16:34 +05:30: [0mGET /api/pages/my-pages-hierarchy?_t=1773313488601 [32m200[0m 17.526 ms - 778[0m
2026-03-12 16:34 +05:30: [0mGET /api/audit [32m200[0m 17.811 ms - -[0m
2026-03-12 16:34 +05:30: [0mGET /api/audit [36m304[0m 8.067 ms - -[0m
2026-03-12 16:34 +05:30: [0mGET /api/audit/9 [32m200[0m 11.197 ms - 389[0m
2026-03-12 16:34 +05:30: [0mGET /api/pages/my-pages-hierarchy?_t=1773313493770 [32m200[0m 18.285 ms - 778[0m
2026-03-12 16:34 +05:30: [0mGET /api/pages/my-pages-hierarchy?_t=1773313493775 [32m200[0m 21.087 ms - 778[0m
2026-03-12 16:34 +05:30: [0mGET /api/audit/9 [36m304[0m 28.793 ms - -[0m
2026-03-12 16:34 +05:30: [0mGET /api/templates/5 [36m304[0m 1.779 ms - -[0m
2026-03-12 16:34 +05:30: [0mGET /api/templates/5 [36m304[0m 3.049 ms - -[0m
2026-03-12 16:37 +05:30: [0mGET /api/audit/9 [36m304[0m 10.533 ms - -[0m
2026-03-12 16:37 +05:30: [0mGET /api/pages/my-pages-hierarchy?_t=1773313667857 [32m200[0m 28.412 ms - 778[0m
2026-03-12 16:37 +05:30: [0mGET /api/pages/my-pages-hierarchy?_t=1773313667865 [32m200[0m 29.329 ms - 778[0m
2026-03-12 16:37 +05:30: [0mGET /api/audit/9 [36m304[0m 39.861 ms - -[0m
2026-03-12 16:37 +05:30: [0mGET /api/templates/5 [36m304[0m 3.316 ms - -[0m
2026-03-12 16:37 +05:30: [0mGET /api/templates/5 [36m304[0m 1.682 ms - -[0m
2026-03-12 16:37 +05:30: [0mGET /api/pages/my-pages-hierarchy?_t=1773313671408 [32m200[0m 21.007 ms - 778[0m
2026-03-12 16:37 +05:30: [0mGET /api/pages/my-pages-hierarchy?_t=1773313671410 [32m200[0m 21.915 ms - 778[0m
2026-03-12 16:37 +05:30: [0mGET /api/audit [36m304[0m 19.662 ms - -[0m
2026-03-12 16:37 +05:30: [0mGET /api/audit [36m304[0m 8.578 ms - -[0m
2026-03-12 16:37 +05:30: [0mGET /api/lines [36m304[0m 4.886 ms - -[0m
2026-03-12 16:37 +05:30: [0mGET /api/pages/my-pages-hierarchy?_t=1773313674859 [32m200[0m 17.187 ms - 778[0m
2026-03-12 16:37 +05:30: [0mGET /api/lines [36m304[0m 5.032 ms - -[0m
2026-03-12 16:37 +05:30: [0mGET /api/pages/my-pages-hierarchy?_t=1773313674861 [32m200[0m 18.056 ms - 778[0m
2026-03-12 16:37 +05:30: [0mGET /api/stations [36m304[0m 3.720 ms - -[0m
2026-03-12 16:38 +05:30: [0mGET /api/templates?entity_type=station&entity_id=2 [36m304[0m 3.079 ms - -[0m
2026-03-12 16:38 +05:30: [0mGET /api/inspection_slots [36m304[0m 17.580 ms - -[0m
2026-03-12 16:38 +05:30: [0mGET /api/templates?entity_type=station&entity_id=2 [36m304[0m 7.995 ms - -[0m
2026-03-12 16:38 +05:30: [0mGET /api/pages/my-pages-hierarchy?_t=1773313682916 [32m200[0m 18.600 ms - 778[0m
2026-03-12 16:38 +05:30: [0mGET /api/templates?entity_type=station&entity_id=2 [36m304[0m 7.342 ms - -[0m
2026-03-12 16:38 +05:30: [0mGET /api/pages/my-pages-hierarchy?_t=1773313682918 [32m200[0m 21.375 ms - 778[0m
2026-03-12 16:38 +05:30: [0mPOST /api/audit [32m200[0m 10.186 ms - 56[0m
2026-03-12 16:38 +05:30: [0mGET /api/pages/my-pages-hierarchy?_t=1773313692180 [32m200[0m 13.355 ms - 778[0m
2026-03-12 16:38 +05:30: [0mGET /api/pages/my-pages-hierarchy?_t=1773313692183 [32m200[0m 12.988 ms - 778[0m
2026-03-12 16:38 +05:30: [0mGET /api/audit [32m200[0m 16.523 ms - -[0m
2026-03-12 16:38 +05:30: [0mGET /api/audit [36m304[0m 7.301 ms - -[0m
2026-03-12 16:38 +05:30: [0mGET /api/audit/10 [32m200[0m 15.485 ms - 390[0m
2026-03-12 16:38 +05:30: [0mGET /api/pages/my-pages-hierarchy?_t=1773313729131 [32m200[0m 26.485 ms - 778[0m
2026-03-12 16:38 +05:30: [0mGET /api/pages/my-pages-hierarchy?_t=1773313729134 [32m200[0m 19.535 ms - 778[0m
2026-03-12 16:38 +05:30: [0mGET /api/audit/10 [36m304[0m 7.423 ms - -[0m
2026-03-12 16:38 +05:30: [0mGET /api/templates/5 [36m304[0m 5.558 ms - -[0m
2026-03-12 16:38 +05:30: [0mGET /api/templates/5 [36m304[0m 5.267 ms - -[0m
2026-03-12 17:03 +05:30: [0mGET /api/audit/10 [36m304[0m 51.697 ms - -[0m
2026-03-12 17:03 +05:30: [0mGET /api/pages/my-pages-hierarchy?_t=1773315194021 [32m200[0m 135.445 ms - 778[0m
2026-03-12 17:03 +05:30: [0mGET /api/pages/my-pages-hierarchy?_t=1773315194030 [32m200[0m 51.733 ms - 778[0m
2026-03-12 17:03 +05:30: [0mGET /api/templates/5 [36m304[0m 18.152 ms - -[0m
2026-03-12 17:03 +05:30: [0mGET /api/audit/10 [36m304[0m 47.649 ms - -[0m
2026-03-12 17:03 +05:30: [0mGET /api/templates/5 [36m304[0m 5.466 ms - -[0m
2026-03-12 17:10 +05:30: [0mGET /api/pages/my-pages-hierarchy?_t=1773315644448 [32m200[0m 49.753 ms - 778[0m
2026-03-12 17:10 +05:30: [0mGET /api/pages/my-pages-hierarchy?_t=1773315644451 [32m200[0m 37.127 ms - 778[0m
2026-03-12 17:10 +05:30: [0mGET /api/audit [36m304[0m 41.008 ms - -[0m
2026-03-12 17:10 +05:30: [0mGET /api/audit [36m304[0m 15.149 ms - -[0m
2026-03-12 17:10 +05:30: [0mGET /api/audit [36m304[0m 12.693 ms - -[0m
2026-03-12 17:10 +05:30: [0mGET /api/pages/my-pages-hierarchy?_t=1773315647429 [32m200[0m 15.481 ms - 778[0m
2026-03-12 17:10 +05:30: [0mGET /api/audit [36m304[0m 12.641 ms - -[0m
2026-03-12 17:10 +05:30: [0mGET /api/pages/my-pages-hierarchy?_t=1773315647433 [32m200[0m 30.839 ms - 778[0m
2026-03-12 17:10 +05:30: [0mGET /api/lines [36m304[0m 7.361 ms - -[0m
2026-03-12 17:10 +05:30: [0mGET /api/pages/my-pages-hierarchy?_t=1773315651894 [32m200[0m 16.296 ms - 778[0m
2026-03-12 17:10 +05:30: [0mGET /api/pages/my-pages-hierarchy?_t=1773315651896 [32m200[0m 17.383 ms - 778[0m
2026-03-12 17:10 +05:30: [0mGET /api/lines [36m304[0m 6.263 ms - -[0m
2026-03-12 17:10 +05:30: [0mGET /api/stations [36m304[0m 3.781 ms - -[0m
2026-03-12 17:10 +05:30: [0mGET /api/templates?entity_type=station&entity_id=2 [36m304[0m 7.142 ms - -[0m
2026-03-12 17:10 +05:30: [0mGET /api/inspection_slots [36m304[0m 10.881 ms - -[0m
2026-03-12 17:10 +05:30: [0mGET /api/templates?entity_type=station&entity_id=2 [36m304[0m 11.038 ms - -[0m
2026-03-12 17:10 +05:30: [0mGET /api/templates?entity_type=station&entity_id=2 [36m304[0m 3.502 ms - -[0m
2026-03-12 17:10 +05:30: [0mGET /api/pages/my-pages-hierarchy?_t=1773315659797 [32m200[0m 17.305 ms - 778[0m
2026-03-12 17:10 +05:30: [0mGET /api/pages/my-pages-hierarchy?_t=1773315659795 [32m200[0m 27.516 ms - 778[0m
2026-03-12 17:11 +05:30: [0mPOST /api/audit [32m200[0m 21.031 ms - 56[0m
2026-03-12 17:11 +05:30: [0mGET /api/pages/my-pages-hierarchy?_t=1773315669852 [32m200[0m 20.458 ms - 778[0m
2026-03-12 17:11 +05:30: [0mGET /api/pages/my-pages-hierarchy?_t=1773315669855 [32m200[0m 21.788 ms - 778[0m
2026-03-12 17:11 +05:30: [0mGET /api/audit [32m200[0m 17.976 ms - -[0m
2026-03-12 17:11 +05:30: [0mGET /api/audit [36m304[0m 8.081 ms - -[0m
2026-03-12 17:11 +05:30: [0mGET /api/audit/11 [32m200[0m 12.011 ms - 390[0m
2026-03-12 17:11 +05:30: [0mGET /api/pages/my-pages-hierarchy?_t=1773315695940 [32m200[0m 17.698 ms - 778[0m
2026-03-12 17:11 +05:30: [0mGET /api/pages/my-pages-hierarchy?_t=1773315695942 [32m200[0m 15.546 ms - 778[0m
2026-03-12 17:11 +05:30: [0mGET /api/audit/11 [36m304[0m 6.137 ms - -[0m
2026-03-12 17:11 +05:30: [0mGET /api/templates/5 [36m304[0m 3.073 ms - -[0m
2026-03-12 17:11 +05:30: [0mGET /api/templates/5 [36m304[0m 1.553 ms - -[0m
2026-03-12 17:14 +05:30: [0mGET /api/pages/my-pages-hierarchy?_t=1773315878537 [32m200[0m 124.166 ms - 778[0m
2026-03-12 17:14 +05:30: [0mGET /api/system/memory [32m200[0m 39.937 ms - 300[0m
2026-03-12 17:14 +05:30: [0mGET /api/system/info [32m200[0m 34.137 ms - 523[0m
2026-03-12 17:14 +05:30: [0mGET /api/system/performance [32m200[0m 75.096 ms - -[0m
2026-03-12 17:14 +05:30: [0mGET /api/system/cpu [32m200[0m 97.256 ms - -[0m
2026-03-12 17:14 +05:30: [0mGET /api/system/processes [36m304[0m 48.049 ms - -[0m
2026-03-12 17:14 +05:30: [0mGET /api/system/health [32m200[0m 56.689 ms - 269[0m
2026-03-12 17:14 +05:30: [0mGET /api/system/network [36m304[0m 64.046 ms - -[0m
2026-03-12 17:14 +05:30: [0mGET /api/system/memory [32m200[0m 49.914 ms - 300[0m
2026-03-12 17:14 +05:30: [0mGET /api/system/info [32m200[0m 59.708 ms - 523[0m
2026-03-12 17:14 +05:30: [0mGET /api/system/process-stats [32m200[0m 54.931 ms - 819[0m
2026-03-12 17:14 +05:30: requireAssignedPages check for user: superadmin (ID: 1), roles: super_admin
2026-03-12 17:14 +05:30: Access granted: User is super admin
2026-03-12 17:14 +05:30: [0mGET /api/system/processes [36m304[0m 73.961 ms - -[0m
2026-03-12 17:14 +05:30: [0mGET /api/system/performance [32m200[0m 94.090 ms - -[0m
2026-03-12 17:14 +05:30: [0mGET /api/system/health [32m200[0m 27.354 ms - 376[0m
2026-03-12 17:14 +05:30: [0mGET /api/system/cpu [32m200[0m 74.810 ms - -[0m
2026-03-12 17:14 +05:30: [0mGET /api/pages/my-pages-hierarchy?_t=1773315878556 [32m200[0m 144.724 ms - 778[0m
2026-03-12 17:14 +05:30: [0mGET /api/system/network [36m304[0m 81.271 ms - -[0m
2026-03-12 17:14 +05:30: [0mGET /api/system/process-stats [32m200[0m 60.501 ms - 818[0m
2026-03-12 17:14 +05:30: [0mGET /api/stats/dashboard [32m200[0m 204.677 ms - -[0m
2026-03-12 17:14 +05:30: requireAssignedPages check for user: superadmin (ID: 1), roles: super_admin
2026-03-12 17:14 +05:30: Access granted: User is super admin
2026-03-12 17:14 +05:30: [0mGET /api/stats/dashboard [32m200[0m 26.966 ms - -[0m
2026-03-12 17:14 +05:30: [0mGET /api/system/memory [32m200[0m 107.302 ms - 300[0m
2026-03-12 17:14 +05:30: [0mGET /api/system/performance [32m200[0m 111.425 ms - -[0m
2026-03-12 17:14 +05:30: [0mGET /api/system/cpu [32m200[0m 109.269 ms - -[0m
2026-03-12 17:15 +05:30: [0mGET /api/system/memory [32m200[0m 47.901 ms - 300[0m
2026-03-12 17:15 +05:30: [0mGET /api/system/performance [32m200[0m 51.248 ms - -[0m
2026-03-12 17:15 +05:30: [0mGET /api/system/cpu [32m200[0m 49.726 ms - -[0m
2026-03-12 17:15 +05:30: [0mGET /api/system/info [32m200[0m 31.195 ms - 524[0m
2026-03-12 17:15 +05:30: [0mGET /api/system/processes [36m304[0m 24.497 ms - -[0m
2026-03-12 17:15 +05:30: [0mGET /api/system/health [32m200[0m 26.254 ms - 269[0m
2026-03-12 17:15 +05:30: [0mGET /api/system/network [36m304[0m 39.425 ms - -[0m
2026-03-12 17:15 +05:30: [0mGET /api/system/process-stats [32m200[0m 37.567 ms - 819[0m
2026-03-12 17:15 +05:30: [0mGET /api/system/memory [32m200[0m 132.877 ms - 300[0m
2026-03-12 17:15 +05:30: [0mGET /api/system/performance [32m200[0m 92.967 ms - -[0m
2026-03-12 17:15 +05:30: [0mGET /api/system/cpu [32m200[0m 134.038 ms - -[0m
2026-03-12 17:15 +05:30: [0mGET /api/system/memory [32m200[0m 67.498 ms - 297[0m
2026-03-12 17:15 +05:30: [0mGET /api/system/processes [36m304[0m 66.234 ms - -[0m
2026-03-12 17:15 +05:30: [0mGET /api/system/info [32m200[0m 66.305 ms - 499[0m
2026-03-12 17:15 +05:30: [0mGET /api/system/performance [32m200[0m 73.533 ms - -[0m
2026-03-12 17:15 +05:30: [0mGET /api/system/cpu [32m200[0m 70.210 ms - -[0m
2026-03-12 17:15 +05:30: [0mGET /api/system/health [32m200[0m 27.565 ms - 114[0m
2026-03-12 17:15 +05:30: [0mGET /api/system/network [36m304[0m 55.529 ms - -[0m
2026-03-12 17:15 +05:30: [0mGET /api/system/process-stats [32m200[0m 60.937 ms - 819[0m
2026-03-12 17:15 +05:30: [0mGET /api/system/memory [32m200[0m 74.033 ms - 297[0m
2026-03-12 17:15 +05:30: [0mGET /api/system/performance [32m200[0m 77.116 ms - -[0m
2026-03-12 17:15 +05:30: [0mGET /api/system/cpu [32m200[0m 78.593 ms - -[0m
2026-03-12 17:16 +05:30: [0mGET /api/system/memory [32m200[0m 34.132 ms - 297[0m
2026-03-12 17:16 +05:30: [0mGET /api/system/performance [32m200[0m 41.075 ms - -[0m
2026-03-12 17:16 +05:30: [0mGET /api/system/cpu [32m200[0m 37.190 ms - -[0m
2026-03-12 17:16 +05:30: [0mGET /api/system/info [32m200[0m 92.010 ms - 520[0m
2026-03-12 17:16 +05:30: [0mGET /api/system/processes [36m304[0m 69.126 ms - -[0m
2026-03-12 17:16 +05:30: [0mGET /api/system/health [32m200[0m 47.559 ms - 114[0m
2026-03-12 17:16 +05:30: [0mGET /api/system/network [36m304[0m 76.290 ms - -[0m
2026-03-12 17:16 +05:30: [0mGET /api/system/process-stats [32m200[0m 78.816 ms - 819[0m
2026-03-12 17:16 +05:30: [0mGET /api/system/memory [32m200[0m 30.512 ms - 297[0m
2026-03-12 17:16 +05:30: [0mGET /api/system/performance [32m200[0m 33.387 ms - -[0m
2026-03-12 17:16 +05:30: [0mGET /api/system/cpu [32m200[0m 31.845 ms - -[0m
2026-03-12 17:16 +05:30: [0mGET /api/system/memory [32m200[0m 45.798 ms - 297[0m
2026-03-12 17:16 +05:30: [0mGET /api/system/info [32m200[0m 47.281 ms - 499[0m
2026-03-12 17:16 +05:30: [0mGET /api/system/processes [36m304[0m 45.677 ms - -[0m
2026-03-12 17:16 +05:30: [0mGET /api/system/performance [32m200[0m 50.436 ms - -[0m
2026-03-12 17:16 +05:30: [0mGET /api/system/cpu [32m200[0m 49.789 ms - -[0m
2026-03-12 17:16 +05:30: [0mGET /api/system/health [32m200[0m 13.629 ms - 269[0m
2026-03-12 17:16 +05:30: [0mGET /api/system/network [36m304[0m 34.280 ms - -[0m
2026-03-12 17:16 +05:30: [0mGET /api/system/process-stats [32m200[0m 25.352 ms - 819[0m
2026-03-12 17:16 +05:30: [0mGET /api/system/memory [32m200[0m 309.176 ms - 297[0m
2026-03-12 17:16 +05:30: [0mGET /api/system/cpu [32m200[0m 384.676 ms - -[0m
2026-03-12 17:16 +05:30: [0mGET /api/system/performance [32m200[0m 313.292 ms - -[0m
2026-03-12 17:17 +05:30: [0mGET /api/system/memory [32m200[0m 41.591 ms - 297[0m
2026-03-12 17:17 +05:30: [0mGET /api/system/info [32m200[0m 40.869 ms - 499[0m
2026-03-12 17:17 +05:30: [0mGET /api/system/processes [36m304[0m 14.844 ms - -[0m
2026-03-12 17:17 +05:30: [0mGET /api/system/cpu [32m200[0m 44.578 ms - -[0m
2026-03-12 17:17 +05:30: [0mGET /api/system/performance [32m200[0m 46.707 ms - -[0m
2026-03-12 17:17 +05:30: [0mGET /api/system/health [32m200[0m 18.768 ms - 114[0m
2026-03-12 17:17 +05:30: [0mGET /api/system/network [36m304[0m 37.262 ms - -[0m
2026-03-12 17:17 +05:30: [0mGET /api/system/process-stats [32m200[0m 36.030 ms - 819[0m
2026-03-12 17:17 +05:30: [0mGET /api/system/memory [32m200[0m 27.556 ms - 297[0m
2026-03-12 17:17 +05:30: [0mGET /api/system/cpu [32m200[0m 27.869 ms - -[0m
2026-03-12 17:17 +05:30: [0mGET /api/system/performance [32m200[0m 28.257 ms - -[0m
2026-03-12 17:17 +05:30: [0mGET /api/system/memory [32m200[0m 44.770 ms - 297[0m
2026-03-12 17:17 +05:30: [0mGET /api/system/info [32m200[0m 46.115 ms - 499[0m
2026-03-12 17:17 +05:30: [0mGET /api/system/processes [36m304[0m 42.480 ms - -[0m
2026-03-12 17:17 +05:30: [0mGET /api/system/health [32m200[0m 43.074 ms - 269[0m
2026-03-12 17:17 +05:30: [0mGET /api/system/performance [32m200[0m 49.681 ms - -[0m
2026-03-12 17:17 +05:30: [0mGET /api/system/cpu [32m200[0m 48.274 ms - -[0m
2026-03-12 17:17 +05:30: [0mGET /api/system/network [36m304[0m 30.758 ms - -[0m
2026-03-12 17:17 +05:30: [0mGET /api/system/process-stats [32m200[0m 28.624 ms - 819[0m
2026-03-12 17:17 +05:30: [0mGET /api/system/memory [32m200[0m 75.176 ms - 297[0m
2026-03-12 17:17 +05:30: [0mGET /api/system/cpu [32m200[0m 72.681 ms - -[0m
2026-03-12 17:17 +05:30: [0mGET /api/system/performance [32m200[0m 74.328 ms - -[0m
2026-03-12 17:18 +05:30: [0mGET /api/system/memory [32m200[0m 34.270 ms - 297[0m
2026-03-12 17:18 +05:30: [0mGET /api/system/cpu [32m200[0m 36.300 ms - -[0m
2026-03-12 17:18 +05:30: [0mGET /api/system/performance [32m200[0m 36.227 ms - -[0m
2026-03-12 17:18 +05:30: [0mGET /api/system/info [32m200[0m 94.470 ms - 500[0m
2026-03-12 17:18 +05:30: [0mGET /api/system/processes [36m304[0m 92.612 ms - -[0m
2026-03-12 17:18 +05:30: [0mGET /api/system/health [32m200[0m 89.427 ms - 269[0m
2026-03-12 17:18 +05:30: [0mGET /api/system/network [36m304[0m 102.026 ms - -[0m
2026-03-12 17:18 +05:30: [0mGET /api/system/process-stats [32m200[0m 100.930 ms - 819[0m
2026-03-12 17:18 +05:30: [0mGET /api/system/memory [32m200[0m 45.041 ms - 297[0m
2026-03-12 17:18 +05:30: [0mGET /api/system/cpu [32m200[0m 47.348 ms - -[0m
2026-03-12 17:18 +05:30: [0mGET /api/system/performance [32m200[0m 48.278 ms - -[0m
2026-03-12 17:18 +05:30: [0mGET /api/system/memory [32m200[0m 36.726 ms - 297[0m
2026-03-12 17:18 +05:30: [0mGET /api/system/cpu [32m200[0m 37.766 ms - -[0m
2026-03-12 17:18 +05:30: [0mGET /api/system/performance [32m200[0m 34.307 ms - -[0m
2026-03-12 17:18 +05:30: [0mGET /api/system/info [32m200[0m 11.268 ms - 511[0m
2026-03-12 17:18 +05:30: [0mGET /api/system/processes [36m304[0m 22.686 ms - -[0m
2026-03-12 17:18 +05:30: [0mGET /api/system/health [32m200[0m 17.075 ms - 269[0m
2026-03-12 17:18 +05:30: [0mGET /api/system/network [36m304[0m 26.200 ms - -[0m
2026-03-12 17:18 +05:30: [0mGET /api/system/process-stats [32m200[0m 23.188 ms - 819[0m
2026-03-12 17:18 +05:30: [0mGET /api/system/memory [32m200[0m 145.852 ms - 300[0m
2026-03-12 17:18 +05:30: [0mGET /api/system/cpu [32m200[0m 12.293 ms - -[0m
2026-03-12 17:18 +05:30: [0mGET /api/system/performance [32m200[0m 148.697 ms - -[0m
2026-03-12 17:19 +05:30: [0mGET /api/system/memory [32m200[0m 65.379 ms - 300[0m
2026-03-12 17:19 +05:30: [0mGET /api/system/info [32m200[0m 63.734 ms - 499[0m
2026-03-12 17:19 +05:30: [0mGET /api/system/processes [36m304[0m 16.121 ms - -[0m
2026-03-12 17:19 +05:30: [0mGET /api/system/health [32m200[0m 20.256 ms - 269[0m
2026-03-12 17:19 +05:30: [0mGET /api/system/performance [32m200[0m 68.194 ms - -[0m
2026-03-12 17:19 +05:30: [0mGET /api/system/cpu [32m200[0m 65.210 ms - -[0m
2026-03-12 17:19 +05:30: [0mGET /api/system/network [36m304[0m 111.924 ms - -[0m
2026-03-12 17:19 +05:30: [0mGET /api/system/process-stats [32m200[0m 109.646 ms - 819[0m
2026-03-12 17:19 +05:30: [0mGET /api/system/memory [32m200[0m 23.229 ms - 300[0m
2026-03-12 17:19 +05:30: [0mGET /api/system/cpu [32m200[0m 25.786 ms - -[0m
2026-03-12 17:19 +05:30: [0mGET /api/system/performance [32m200[0m 27.691 ms - -[0m
2026-03-12 17:19 +05:30: [0mGET /api/system/memory [32m200[0m 40.296 ms - 301[0m
2026-03-12 17:19 +05:30: [0mGET /api/system/cpu [32m200[0m 42.248 ms - -[0m
2026-03-12 17:19 +05:30: [0mGET /api/system/performance [32m200[0m 36.553 ms - -[0m
2026-03-12 17:19 +05:30: [0mGET /api/system/info [32m200[0m 20.876 ms - 512[0m
2026-03-12 17:19 +05:30: [0mGET /api/system/processes [36m304[0m 24.644 ms - -[0m
2026-03-12 17:19 +05:30: [0mGET /api/system/health [32m200[0m 18.603 ms - 376[0m
2026-03-12 17:19 +05:30: [0mGET /api/system/network [36m304[0m 30.872 ms - -[0m
2026-03-12 17:19 +05:30: [0mGET /api/system/process-stats [32m200[0m 25.435 ms - 819[0m
2026-03-12 17:19 +05:30: [0mGET /api/system/memory [32m200[0m 256.973 ms - 301[0m
2026-03-12 17:19 +05:30: [0mGET /api/system/performance [32m200[0m 226.230 ms - -[0m
2026-03-12 17:19 +05:30: [0mGET /api/system/cpu [32m200[0m 256.538 ms - -[0m
2026-03-12 17:20 +05:30: [0mGET /api/audit [36m304[0m 20.349 ms - -[0m
2026-03-12 17:20 +05:30: [0mGET /api/pages/my-pages-hierarchy?_t=1773316200582 [32m200[0m 31.747 ms - 778[0m
2026-03-12 17:20 +05:30: [0mGET /api/pages/my-pages-hierarchy?_t=1773316200584 [32m200[0m 28.460 ms - 778[0m
2026-03-12 17:20 +05:30: [0mGET /api/audit [36m304[0m 15.724 ms - -[0m
2026-03-12 17:20 +05:30: [0mGET /api/lines [36m304[0m 8.317 ms - -[0m
2026-03-12 17:20 +05:30: [0mGET /api/pages/my-pages-hierarchy?_t=1773316202410 [32m200[0m 18.032 ms - 778[0m
2026-03-12 17:20 +05:30: [0mGET /api/lines [36m304[0m 6.341 ms - -[0m
2026-03-12 17:20 +05:30: [0mGET /api/pages/my-pages-hierarchy?_t=1773316202413 [32m200[0m 18.157 ms - 778[0m
2026-03-12 17:20 +05:30: [0mGET /api/stations [36m304[0m 2.793 ms - -[0m
2026-03-12 17:20 +05:30: [0mGET /api/inspection_slots [36m304[0m 6.252 ms - -[0m
2026-03-12 17:20 +05:30: [0mGET /api/templates?entity_type=station&entity_id=2 [36m304[0m 5.447 ms - -[0m
2026-03-12 17:20 +05:30: [0mGET /api/templates?entity_type=station&entity_id=2 [36m304[0m 7.074 ms - -[0m
2026-03-12 17:20 +05:30: [0mGET /api/pages/my-pages-hierarchy?_t=1773316211101 [32m200[0m 26.874 ms - 778[0m
2026-03-12 17:20 +05:30: [0mGET /api/templates?entity_type=station&entity_id=2 [36m304[0m 11.697 ms - -[0m
2026-03-12 17:20 +05:30: [0mGET /api/pages/my-pages-hierarchy?_t=1773316211104 [32m200[0m 23.778 ms - 778[0m
2026-03-12 17:28 +05:30: [0mGET /api/templates?entity_type=station&entity_id=2 [36m304[0m 22.344 ms - -[0m
2026-03-12 17:28 +05:30: [0mGET /api/pages/my-pages-hierarchy?_t=1773316686910 [32m200[0m 76.831 ms - 778[0m
2026-03-12 17:28 +05:30: [0mGET /api/pages/my-pages-hierarchy?_t=1773316686917 [32m200[0m 70.173 ms - 778[0m
2026-03-12 17:28 +05:30: [0mGET /api/templates?entity_type=station&entity_id=2 [36m304[0m 31.691 ms - -[0m
2026-03-12 17:31 +05:30: [0mGET /api/lines [36m304[0m 6.703 ms - -[0m
2026-03-12 17:31 +05:30: [0mGET /api/lines [36m304[0m 3.543 ms - -[0m
2026-03-12 17:31 +05:30: [0mGET /api/pages/my-pages-hierarchy?_t=1773316901882 [32m200[0m 49.539 ms - 778[0m
2026-03-12 17:31 +05:30: [0mGET /api/pages/my-pages-hierarchy?_t=1773316901890 [32m200[0m 25.933 ms - 778[0m
2026-03-12 17:31 +05:30: [0mGET /api/lines [36m304[0m 12.938 ms - -[0m
2026-03-12 17:31 +05:30: [0mGET /api/lines [36m304[0m 5.182 ms - -[0m
2026-03-12 17:31 +05:30: [0mGET /api/pages/my-pages-hierarchy?_t=1773316906757 [32m200[0m 25.912 ms - 778[0m
2026-03-12 17:31 +05:30: [0mGET /api/pages/my-pages-hierarchy?_t=1773316906759 [32m200[0m 22.115 ms - 778[0m
2026-03-12 17:31 +05:30: [0mGET /api/models [36m304[0m 46.456 ms - -[0m
2026-03-12 17:31 +05:30: [0mGET /api/stations [36m304[0m 2.253 ms - -[0m
2026-03-12 17:31 +05:30: [0mGET /api/templates?entity_type=station&entity_id=2 [36m304[0m 3.158 ms - -[0m
2026-03-12 17:31 +05:30: [0mGET /api/inspection_slots [36m304[0m 5.710 ms - -[0m
2026-03-12 17:31 +05:30: [0mGET /api/templates?entity_type=station&entity_id=2 [36m304[0m 12.589 ms - -[0m
2026-03-12 17:31 +05:30: [0mGET /api/pages/my-pages-hierarchy?_t=1773316914865 [32m200[0m 37.526 ms - 778[0m
2026-03-12 17:31 +05:30: [0mGET /api/templates?entity_type=station&entity_id=2 [36m304[0m 9.705 ms - -[0m
2026-03-12 17:31 +05:30: [0mGET /api/pages/my-pages-hierarchy?_t=1773316914866 [32m200[0m 28.475 ms - 778[0m
2026-03-12 17:32 +05:30: [0mPOST /api/audit [32m200[0m 12.078 ms - 56[0m
2026-03-12 17:32 +05:30: [0mGET /api/pages/my-pages-hierarchy?_t=1773316926216 [32m200[0m 18.802 ms - 778[0m
2026-03-12 17:32 +05:30: [0mGET /api/pages/my-pages-hierarchy?_t=1773316926220 [32m200[0m 17.844 ms - 778[0m
2026-03-12 17:32 +05:30: [0mGET /api/audit [32m200[0m 19.734 ms - -[0m
2026-03-12 17:32 +05:30: [0mGET /api/audit [36m304[0m 5.026 ms - -[0m
2026-03-12 17:32 +05:30: [0mGET /api/pages/my-pages-hierarchy?_t=1773316929723 [32m200[0m 28.493 ms - 778[0m
2026-03-12 17:32 +05:30: [0mGET /api/audit/12 [32m200[0m 22.788 ms - 390[0m
2026-03-12 17:32 +05:30: [0mGET /api/pages/my-pages-hierarchy?_t=1773316929725 [32m200[0m 26.852 ms - 778[0m
2026-03-12 17:32 +05:30: [0mGET /api/audit/12 [36m304[0m 20.999 ms - -[0m
2026-03-12 17:32 +05:30: [0mGET /api/templates/5 [36m304[0m 2.723 ms - -[0m
2026-03-12 17:32 +05:30: [0mGET /api/templates/5 [36m304[0m 7.675 ms - -[0m
2026-03-12 17:32 +05:30: [0mGET /api/audit/12 [36m304[0m 13.457 ms - -[0m
2026-03-12 17:32 +05:30: [0mGET /api/pages/my-pages-hierarchy?_t=1773316938211 [32m200[0m 25.344 ms - 778[0m
2026-03-12 17:32 +05:30: [0mGET /api/pages/my-pages-hierarchy?_t=1773316938221 [32m200[0m 21.161 ms - 778[0m
2026-03-12 17:32 +05:30: [0mGET /api/audit/12 [36m304[0m 16.427 ms - -[0m
2026-03-12 17:32 +05:30: [0mGET /api/templates/5 [36m304[0m 5.560 ms - -[0m
2026-03-12 17:32 +05:30: [0mGET /api/templates/5 [36m304[0m 3.737 ms - -[0m
2026-03-12 17:36 +05:30: [0mGET /api/pages/my-pages-hierarchy?_t=1773317206079 [32m200[0m 39.529 ms - 778[0m
2026-03-12 17:36 +05:30: [0mGET /api/pages/my-pages-hierarchy?_t=1773317206082 [32m200[0m 24.673 ms - 778[0m
2026-03-12 17:36 +05:30: [0mGET /api/audit [36m304[0m 46.969 ms - -[0m
2026-03-12 17:36 +05:30: [0mGET /api/audit [36m304[0m 12.410 ms - -[0m
2026-03-12 17:36 +05:30: [0mGET /api/lines [36m304[0m 7.752 ms - -[0m
2026-03-12 17:36 +05:30: [0mGET /api/pages/my-pages-hierarchy?_t=1773317210356 [32m200[0m 20.773 ms - 778[0m
2026-03-12 17:36 +05:30: [0mGET /api/lines [36m304[0m 11.715 ms - -[0m
2026-03-12 17:36 +05:30: [0mGET /api/pages/my-pages-hierarchy?_t=1773317210360 [32m200[0m 24.898 ms - 778[0m
2026-03-12 17:36 +05:30: [0mGET /api/stations [36m304[0m 3.876 ms - -[0m
2026-03-12 17:36 +05:30: [0mGET /api/templates?entity_type=station&entity_id=2 [36m304[0m 5.878 ms - -[0m
2026-03-12 17:36 +05:30: [0mGET /api/inspection_slots [36m304[0m 10.356 ms - -[0m
2026-03-12 17:37 +05:30: [0mGET /api/templates?entity_type=station&entity_id=2 [36m304[0m 7.599 ms - -[0m
2026-03-12 17:37 +05:30: [0mGET /api/pages/my-pages-hierarchy?_t=1773317220420 [32m200[0m 21.556 ms - 778[0m
2026-03-12 17:37 +05:30: [0mGET /api/pages/my-pages-hierarchy?_t=1773317220422 [32m200[0m 19.318 ms - 778[0m
2026-03-12 17:37 +05:30: [0mGET /api/templates?entity_type=station&entity_id=2 [36m304[0m 10.395 ms - -[0m
2026-03-12 17:37 +05:30: [0mPOST /api/audit [32m200[0m 16.827 ms - 56[0m
2026-03-12 17:37 +05:30: [0mGET /api/pages/my-pages-hierarchy?_t=1773317240372 [32m200[0m 11.889 ms - 778[0m
2026-03-12 17:37 +05:30: [0mGET /api/pages/my-pages-hierarchy?_t=1773317240368 [32m200[0m 17.335 ms - 778[0m
2026-03-12 17:37 +05:30: [0mGET /api/audit [32m200[0m 19.506 ms - -[0m
2026-03-12 17:37 +05:30: [0mGET /api/audit [36m304[0m 9.085 ms - -[0m
2026-03-12 17:37 +05:30: [0mGET /api/pages/my-pages-hierarchy?_t=1773317266918 [32m200[0m 18.182 ms - 778[0m
2026-03-12 17:37 +05:30: [0mGET /api/pages/my-pages-hierarchy?_t=1773317266916 [32m200[0m 30.627 ms - 778[0m
2026-03-12 17:37 +05:30: [0mGET /api/audit/13 [32m200[0m 61.936 ms - 459[0m
2026-03-12 17:37 +05:30: [0mGET /api/audit/13 [36m304[0m 15.129 ms - -[0m
2026-03-12 17:37 +05:30: [0mGET /api/templates/5 [36m304[0m 2.531 ms - -[0m
2026-03-12 17:37 +05:30: [0mGET /api/templates/5 [36m304[0m 3.089 ms - -[0m
2026-03-12 17:48 +05:30: [0mGET /api/pages/my-pages-hierarchy?_t=1773317914094 [33m401[0m 11.558 ms - 91[0m
2026-03-12 17:48 +05:30: [0mGET /api/audit/13 [33m401[0m 3.659 ms - 91[0m
2026-03-12 17:48 +05:30: [0mGET /api/pages/my-pages-hierarchy?_t=1773317914100 [33m401[0m 4.214 ms - 91[0m
2026-03-12 17:48 +05:30: [0mGET /api/audit/13 [33m401[0m 3.212 ms - 91[0m
2026-03-12 17:48 +05:30: [0mGET /api/pages/my-pages-hierarchy?_t=1773317914378 [33m401[0m 2.169 ms - 91[0m
2026-03-12 17:48 +05:30: [0mGET /api/audit [33m401[0m 3.307 ms - 91[0m
2026-03-12 17:48 +05:30: [0mGET /api/pages/my-pages-hierarchy?_t=1773317914384 [33m401[0m 2.770 ms - 91[0m
2026-03-12 17:48 +05:30: [0mGET /api/audit [33m401[0m 4.587 ms - 91[0m
2026-03-12 17:48 +05:30: [0mGET /api/pages/my-pages-hierarchy?_t=1773317936185 [33m401[0m 6.001 ms - 91[0m
2026-03-12 17:48 +05:30: [0mGET /api/audit [33m401[0m 3.465 ms - 91[0m
2026-03-12 17:48 +05:30: [0mGET /api/pages/my-pages-hierarchy?_t=1773317936190 [33m401[0m 5.183 ms - 91[0m
2026-03-12 17:48 +05:30: [0mGET /api/audit [33m401[0m 3.858 ms - 91[0m
2026-03-12 17:49 +05:30: [0mGET /api/pages/my-pages-hierarchy?_t=1773317983933 [33m401[0m 2.736 ms - 91[0m
2026-03-12 17:49 +05:30: [0mGET /api/audit [33m401[0m 2.950 ms - 91[0m
2026-03-12 17:49 +05:30: [0mGET /api/pages/my-pages-hierarchy?_t=1773317983941 [33m401[0m 4.133 ms - 91[0m
2026-03-12 17:49 +05:30: [0mGET /api/audit [33m401[0m 4.339 ms - 91[0m
2026-03-12 17:50 +05:30: [0mPOST /api/auth/logout [33m401[0m 5.795 ms - 81[0m
2026-03-12 17:50 +05:30: [0mPOST /api/auth/login [32m200[0m 446.527 ms - 666[0m
2026-03-12 17:50 +05:30: [0mGET /api/system/memory [32m200[0m 18.738 ms - 300[0m
2026-03-12 17:50 +05:30: [0mGET /api/system/performance [32m200[0m 66.015 ms - -[0m
2026-03-12 17:50 +05:30: [0mGET /api/pages/my-pages-hierarchy?_t=1773318009813 [32m200[0m 111.554 ms - 778[0m
2026-03-12 17:50 +05:30: [0mGET /api/system/processes [36m304[0m 25.682 ms - -[0m
2026-03-12 17:50 +05:30: [0mGET /api/system/info [32m200[0m 30.202 ms - 500[0m
2026-03-12 17:50 +05:30: [0mGET /api/system/health [32m200[0m 29.354 ms - 269[0m
2026-03-12 17:50 +05:30: [0mGET /api/system/cpu [32m200[0m 22.654 ms - -[0m
2026-03-12 17:50 +05:30: [0mGET /api/system/network [36m304[0m 50.711 ms - -[0m
2026-03-12 17:50 +05:30: [0mGET /api/system/process-stats [32m200[0m 46.923 ms - 819[0m
2026-03-12 17:50 +05:30: requireAssignedPages check for user: superadmin (ID: 1), roles: super_admin
2026-03-12 17:50 +05:30: Access granted: User is super admin
2026-03-12 17:50 +05:30: [0mGET /api/system/memory [32m200[0m 24.279 ms - 300[0m
2026-03-12 17:50 +05:30: [0mGET /api/system/processes [36m304[0m 72.594 ms - -[0m
2026-03-12 17:50 +05:30: [0mGET /api/system/info [32m200[0m 78.575 ms - 500[0m
2026-03-12 17:50 +05:30: [0mGET /api/pages/my-pages-hierarchy?_t=1773318009824 [32m200[0m 156.860 ms - 778[0m
2026-03-12 17:50 +05:30: [0mGET /api/system/health [32m200[0m 36.326 ms - 269[0m
2026-03-12 17:50 +05:30: [0mGET /api/system/performance [32m200[0m 70.966 ms - -[0m
2026-03-12 17:50 +05:30: [0mGET /api/system/network [36m304[0m 38.679 ms - -[0m
2026-03-12 17:50 +05:30: [0mGET /api/system/process-stats [32m200[0m 39.433 ms - 819[0m
2026-03-12 17:50 +05:30: [0mGET /api/system/cpu [32m200[0m 25.313 ms - -[0m
2026-03-12 17:50 +05:30: [0mGET /api/stats/dashboard [32m200[0m 207.097 ms - -[0m
2026-03-12 17:50 +05:30: requireAssignedPages check for user: superadmin (ID: 1), roles: super_admin
2026-03-12 17:50 +05:30: Access granted: User is super admin
2026-03-12 17:50 +05:30: [0mGET /api/stats/dashboard [32m200[0m 19.030 ms - -[0m
2026-03-12 17:50 +05:30: [0mGET /api/pages/my-pages-hierarchy?_t=1773318015472 [32m200[0m 9.800 ms - 778[0m
2026-03-12 17:50 +05:30: [0mGET /api/audit [36m304[0m 17.223 ms - -[0m
2026-03-12 17:50 +05:30: [0mGET /api/pages/my-pages-hierarchy?_t=1773318015475 [32m200[0m 12.703 ms - 778[0m
2026-03-12 17:50 +05:30: [0mGET /api/audit [36m304[0m 13.960 ms - -[0m
2026-03-12 17:50 +05:30: [0mGET /api/audit [36m304[0m 13.164 ms - -[0m
2026-03-12 17:50 +05:30: [0mGET /api/pages/my-pages-hierarchy?_t=1773318035002 [32m200[0m 17.389 ms - 778[0m
2026-03-12 17:50 +05:30: [0mGET /api/pages/my-pages-hierarchy?_t=1773318034994 [32m200[0m 37.220 ms - 778[0m
2026-03-12 17:50 +05:30: [0mGET /api/audit [36m304[0m 18.481 ms - -[0m
2026-03-12 17:51 +05:30: [0mGET /api/audit/13 [36m304[0m 36.455 ms - -[0m
2026-03-12 17:51 +05:30: [0mGET /api/pages/my-pages-hierarchy?_t=1773318060574 [32m200[0m 53.791 ms - 778[0m
2026-03-12 17:51 +05:30: [0mGET /api/pages/my-pages-hierarchy?_t=1773318060579 [32m200[0m 52.322 ms - 778[0m
2026-03-12 17:51 +05:30: [0mGET /api/audit/13 [36m304[0m 13.654 ms - -[0m
2026-03-12 17:51 +05:30: [0mGET /api/templates/5 [36m304[0m 7.074 ms - -[0m
2026-03-12 17:51 +05:30: [0mGET /api/templates/5 [36m304[0m 1.876 ms - -[0m
2026-03-12 17:51 +05:30: [0mGET /api/pages/my-pages-hierarchy?_t=1773318064931 [32m200[0m 17.091 ms - 778[0m
2026-03-12 17:51 +05:30: [0mGET /api/audit [36m304[0m 13.590 ms - -[0m
2026-03-12 17:51 +05:30: [0mGET /api/pages/my-pages-hierarchy?_t=1773318064933 [32m200[0m 21.246 ms - 778[0m
2026-03-12 17:51 +05:30: [0mGET /api/audit [36m304[0m 14.706 ms - -[0m
2026-03-12 17:51 +05:30: [0mGET /api/lines [36m304[0m 6.660 ms - -[0m
2026-03-12 17:51 +05:30: [0mGET /api/pages/my-pages-hierarchy?_t=1773318073602 [32m200[0m 22.247 ms - 778[0m
2026-03-12 17:51 +05:30: [0mGET /api/pages/my-pages-hierarchy?_t=1773318073604 [32m200[0m 16.030 ms - 778[0m
2026-03-12 17:51 +05:30: [0mGET /api/lines [36m304[0m 17.791 ms - -[0m
2026-03-12 17:51 +05:30: [0mGET /api/stations [36m304[0m 3.933 ms - -[0m
2026-03-12 17:51 +05:30: [0mGET /api/templates?entity_type=station&entity_id=2 [36m304[0m 5.086 ms - -[0m
2026-03-12 17:51 +05:30: [0mGET /api/inspection_slots [36m304[0m 8.992 ms - -[0m
2026-03-12 17:51 +05:30: [0mGET /api/templates?entity_type=station&entity_id=2 [36m304[0m 6.991 ms - -[0m
2026-03-12 17:51 +05:30: [0mGET /api/pages/my-pages-hierarchy?_t=1773318080805 [32m200[0m 17.557 ms - 778[0m
2026-03-12 17:51 +05:30: [0mGET /api/templates?entity_type=station&entity_id=2 [36m304[0m 8.026 ms - -[0m
2026-03-12 17:51 +05:30: [0mGET /api/pages/my-pages-hierarchy?_t=1773318080809 [32m200[0m 18.977 ms - 778[0m
2026-03-12 17:51 +05:30: [0mPOST /api/audit [32m200[0m 15.760 ms - 56[0m
2026-03-12 17:51 +05:30: [0mGET /api/pages/my-pages-hierarchy?_t=1773318109130 [32m200[0m 16.932 ms - 778[0m
2026-03-12 17:51 +05:30: [0mGET /api/pages/my-pages-hierarchy?_t=1773318109136 [32m200[0m 16.809 ms - 778[0m
2026-03-12 17:51 +05:30: [0mGET /api/audit [32m200[0m 22.074 ms - -[0m
2026-03-12 17:51 +05:30: [0mGET /api/audit [36m304[0m 17.673 ms - -[0m
2026-03-12 17:51 +05:30: [0mGET /api/audit/14 [32m200[0m 14.087 ms - 420[0m
2026-03-12 17:51 +05:30: [0mGET /api/pages/my-pages-hierarchy?_t=1773318113361 [32m200[0m 27.060 ms - 778[0m
2026-03-12 17:51 +05:30: [0mGET /api/pages/my-pages-hierarchy?_t=1773318113365 [32m200[0m 27.725 ms - 778[0m
2026-03-12 17:51 +05:30: [0mGET /api/audit/14 [36m304[0m 14.966 ms - -[0m
2026-03-12 17:51 +05:30: [0mGET /api/templates/5 [36m304[0m 6.556 ms - -[0m
2026-03-12 17:51 +05:30: [0mGET /api/templates/5 [36m304[0m 3.648 ms - -[0m
2026-03-12 17:54 +05:30: ⚠️ PM2 disabled on Windows
2026-03-12 17:54 +05:30: 🔄 Enhanced System Monitor: Continuous monitoring started
2026-03-12 17:54 +05:30: ✅ Created activity_logs table
2026-03-12 17:54 +05:30: ✅ Created login_activities table
2026-03-12 17:54 +05:30: ✅ Created api_stats table
2026-03-12 17:54 +05:30: ✅ Tables Created
2026-03-12 17:54 +05:30: ✅ Pages Seeded
2026-03-12 17:54 +05:30: ℹ️ Super Admin Exists
2026-03-12 17:54 +05:30: ✅ Database Initialized
2026-03-12 17:54 +05:30: ✅ Database connected successfully
2026-03-12 17:54 +05:30: 🚀 Digital Checksheet Backend running on http://127.0.0.1:5000
2026-03-12 17:54 +05:30: 📊 Environment: development
2026-03-12 17:54 +05:30: 🔗 Health: http://127.0.0.1:5000/health
2026-03-12 17:54 +05:30: 📚 API: http://127.0.0.1:5000/api
2026-03-12 17:54 +05:30: [0mGET /api/pages/my-pages-hierarchy?_t=1773318284999 [32m200[0m 485.171 ms - 778[0m
2026-03-12 17:54 +05:30: [0mGET /api/system/processes [36m304[0m 251.864 ms - -[0m
2026-03-12 17:54 +05:30: [0mGET /api/system/memory [32m200[0m 91.739 ms - 299[0m
2026-03-12 17:54 +05:30: [0mGET /api/system/health [32m200[0m 230.347 ms - 376[0m
2026-03-12 17:54 +05:30: [0mGET /api/system/info [32m200[0m 158.579 ms - 522[0m
2026-03-12 17:54 +05:30: [0mGET /api/system/cpu [32m200[0m 219.633 ms - -[0m
2026-03-12 17:54 +05:30: [0mGET /api/system/performance [32m200[0m 211.322 ms - -[0m
2026-03-12 17:54 +05:30: [0mGET /api/system/process-stats [32m200[0m 28.876 ms - 816[0m
2026-03-12 17:54 +05:30: [0mGET /api/system/network [36m304[0m 49.741 ms - -[0m
2026-03-12 17:54 +05:30: [0mGET /api/pages/my-pages-hierarchy?_t=1773318285047 [32m200[0m 140.958 ms - 778[0m
2026-03-12 17:54 +05:30: requireAssignedPages check for user: superadmin (ID: 1), roles: super_admin
2026-03-12 17:54 +05:30: Access granted: User is super admin
2026-03-12 17:54 +05:30: [0mGET /api/system/processes [36m304[0m 59.696 ms - -[0m
2026-03-12 17:54 +05:30: [0mGET /api/system/memory [32m200[0m 61.497 ms - 299[0m
2026-03-12 17:54 +05:30: [0mGET /api/system/health [32m200[0m 55.630 ms - 269[0m
2026-03-12 17:54 +05:30: [0mGET /api/system/info [32m200[0m 45.821 ms - 522[0m
2026-03-12 17:54 +05:30: [0mGET /api/system/process-stats [32m200[0m 143.783 ms - 816[0m
2026-03-12 17:54 +05:30: [0mGET /api/system/network [36m304[0m 217.584 ms - -[0m
2026-03-12 17:54 +05:30: [0mGET /api/system/cpu [32m200[0m 25.413 ms - -[0m
2026-03-12 17:54 +05:30: [0mGET /api/system/performance [32m200[0m 134.212 ms - -[0m
2026-03-12 17:54 +05:30: [0mGET /api/stats/dashboard [32m200[0m 777.249 ms - -[0m
2026-03-12 17:54 +05:30: requireAssignedPages check for user: superadmin (ID: 1), roles: super_admin
2026-03-12 17:54 +05:30: Access granted: User is super admin
2026-03-12 17:54 +05:30: [0mGET /api/stats/dashboard [32m200[0m 81.877 ms - -[0m
2026-03-12 17:54 +05:30: [0mGET /api/pages/my-pages-hierarchy?_t=1773318292287 [32m200[0m 20.226 ms - 778[0m
2026-03-12 17:54 +05:30: [0mGET /api/pages/my-pages-hierarchy?_t=1773318292285 [32m200[0m 31.893 ms - 778[0m
2026-03-12 17:54 +05:30: [0mGET /api/audit [32m200[0m 39.319 ms - -[0m
2026-03-12 17:54 +05:30: [0mGET /api/audit [36m304[0m 11.317 ms - -[0m
2026-03-12 17:54 +05:30: [0mGET /api/pages/my-pages-hierarchy?_t=1773318293948 [32m200[0m 12.367 ms - 778[0m
2026-03-12 17:54 +05:30: [0mGET /api/pages/my-pages-hierarchy?_t=1773318293944 [32m200[0m 26.738 ms - 778[0m
2026-03-12 17:54 +05:30: [0mGET /api/lines [36m304[0m 6.746 ms - -[0m
2026-03-12 17:54 +05:30: [0mGET /api/lines [36m304[0m 24.964 ms - -[0m
2026-03-12 17:54 +05:30: [0mGET /api/stations [36m304[0m 13.879 ms - -[0m
2026-03-12 17:54 +05:30: [0mGET /api/templates?entity_type=station&entity_id=2 [36m304[0m 16.949 ms - -[0m
2026-03-12 17:54 +05:30: [0mGET /api/inspection_slots [36m304[0m 26.279 ms - -[0m
2026-03-12 17:55 +05:30: [0mGET /api/templates?entity_type=station&entity_id=2 [36m304[0m 9.106 ms - -[0m
2026-03-12 17:55 +05:30: [0mGET /api/pages/my-pages-hierarchy?_t=1773318301466 [32m200[0m 22.849 ms - 778[0m
2026-03-12 17:55 +05:30: [0mGET /api/templates?entity_type=station&entity_id=2 [36m304[0m 10.037 ms - -[0m
2026-03-12 17:55 +05:30: [0mGET /api/pages/my-pages-hierarchy?_t=1773318301468 [32m200[0m 27.396 ms - 778[0m
2026-03-12 17:55 +05:30: [0mPOST /api/audit [32m200[0m 45.207 ms - 56[0m
2026-03-12 17:55 +05:30: [0mGET /api/pages/my-pages-hierarchy?_t=1773318317592 [32m200[0m 22.774 ms - 778[0m
2026-03-12 17:55 +05:30: [0mGET /api/pages/my-pages-hierarchy?_t=1773318317595 [32m200[0m 19.823 ms - 778[0m
2026-03-12 17:55 +05:30: [0mGET /api/audit [32m200[0m 25.782 ms - -[0m
2026-03-12 17:55 +05:30: [0mGET /api/audit [36m304[0m 10.335 ms - -[0m
2026-03-12 17:55 +05:30: [0mGET /api/audit/15 [32m200[0m 19.779 ms - 420[0m
2026-03-12 17:55 +05:30: [0mGET /api/pages/my-pages-hierarchy?_t=1773318328889 [32m200[0m 32.074 ms - 778[0m
2026-03-12 17:55 +05:30: [0mGET /api/pages/my-pages-hierarchy?_t=1773318328894 [32m200[0m 27.096 ms - 778[0m
2026-03-12 17:55 +05:30: [0mGET /api/audit/15 [36m304[0m 14.772 ms - -[0m
2026-03-12 17:55 +05:30: [0mGET /api/templates/5 [36m304[0m 4.929 ms - -[0m
2026-03-12 17:55 +05:30: [0mGET /api/templates/5 [36m304[0m 1.921 ms - -[0m
2026-03-12 17:57 +05:30: [0mGET /api/audit [32m200[0m 26.967 ms - 52[0m
2026-03-12 17:57 +05:30: [0mGET /api/pages/my-pages-hierarchy?_t=1773318425180 [32m200[0m 27.013 ms - 778[0m
2026-03-12 17:57 +05:30: [0mGET /api/pages/my-pages-hierarchy?_t=1773318425178 [32m200[0m 37.426 ms - 778[0m
2026-03-12 17:57 +05:30: [0mGET /api/audit [36m304[0m 12.097 ms - -[0m
2026-03-12 17:57 +05:30: [0mGET /api/audit [36m304[0m 42.251 ms - -[0m
2026-03-12 17:57 +05:30: [0mGET /api/pages/my-pages-hierarchy?_t=1773318428044 [32m200[0m 38.755 ms - 778[0m
2026-03-12 17:57 +05:30: [0mGET /api/pages/my-pages-hierarchy?_t=1773318428065 [32m200[0m 36.797 ms - 778[0m
2026-03-12 17:57 +05:30: [0mGET /api/audit [36m304[0m 13.256 ms - -[0m
2026-03-12 17:57 +05:30: [0mGET /api/pages/my-pages-hierarchy?_t=1773318452714 [32m200[0m 16.772 ms - 778[0m
2026-03-12 17:57 +05:30: [0mGET /api/audit [36m304[0m 14.417 ms - -[0m
2026-03-12 17:57 +05:30: [0mGET /api/pages/my-pages-hierarchy?_t=1773318452718 [32m200[0m 14.794 ms - 778[0m
2026-03-12 17:57 +05:30: [0mGET /api/audit [36m304[0m 6.081 ms - -[0m
2026-03-12 17:57 +05:30: [0mGET /api/pages/my-pages-hierarchy?_t=1773318459348 [32m200[0m 16.985 ms - 778[0m
2026-03-12 17:57 +05:30: [0mGET /api/audit [36m304[0m 12.139 ms - -[0m
2026-03-12 17:57 +05:30: [0mGET /api/pages/my-pages-hierarchy?_t=1773318459357 [32m200[0m 17.596 ms - 778[0m
2026-03-12 17:57 +05:30: [0mGET /api/audit [36m304[0m 7.795 ms - -[0m
2026-03-12 17:57 +05:30: [0mGET /api/lines [36m304[0m 5.174 ms - -[0m
2026-03-12 17:57 +05:30: [0mGET /api/pages/my-pages-hierarchy?_t=1773318471488 [32m200[0m 17.043 ms - 778[0m
2026-03-12 17:57 +05:30: [0mGET /api/pages/my-pages-hierarchy?_t=1773318471490 [32m200[0m 16.791 ms - 778[0m
2026-03-12 17:57 +05:30: [0mGET /api/lines [36m304[0m 8.557 ms - -[0m
2026-03-12 17:57 +05:30: [0mGET /api/stations [36m304[0m 2.599 ms - -[0m
2026-03-12 17:58 +05:30: [0mGET /api/templates?entity_type=station&entity_id=2 [36m304[0m 6.359 ms - -[0m
2026-03-12 17:58 +05:30: [0mGET /api/inspection_slots [36m304[0m 6.056 ms - -[0m
2026-03-12 17:58 +05:30: [0mGET /api/templates?entity_type=station&entity_id=2 [36m304[0m 8.591 ms - -[0m
2026-03-12 17:58 +05:30: [0mGET /api/templates?entity_type=station&entity_id=2 [36m304[0m 2.860 ms - -[0m
2026-03-12 17:58 +05:30: [0mGET /api/pages/my-pages-hierarchy?_t=1773318539233 [32m200[0m 25.784 ms - 778[0m
2026-03-12 17:58 +05:30: [0mGET /api/pages/my-pages-hierarchy?_t=1773318539235 [32m200[0m 18.680 ms - 778[0m
2026-03-12 18:02 +05:30: [0mGET /api/templates?entity_type=station&entity_id=2 [36m304[0m 22.961 ms - -[0m
2026-03-12 18:02 +05:30: [0mGET /api/templates?entity_type=station&entity_id=2 [36m304[0m 5.032 ms - -[0m
2026-03-12 18:02 +05:30: [0mGET /api/pages/my-pages-hierarchy?_t=1773318744723 [32m200[0m 42.971 ms - 778[0m
2026-03-12 18:02 +05:30: [0mGET /api/pages/my-pages-hierarchy?_t=1773318744713 [32m200[0m 65.752 ms - 778[0m
2026-03-12 18:02 +05:30: [0mPOST /api/audit [32m200[0m 50.676 ms - 55[0m
2026-03-12 18:02 +05:30: [0mGET /api/audit [32m200[0m 17.569 ms - 333[0m
2026-03-12 18:02 +05:30: [0mGET /api/pages/my-pages-hierarchy?_t=1773318757527 [32m200[0m 16.844 ms - 778[0m
2026-03-12 18:02 +05:30: [0mGET /api/pages/my-pages-hierarchy?_t=1773318757529 [32m200[0m 17.553 ms - 778[0m
2026-03-12 18:02 +05:30: [0mGET /api/audit [36m304[0m 9.798 ms - -[0m
2026-03-12 18:02 +05:30: [0mGET /api/pages/my-pages-hierarchy?_t=1773318777506 [32m200[0m 25.585 ms - 778[0m
2026-03-12 18:02 +05:30: [0mGET /api/pages/my-pages-hierarchy?_t=1773318777510 [32m200[0m 36.747 ms - 778[0m
2026-03-12 18:02 +05:30: [0mGET /api/audit/1 [32m200[0m 43.926 ms - 450[0m
2026-03-12 18:02 +05:30: [0mGET /api/audit/1 [36m304[0m 11.540 ms - -[0m
2026-03-12 18:02 +05:30: [0mGET /api/templates/5 [36m304[0m 5.295 ms - -[0m
2026-03-12 18:02 +05:30: [0mGET /api/templates/5 [36m304[0m 2.730 ms - -[0m
2026-03-12 18:04 +05:30: [0mGET /api/uploads/12032026180237_597.jpg [33m404[0m 2.764 ms - 93[0m
2026-03-12 18:04 +05:30: [0mGET /api/audit/1 [36m304[0m 14.387 ms - -[0m
2026-03-12 18:04 +05:30: [0mGET /api/pages/my-pages-hierarchy?_t=1773318860943 [32m200[0m 23.261 ms - 778[0m
2026-03-12 18:04 +05:30: [0mGET /api/pages/my-pages-hierarchy?_t=1773318860950 [32m200[0m 27.396 ms - 778[0m
2026-03-12 18:04 +05:30: [0mGET /api/audit/1 [36m304[0m 20.083 ms - -[0m
2026-03-12 18:04 +05:30: [0mGET /api/templates/5 [36m304[0m 7.579 ms - -[0m
2026-03-12 18:04 +05:30: [0mGET /api/templates/5 [36m304[0m 3.059 ms - -[0m
2026-03-12 18:04 +05:30: [0mGET /api/uploads/12032026180237_597.jpg [33m404[0m 0.855 ms - 93[0m
2026-03-12 18:04 +05:30: [0mGET /uploads/12032026180237_597.jpg [32m200[0m 29.861 ms - 50707[0m
2026-03-12 18:04 +05:30: [0mGET /favicon.ico [33m404[0m 0.344 ms - 70[0m
2026-03-12 18:06 +05:30: [0mGET /api/audit/1 [36m304[0m 15.361 ms - -[0m
2026-03-12 18:06 +05:30: [0mGET /api/pages/my-pages-hierarchy?_t=1773319012748 [32m200[0m 32.614 ms - 778[0m
2026-03-12 18:06 +05:30: [0mGET /api/pages/my-pages-hierarchy?_t=1773319012755 [32m200[0m 23.301 ms - 778[0m
2026-03-12 18:06 +05:30: [0mGET /api/audit/1 [36m304[0m 21.691 ms - -[0m
2026-03-12 18:06 +05:30: [0mGET /api/templates/5 [36m304[0m 20.724 ms - -[0m
2026-03-12 18:06 +05:30: [0mGET /api/templates/5 [36m304[0m 2.729 ms - -[0m
2026-03-12 18:06 +05:30: [0mGET /api/uploads/12032026180237_597.jpg [33m404[0m 0.657 ms - 93[0m
2026-03-12 18:08 +05:30: [0mGET /api/uploads/12032026180237_597.jpg [33m404[0m 0.793 ms - 93[0m
2026-03-12 18:08 +05:30: [0mGET /uploads/12032026180237_597.jpg [36m304[0m 10.028 ms - -[0m
2026-03-12 18:09 +05:30: [0mGET /api/uploads/12032026180237_597.jpg [33m404[0m 0.445 ms - 93[0m
2026-03-12 18:09 +05:30: [0mGET /api/uploads/12032026180237_597.jpg [33m404[0m 0.795 ms - 93[0m
2026-03-12 18:09 +05:30: [0mGET /api/uploads/12032026180237_597.jpg [33m404[0m 0.249 ms - 93[0m
2026-03-12 18:11 +05:30: [0mGET /api/uploads/12032026180237_597.jpg [33m404[0m 0.499 ms - 93[0m
2026-03-12 18:11 +05:30: [0mGET /api/pages/my-pages-hierarchy?_t=1773319293469 [32m200[0m 23.383 ms - 778[0m
2026-03-12 18:11 +05:30: [0mGET /api/pages/my-pages-hierarchy?_t=1773319293462 [32m200[0m 57.878 ms - 778[0m
2026-03-12 18:11 +05:30: [0mGET /api/audit/1 [36m304[0m 56.197 ms - -[0m
2026-03-12 18:11 +05:30: [0mGET /api/audit/1 [36m304[0m 9.033 ms - -[0m
2026-03-12 18:11 +05:30: [0mGET /api/templates/5 [36m304[0m 5.520 ms - -[0m
2026-03-12 18:11 +05:30: [0mGET /api/templates/5 [36m304[0m 2.295 ms - -[0m
2026-03-12 18:11 +05:30: [0mGET /api/uploads/12032026180237_597.jpg [33m404[0m 0.226 ms - 93[0m
2026-03-12 18:11 +05:30: [0mGET /api/audit/1 [36m304[0m 12.047 ms - -[0m
2026-03-12 18:11 +05:30: [0mGET /api/pages/my-pages-hierarchy?_t=1773319305306 [32m200[0m 20.086 ms - 778[0m
2026-03-12 18:11 +05:30: [0mGET /api/pages/my-pages-hierarchy?_t=1773319305311 [32m200[0m 26.284 ms - 778[0m
2026-03-12 18:11 +05:30: [0mGET /api/audit/1 [36m304[0m 22.288 ms - -[0m
2026-03-12 18:11 +05:30: [0mGET /api/templates/5 [36m304[0m 4.930 ms - -[0m
2026-03-12 18:11 +05:30: [0mGET /api/templates/5 [36m304[0m 1.766 ms - -[0m
2026-03-12 18:11 +05:30: [0mGET /api/uploads/12032026180237_597.jpg [33m404[0m 0.415 ms - 93[0m
2026-03-12 18:16 +05:30: [0mGET /api/audit/1 [36m304[0m 17.839 ms - -[0m
2026-03-12 18:16 +05:30: [0mGET /api/pages/my-pages-hierarchy?_t=1773319612862 [32m200[0m 35.389 ms - 778[0m
2026-03-12 18:16 +05:30: [0mGET /api/pages/my-pages-hierarchy?_t=1773319612854 [32m200[0m 55.754 ms - 778[0m
2026-03-12 18:16 +05:30: [0mGET /api/audit/1 [36m304[0m 83.244 ms - -[0m
2026-03-12 18:16 +05:30: [0mGET /api/templates/5 [36m304[0m 12.877 ms - -[0m
2026-03-12 18:16 +05:30: [0mGET /api/templates/5 [36m304[0m 2.000 ms - -[0m
2026-03-12 18:16 +05:30: [0mGET /api/uploads/12032026180237_597.jpg [33m404[0m 0.480 ms - 93[0m
2026-03-12 18:17 +05:30: [0mGET /api/pages/my-pages-hierarchy?_t=1773319645560 [32m200[0m 49.358 ms - 778[0m
2026-03-12 18:17 +05:30: [0mGET /api/audit/1 [36m304[0m 62.480 ms - -[0m
2026-03-12 18:17 +05:30: [0mGET /api/pages/my-pages-hierarchy?_t=1773319645551 [32m200[0m 83.850 ms - 778[0m
2026-03-12 18:17 +05:30: [0mGET /api/audit/1 [36m304[0m 34.713 ms - -[0m
2026-03-12 18:17 +05:30: [0mGET /api/templates/5 [36m304[0m 3.430 ms - -[0m
2026-03-12 18:17 +05:30: [0mGET /api/templates/5 [36m304[0m 2.285 ms - -[0m
2026-03-12 18:17 +05:30: [0mGET /api/uploads/12032026180237_597.jpg [33m404[0m 0.674 ms - 93[0m
2026-03-12 18:18 +05:30: [0mGET /api/audit/1 [36m304[0m 31.097 ms - -[0m
2026-03-12 18:18 +05:30: [0mGET /api/pages/my-pages-hierarchy?_t=1773319700951 [32m200[0m 32.938 ms - 778[0m
2026-03-12 18:18 +05:30: [0mGET /api/pages/my-pages-hierarchy?_t=1773319700939 [32m200[0m 78.751 ms - 778[0m
2026-03-12 18:18 +05:30: [0mGET /api/audit/1 [36m304[0m 12.457 ms - -[0m
2026-03-12 18:18 +05:30: [0mGET /api/templates/5 [36m304[0m 3.935 ms - -[0m
2026-03-12 18:18 +05:30: [0mGET /api/templates/5 [36m304[0m 2.000 ms - -[0m
2026-03-12 18:18 +05:30: [0mGET /api/uploads/12032026180237_597.jpg [33m404[0m 0.425 ms - 93[0m
2026-03-12 18:21 +05:30: [0mGET /api/audit/1 [36m304[0m 28.276 ms - -[0m
2026-03-12 18:21 +05:30: [0mGET /api/pages/my-pages-hierarchy?_t=1773319917592 [32m200[0m 53.267 ms - 778[0m
2026-03-12 18:21 +05:30: [0mGET /api/pages/my-pages-hierarchy?_t=1773319917601 [32m200[0m 74.850 ms - 778[0m
2026-03-12 18:21 +05:30: [0mGET /api/audit/1 [36m304[0m 53.968 ms - -[0m
2026-03-12 18:21 +05:30: [0mGET /api/templates/5 [36m304[0m 4.500 ms - -[0m
2026-03-12 18:21 +05:30: [0mGET /api/templates/5 [36m304[0m 1.778 ms - -[0m
2026-03-12 18:21 +05:30: [0mGET /api/uploads/12032026180237_597.jpg [33m404[0m 0.622 ms - 93[0m
2026-03-12 18:22 +05:30: [0mGET /api/audit/1 [36m304[0m 16.457 ms - -[0m
2026-03-12 18:22 +05:30: [0mGET /api/pages/my-pages-hierarchy?_t=1773319932484 [32m200[0m 34.513 ms - 778[0m
2026-03-12 18:22 +05:30: [0mGET /api/pages/my-pages-hierarchy?_t=1773319932489 [32m200[0m 19.296 ms - 778[0m
2026-03-12 18:22 +05:30: [0mGET /api/audit/1 [36m304[0m 11.497 ms - -[0m
2026-03-12 18:22 +05:30: [0mGET /api/templates/5 [36m304[0m 4.250 ms - -[0m
2026-03-12 18:22 +05:30: [0mGET /api/templates/5 [36m304[0m 2.201 ms - -[0m
2026-03-12 18:22 +05:30: [0mGET /api/uploads/12032026180237_597.jpg [33m404[0m 0.369 ms - 93[0m
2026-03-12 18:26 +05:30: [0mGET /api/audit/1 [36m304[0m 13.239 ms - -[0m
2026-03-12 18:26 +05:30: [0mGET /api/pages/my-pages-hierarchy?_t=1773320184706 [32m200[0m 15.858 ms - 778[0m
2026-03-12 18:26 +05:30: [0mGET /api/pages/my-pages-hierarchy?_t=1773320184700 [32m200[0m 29.331 ms - 778[0m
2026-03-12 18:26 +05:30: [0mGET /api/audit/1 [36m304[0m 16.088 ms - -[0m
2026-03-12 18:26 +05:30: [0mGET /api/templates/5 [36m304[0m 2.505 ms - -[0m
2026-03-12 18:26 +05:30: [0mGET /api/templates/5 [36m304[0m 1.683 ms - -[0m
2026-03-12 18:26 +05:30: [0mGET /api/uploads/12032026180237_597.jpg [33m404[0m 0.264 ms - 93[0m
2026-03-12 18:26 +05:30: [0mGET /api/pages/my-pages-hierarchy?_t=1773320187234 [32m200[0m 19.264 ms - 778[0m
2026-03-12 18:26 +05:30: [0mGET /api/pages/my-pages-hierarchy?_t=1773320187237 [32m200[0m 18.975 ms - 778[0m
2026-03-12 18:26 +05:30: [0mGET /api/audit [36m304[0m 23.960 ms - -[0m
2026-03-12 18:26 +05:30: [0mGET /api/audit [36m304[0m 18.789 ms - -[0m
2026-03-12 18:26 +05:30: [0mGET /api/lines [36m304[0m 8.426 ms - -[0m
2026-03-12 18:26 +05:30: [0mGET /api/pages/my-pages-hierarchy?_t=1773320188626 [32m200[0m 17.861 ms - 778[0m
2026-03-12 18:26 +05:30: [0mGET /api/pages/my-pages-hierarchy?_t=1773320188628 [32m200[0m 15.723 ms - 778[0m
2026-03-12 18:26 +05:30: [0mGET /api/lines [36m304[0m 6.126 ms - -[0m
2026-03-12 18:26 +05:30: [0mGET /api/stations [36m304[0m 3.829 ms - -[0m
2026-03-12 18:26 +05:30: [0mGET /api/templates?entity_type=station&entity_id=2 [36m304[0m 2.926 ms - -[0m
2026-03-12 18:26 +05:30: [0mGET /api/inspection_slots [32m200[0m 10.191 ms - -[0m
2026-03-12 18:26 +05:30: [0mGET /api/templates?entity_type=station&entity_id=2 [36m304[0m 6.788 ms - -[0m
2026-03-12 18:26 +05:30: [0mGET /api/pages/my-pages-hierarchy?_t=1773320194545 [32m200[0m 21.127 ms - 778[0m
2026-03-12 18:26 +05:30: [0mGET /api/templates?entity_type=station&entity_id=2 [36m304[0m 5.619 ms - -[0m
2026-03-12 18:26 +05:30: [0mGET /api/pages/my-pages-hierarchy?_t=1773320194547 [32m200[0m 17.041 ms - 778[0m
2026-03-12 18:26 +05:30: [0mPOST /api/audit [32m200[0m 27.003 ms - 55[0m
2026-03-12 18:26 +05:30: [0mGET /api/audit [32m200[0m 14.138 ms - 615[0m
2026-03-12 18:26 +05:30: [0mGET /api/pages/my-pages-hierarchy?_t=1773320209841 [32m200[0m 11.597 ms - 778[0m
2026-03-12 18:26 +05:30: [0mGET /api/pages/my-pages-hierarchy?_t=1773320209844 [32m200[0m 10.385 ms - 778[0m
2026-03-12 18:26 +05:30: [0mGET /api/audit [36m304[0m 6.692 ms - -[0m
2026-03-12 18:26 +05:30: [0mGET /api/audit/2 [32m200[0m 7.029 ms - 451[0m
2026-03-12 18:26 +05:30: [0mGET /api/pages/my-pages-hierarchy?_t=1773320212326 [32m200[0m 18.911 ms - 778[0m
2026-03-12 18:26 +05:30: [0mGET /api/pages/my-pages-hierarchy?_t=1773320212328 [32m200[0m 17.928 ms - 778[0m
2026-03-12 18:26 +05:30: [0mGET /api/audit/2 [36m304[0m 10.287 ms - -[0m
2026-03-12 18:26 +05:30: [0mGET /api/templates/5 [36m304[0m 2.011 ms - -[0m
2026-03-12 18:26 +05:30: [0mGET /api/templates/5 [36m304[0m 2.986 ms - -[0m
2026-03-12 18:26 +05:30: [0mGET /api/uploads/12032026182649_813.jpg [33m404[0m 0.195 ms - 93[0m
2026-03-12 18:27 +05:30: [0mGET /api/uploads/12032026180237_597.jpg [33m404[0m 0.240 ms - 93[0m
2026-03-12 18:27 +05:30: [0mGET /api/audit/2 [36m304[0m 11.426 ms - -[0m
2026-03-12 18:27 +05:30: [0mGET /api/pages/my-pages-hierarchy?_t=1773320266339 [32m200[0m 21.704 ms - 778[0m
2026-03-12 18:27 +05:30: [0mGET /api/pages/my-pages-hierarchy?_t=1773320266343 [32m200[0m 19.909 ms - 778[0m
2026-03-12 18:27 +05:30: [0mGET /api/audit/2 [36m304[0m 14.914 ms - -[0m
2026-03-12 18:27 +05:30: [0mGET /api/templates/5 [36m304[0m 1.806 ms - -[0m
2026-03-12 18:27 +05:30: [0mGET /api/templates/5 [36m304[0m 1.723 ms - -[0m
2026-03-12 18:27 +05:30: [0mGET /api/uploads/12032026182649_813.jpg [33m404[0m 0.341 ms - 93[0m
2026-03-12 18:28 +05:30: [0mGET /api/audit/2 [32m200[0m 14.695 ms - 455[0m
2026-03-12 18:28 +05:30: [0mGET /api/audit/2 [36m304[0m 6.505 ms - -[0m
2026-03-12 18:28 +05:30: [0mGET /api/pages/my-pages-hierarchy?_t=1773320307155 [32m200[0m 33.682 ms - 778[0m
2026-03-12 18:28 +05:30: [0mGET /api/pages/my-pages-hierarchy?_t=1773320307163 [32m200[0m 40.922 ms - 778[0m
2026-03-12 18:28 +05:30: [0mGET /api/templates/5 [36m304[0m 3.121 ms - -[0m
2026-03-12 18:28 +05:30: [0mGET /api/templates/5 [36m304[0m 2.190 ms - -[0m
2026-03-12 18:29 +05:30: [0mGET /api/audit/2 [36m304[0m 8.217 ms - -[0m
2026-03-12 18:29 +05:30: [0mGET /api/pages/my-pages-hierarchy?_t=1773320347796 [32m200[0m 19.942 ms - 778[0m
2026-03-12 18:29 +05:30: [0mGET /api/pages/my-pages-hierarchy?_t=1773320347781 [32m200[0m 29.217 ms - 778[0m
2026-03-12 18:29 +05:30: [0mGET /api/audit/2 [36m304[0m 10.285 ms - -[0m
2026-03-12 18:29 +05:30: [0mGET /api/templates/5 [36m304[0m 2.892 ms - -[0m
2026-03-12 18:29 +05:30: [0mGET /api/templates/5 [36m304[0m 3.073 ms - -[0m
2026-03-12 18:29 +05:30: [0mGET /api/pages/my-pages-hierarchy?_t=1773320365269 [32m200[0m 30.080 ms - 778[0m
2026-03-12 18:29 +05:30: [0mGET /api/pages/my-pages-hierarchy?_t=1773320365271 [32m200[0m 28.261 ms - 778[0m
2026-03-12 18:29 +05:30: [0mGET /api/audit [32m200[0m 31.732 ms - 52[0m
2026-03-12 18:29 +05:30: [0mGET /api/audit [36m304[0m 11.771 ms - -[0m
2026-03-12 18:29 +05:30: [0mGET /api/audit [36m304[0m 13.094 ms - -[0m
2026-03-12 18:29 +05:30: [0mGET /api/pages/my-pages-hierarchy?_t=1773320368382 [32m200[0m 18.281 ms - 778[0m
2026-03-12 18:29 +05:30: [0mGET /api/pages/my-pages-hierarchy?_t=1773320368387 [32m200[0m 18.758 ms - 778[0m
2026-03-12 18:29 +05:30: [0mGET /api/audit [36m304[0m 11.596 ms - -[0m
2026-03-12 18:29 +05:30: [0mGET /api/lines [36m304[0m 5.780 ms - -[0m
2026-03-12 18:29 +05:30: [0mGET /api/pages/my-pages-hierarchy?_t=1773320370360 [32m200[0m 21.465 ms - 778[0m
2026-03-12 18:29 +05:30: [0mGET /api/pages/my-pages-hierarchy?_t=1773320370363 [32m200[0m 21.426 ms - 778[0m
2026-03-12 18:29 +05:30: [0mGET /api/lines [36m304[0m 10.707 ms - -[0m
2026-03-12 18:29 +05:30: [0mGET /api/stations [36m304[0m 5.774 ms - -[0m
2026-03-12 18:29 +05:30: [0mGET /api/templates?entity_type=station&entity_id=2 [36m304[0m 4.241 ms - -[0m
2026-03-12 18:29 +05:30: [0mGET /api/inspection_slots [36m304[0m 5.442 ms - -[0m
2026-03-12 18:29 +05:30: [0mGET /api/templates?entity_type=station&entity_id=2 [36m304[0m 5.114 ms - -[0m
2026-03-12 18:29 +05:30: [0mGET /api/pages/my-pages-hierarchy?_t=1773320376522 [32m200[0m 14.742 ms - 778[0m
2026-03-12 18:29 +05:30: [0mGET /api/templates?entity_type=station&entity_id=2 [36m304[0m 6.302 ms - -[0m
2026-03-12 18:29 +05:30: [0mGET /api/pages/my-pages-hierarchy?_t=1773320376524 [32m200[0m 20.237 ms - 778[0m
2026-03-12 18:29 +05:30: [0mPOST /api/audit [32m200[0m 11.856 ms - 55[0m
2026-03-12 18:29 +05:30: [0mGET /api/audit [32m200[0m 16.233 ms - 333[0m
2026-03-12 18:29 +05:30: [0mGET /api/pages/my-pages-hierarchy?_t=1773320393787 [32m200[0m 14.604 ms - 778[0m
2026-03-12 18:29 +05:30: [0mGET /api/pages/my-pages-hierarchy?_t=1773320393791 [32m200[0m 12.822 ms - 778[0m
2026-03-12 18:29 +05:30: [0mGET /api/audit [36m304[0m 5.129 ms - -[0m
2026-03-12 18:32 +05:30: [0mGET /api/audit [36m304[0m 11.670 ms - -[0m
2026-03-12 18:32 +05:30: [0mGET /api/pages/my-pages-hierarchy?_t=1773320537268 [32m200[0m 18.137 ms - 778[0m
2026-03-12 18:32 +05:30: [0mGET /api/pages/my-pages-hierarchy?_t=1773320537278 [32m200[0m 12.827 ms - 778[0m
2026-03-12 18:32 +05:30: [0mGET /api/audit [36m304[0m 8.705 ms - -[0m
2026-03-12 18:32 +05:30: [0mGET /api/pages/my-pages-hierarchy?_t=1773320539140 [32m200[0m 19.140 ms - 778[0m
2026-03-12 18:32 +05:30: [0mGET /api/pages/my-pages-hierarchy?_t=1773320539143 [32m200[0m 17.794 ms - 778[0m
2026-03-12 18:32 +05:30: [0mGET /api/audit/1 [32m200[0m 17.928 ms - 451[0m
2026-03-12 18:32 +05:30: [0mGET /api/audit/1 [36m304[0m 8.218 ms - -[0m
2026-03-12 18:32 +05:30: [0mGET /api/templates/5 [36m304[0m 4.666 ms - -[0m
2026-03-12 18:32 +05:30: [0mGET /api/templates/5 [36m304[0m 3.408 ms - -[0m
2026-03-12 18:32 +05:30: [0mGET /api/uploads/12032026182953_347.jpg [33m404[0m 0.456 ms - 93[0m
2026-03-12 18:33 +05:30: [0mGET /api/audit/1 [36m304[0m 13.024 ms - -[0m
2026-03-12 18:33 +05:30: [0mGET /api/pages/my-pages-hierarchy?_t=1773320621576 [32m200[0m 22.605 ms - 778[0m
2026-03-12 18:33 +05:30: [0mGET /api/pages/my-pages-hierarchy?_t=1773320621571 [32m200[0m 36.549 ms - 778[0m
2026-03-12 18:33 +05:30: [0mGET /api/audit/1 [36m304[0m 21.904 ms - -[0m
2026-03-12 18:33 +05:30: [0mGET /api/templates/5 [36m304[0m 3.244 ms - -[0m
2026-03-12 18:33 +05:30: [0mGET /api/templates/5 [36m304[0m 1.813 ms - -[0m
2026-03-12 18:33 +05:30: [0mGET /api/uploads/12032026182953_347.jpg [33m404[0m 0.288 ms - 93[0m
2026-03-12 18:33 +05:30: [0mGET /api/uploads/12032026182953_347.jpg [33m404[0m 0.220 ms - 93[0m
2026-03-12 18:34 +05:30: [0mGET /uploads/12032026182953_347.jpg [32m200[0m 5.160 ms - 50671[0m
2026-03-12 18:37 +05:30: [0mGET /api/pages/my-pages-hierarchy?_t=1773320846240 [32m200[0m 22.948 ms - 778[0m
2026-03-12 18:37 +05:30: [0mGET /api/pages/my-pages-hierarchy?_t=1773320846247 [32m200[0m 19.259 ms - 778[0m
2026-03-12 18:37 +05:30: [0mGET /api/audit/1 [36m304[0m 23.107 ms - -[0m
2026-03-12 18:37 +05:30: [0mGET /api/audit/1 [36m304[0m 8.625 ms - -[0m
2026-03-12 18:37 +05:30: [0mGET /api/templates/5 [36m304[0m 4.424 ms - -[0m
2026-03-12 18:37 +05:30: [0mGET /api/templates/5 [36m304[0m 2.216 ms - -[0m
2026-03-12 18:37 +05:30: [0mGET /api/uploads/12032026182953_347.jpg [33m404[0m 0.384 ms - 93[0m
2026-03-12 18:38 +05:30: [0mGET /api/audit/1 [32m200[0m 15.330 ms - 455[0m
2026-03-12 18:38 +05:30: [0mGET /api/pages/my-pages-hierarchy?_t=1773320880368 [32m200[0m 30.932 ms - 778[0m
2026-03-12 18:38 +05:30: [0mGET /api/pages/my-pages-hierarchy?_t=1773320880379 [32m200[0m 48.791 ms - 778[0m
2026-03-12 18:38 +05:30: [0mGET /api/audit/1 [36m304[0m 13.378 ms - -[0m
2026-03-12 18:38 +05:30: [0mGET /api/templates/5 [36m304[0m 6.697 ms - -[0m
2026-03-12 18:38 +05:30: [0mGET /api/templates/5 [36m304[0m 5.689 ms - -[0m
2026-03-12 18:39 +05:30: [0mGET /api/audit/1 [36m304[0m 28.144 ms - -[0m
2026-03-12 18:39 +05:30: [0mGET /api/pages/my-pages-hierarchy?_t=1773320984691 [32m200[0m 52.239 ms - 778[0m
2026-03-12 18:39 +05:30: [0mGET /api/audit/1 [36m304[0m 14.114 ms - -[0m
2026-03-12 18:39 +05:30: [0mGET /api/pages/my-pages-hierarchy?_t=1773320984701 [32m200[0m 22.895 ms - 778[0m
2026-03-12 18:39 +05:30: [0mGET /api/templates/5 [36m304[0m 2.245 ms - -[0m
2026-03-12 18:39 +05:30: [0mGET /api/templates/5 [36m304[0m 2.230 ms - -[0m
2026-03-12 18:39 +05:30: [0mGET /api/pages/my-pages-hierarchy?_t=1773320986744 [32m200[0m 18.580 ms - 778[0m
2026-03-12 18:39 +05:30: [0mGET /api/pages/my-pages-hierarchy?_t=1773320986746 [32m200[0m 16.419 ms - 778[0m
2026-03-12 18:39 +05:30: [0mGET /api/audit [36m304[0m 21.449 ms - -[0m
2026-03-12 18:39 +05:30: [0mGET /api/audit [36m304[0m 10.694 ms - -[0m
2026-03-12 18:39 +05:30: [0mGET /api/lines [36m304[0m 6.920 ms - -[0m
2026-03-12 18:39 +05:30: [0mGET /api/pages/my-pages-hierarchy?_t=1773320988283 [32m200[0m 19.211 ms - 778[0m
2026-03-12 18:39 +05:30: [0mGET /api/lines [36m304[0m 5.765 ms - -[0m
2026-03-12 18:39 +05:30: [0mGET /api/pages/my-pages-hierarchy?_t=1773320988286 [32m200[0m 18.604 ms - 778[0m
2026-03-12 18:39 +05:30: [0mGET /api/stations [36m304[0m 3.196 ms - -[0m
2026-03-12 18:39 +05:30: [0mGET /api/templates?entity_type=station&entity_id=2 [36m304[0m 3.654 ms - -[0m
2026-03-12 18:39 +05:30: [0mGET /api/inspection_slots [36m304[0m 9.159 ms - -[0m
2026-03-12 18:39 +05:30: [0mGET /api/templates?entity_type=station&entity_id=2 [36m304[0m 6.319 ms - -[0m
2026-03-12 18:39 +05:30: [0mGET /api/pages/my-pages-hierarchy?_t=1773320994498 [32m200[0m 19.982 ms - 778[0m
2026-03-12 18:39 +05:30: [0mGET /api/templates?entity_type=station&entity_id=2 [36m304[0m 6.152 ms - -[0m
2026-03-12 18:39 +05:30: [0mGET /api/pages/my-pages-hierarchy?_t=1773320994500 [32m200[0m 19.897 ms - 778[0m
2026-03-12 18:40 +05:30: [0mPOST /api/audit [32m200[0m 69.188 ms - 55[0m
2026-03-12 18:40 +05:30: [0mGET /api/pages/my-pages-hierarchy?_t=1773321004631 [32m200[0m 17.182 ms - 778[0m
2026-03-12 18:40 +05:30: [0mGET /api/audit [32m200[0m 16.434 ms - 615[0m
2026-03-12 18:40 +05:30: [0mGET /api/pages/my-pages-hierarchy?_t=1773321004626 [32m200[0m 16.055 ms - 778[0m
2026-03-12 18:40 +05:30: [0mGET /api/audit [36m304[0m 8.687 ms - -[0m
2026-03-12 18:40 +05:30: [0mGET /api/audit/2 [32m200[0m 9.359 ms - 450[0m
2026-03-12 18:40 +05:30: [0mGET /api/pages/my-pages-hierarchy?_t=1773321007498 [32m200[0m 17.777 ms - 778[0m
2026-03-12 18:40 +05:30: [0mGET /api/pages/my-pages-hierarchy?_t=1773321007499 [32m200[0m 15.820 ms - 778[0m
2026-03-12 18:40 +05:30: [0mGET /api/audit/2 [36m304[0m 8.068 ms - -[0m
2026-03-12 18:40 +05:30: [0mGET /api/templates/5 [36m304[0m 1.758 ms - -[0m
2026-03-12 18:40 +05:30: [0mGET /api/templates/5 [36m304[0m 2.100 ms - -[0m
2026-03-12 18:40 +05:30: [0mGET /api/uploads/12032026184004_37.jpg [33m404[0m 0.326 ms - 92[0m
2026-03-12 18:40 +05:30: [0mGET /api/uploads/12032026184004_37.jpg [33m404[0m 0.807 ms - 92[0m
2026-03-12 18:40 +05:30: [0mGET /uploads/12032026184004_37.jpg [32m200[0m 2.128 ms - 52538[0m
2026-03-12 18:44 +05:30: [0mGET /api/pages/my-pages-hierarchy?_t=1773321243691 [32m200[0m 211.124 ms - 778[0m
2026-03-12 18:44 +05:30: [0mGET /api/pages/my-pages-hierarchy?_t=1773321243720 [32m200[0m 270.169 ms - 778[0m
2026-03-12 18:44 +05:30: [0mGET /api/audit/2 [36m304[0m 162.188 ms - -[0m
2026-03-12 18:44 +05:30: [0mGET /api/audit/2 [36m304[0m 71.222 ms - -[0m
2026-03-12 18:44 +05:30: [0mGET /api/templates/5 [36m304[0m 8.406 ms - -[0m
2026-03-12 18:44 +05:30: [0mGET /api/templates/5 [36m304[0m 2.220 ms - -[0m
2026-03-12 18:44 +05:30: [0mGET /api/uploads/12032026184004_37.jpg [33m404[0m 0.558 ms - 92[0m
2026-03-12 18:44 +05:30: [0mGET /api/pages/my-pages-hierarchy?_t=1773321253435 [32m200[0m 18.744 ms - 778[0m
2026-03-12 18:44 +05:30: [0mGET /api/pages/my-pages-hierarchy?_t=1773321253437 [32m200[0m 20.362 ms - 778[0m
2026-03-12 18:44 +05:30: [0mGET /api/audit [36m304[0m 18.963 ms - -[0m
2026-03-12 18:44 +05:30: [0mGET /api/audit [36m304[0m 14.689 ms - -[0m
2026-03-12 18:44 +05:30: [0mGET /api/lines [36m304[0m 5.709 ms - -[0m
2026-03-12 18:44 +05:30: [0mGET /api/pages/my-pages-hierarchy?_t=1773321255196 [32m200[0m 16.708 ms - 778[0m
2026-03-12 18:44 +05:30: [0mGET /api/pages/my-pages-hierarchy?_t=1773321255194 [32m200[0m 23.557 ms - 778[0m
2026-03-12 18:44 +05:30: [0mGET /api/lines [36m304[0m 5.905 ms - -[0m
2026-03-12 18:44 +05:30: [0mGET /api/stations [36m304[0m 17.679 ms - -[0m
2026-03-12 18:44 +05:30: [0mGET /api/templates?entity_type=station&entity_id=2 [36m304[0m 4.791 ms - -[0m
2026-03-12 18:44 +05:30: [0mGET /api/inspection_slots [36m304[0m 13.988 ms - -[0m
2026-03-12 18:44 +05:30: [0mGET /api/templates?entity_type=station&entity_id=2 [36m304[0m 6.318 ms - -[0m
2026-03-12 18:44 +05:30: [0mGET /api/templates?entity_type=station&entity_id=2 [36m304[0m 9.003 ms - -[0m
2026-03-12 18:44 +05:30: [0mGET /api/pages/my-pages-hierarchy?_t=1773321265523 [32m200[0m 26.575 ms - 778[0m
2026-03-12 18:44 +05:30: [0mGET /api/pages/my-pages-hierarchy?_t=1773321265527 [32m200[0m 25.146 ms - 778[0m
2026-03-12 18:44 +05:30: [0mPOST /api/audit [32m200[0m 17.205 ms - 55[0m
2026-03-12 18:44 +05:30: [0mGET /api/audit [32m200[0m 15.489 ms - 897[0m
2026-03-12 18:44 +05:30: [0mGET /api/pages/my-pages-hierarchy?_t=1773321274364 [32m200[0m 13.795 ms - 778[0m
2026-03-12 18:44 +05:30: [0mGET /api/pages/my-pages-hierarchy?_t=1773321274370 [32m200[0m 12.774 ms - 778[0m
2026-03-12 18:44 +05:30: [0mGET /api/audit [36m304[0m 8.152 ms - -[0m
2026-03-12 18:44 +05:30: [0mGET /api/audit/3 [32m200[0m 7.400 ms - 451[0m
2026-03-12 18:44 +05:30: [0mGET /api/pages/my-pages-hierarchy?_t=1773321276605 [32m200[0m 16.491 ms - 778[0m
2026-03-12 18:44 +05:30: [0mGET /api/pages/my-pages-hierarchy?_t=1773321276607 [32m200[0m 15.596 ms - 778[0m
2026-03-12 18:44 +05:30: [0mGET /api/audit/3 [36m304[0m 5.953 ms - -[0m
2026-03-12 18:44 +05:30: [0mGET /api/templates/5 [36m304[0m 3.369 ms - -[0m
2026-03-12 18:44 +05:30: [0mGET /api/templates/5 [36m304[0m 1.873 ms - -[0m
2026-03-12 18:44 +05:30: [0mGET /api/uploads/12032026184434_552.jpg [33m404[0m 0.837 ms - 93[0m
2026-03-12 18:45 +05:30: [0mGET /api/audit/3 [36m304[0m 11.923 ms - -[0m
2026-03-12 18:45 +05:30: [0mGET /api/pages/my-pages-hierarchy?_t=1773321318454 [32m200[0m 29.753 ms - 778[0m
2026-03-12 18:45 +05:30: [0mGET /api/pages/my-pages-hierarchy?_t=1773321318462 [32m200[0m 25.196 ms - 778[0m
2026-03-12 18:45 +05:30: [0mGET /api/audit/3 [36m304[0m 4.921 ms - -[0m
2026-03-12 18:45 +05:30: [0mGET /api/templates/5 [36m304[0m 2.113 ms - -[0m
2026-03-12 18:45 +05:30: [0mGET /api/templates/5 [36m304[0m 1.459 ms - -[0m
2026-03-12 18:45 +05:30: [0mGET /api/uploads/12032026184434_552.jpg [33m404[0m 0.439 ms - 93[0m
2026-03-12 18:48 +05:30: [0mGET /api/audit/3 [36m304[0m 23.329 ms - -[0m
2026-03-12 18:48 +05:30: [0mGET /api/pages/my-pages-hierarchy?_t=1773321506400 [32m200[0m 49.289 ms - 778[0m
2026-03-12 18:48 +05:30: [0mGET /api/pages/my-pages-hierarchy?_t=1773321506407 [32m200[0m 41.401 ms - 778[0m
2026-03-12 18:48 +05:30: [0mGET /api/audit/3 [36m304[0m 20.364 ms - -[0m
2026-03-12 18:48 +05:30: [0mGET /api/templates/5 [36m304[0m 6.081 ms - -[0m
2026-03-12 18:48 +05:30: [0mGET /api/templates/5 [36m304[0m 2.830 ms - -[0m
2026-03-12 18:48 +05:30: [0mGET /api/uploads/12032026184434_552.jpg [33m404[0m 0.687 ms - 93[0m
2026-03-12 18:48 +05:30: [0mGET /api/pages/my-pages-hierarchy?_t=1773321531420 [32m200[0m 30.541 ms - 778[0m
2026-03-12 18:48 +05:30: [0mGET /api/pages/my-pages-hierarchy?_t=1773321531423 [32m200[0m 29.238 ms - 778[0m
2026-03-12 18:48 +05:30: [0mGET /api/audit [36m304[0m 31.920 ms - -[0m
2026-03-12 18:48 +05:30: [0mGET /api/audit [36m304[0m 10.750 ms - -[0m
2026-03-12 18:48 +05:30: [0mGET /api/lines [36m304[0m 7.118 ms - -[0m
2026-03-12 18:48 +05:30: [0mGET /api/pages/my-pages-hierarchy?_t=1773321533582 [32m200[0m 15.530 ms - 778[0m
2026-03-12 18:48 +05:30: [0mGET /api/pages/my-pages-hierarchy?_t=1773321533585 [32m200[0m 18.594 ms - 778[0m
2026-03-12 18:48 +05:30: [0mGET /api/lines [36m304[0m 9.050 ms - -[0m
2026-03-12 18:48 +05:30: [0mGET /api/stations [36m304[0m 3.237 ms - -[0m
2026-03-12 18:48 +05:30: [0mGET /api/templates?entity_type=station&entity_id=2 [36m304[0m 3.536 ms - -[0m
2026-03-12 18:48 +05:30: [0mGET /api/inspection_slots [36m304[0m 6.113 ms - -[0m
2026-03-12 18:48 +05:30: [0mGET /api/pages/my-pages-hierarchy?_t=1773321539678 [32m200[0m 18.945 ms - 778[0m
2026-03-12 18:48 +05:30: [0mGET /api/templates?entity_type=station&entity_id=2 [36m304[0m 11.452 ms - -[0m
2026-03-12 18:48 +05:30: [0mGET /api/pages/my-pages-hierarchy?_t=1773321539680 [32m200[0m 15.552 ms - 778[0m
2026-03-12 18:48 +05:30: [0mGET /api/templates?entity_type=station&entity_id=2 [36m304[0m 9.493 ms - -[0m
2026-03-12 18:49 +05:30: [0mPOST /api/audit [32m200[0m 16.767 ms - 55[0m
2026-03-12 18:49 +05:30: [0mGET /api/pages/my-pages-hierarchy?_t=1773321547383 [32m200[0m 37.174 ms - 778[0m
2026-03-12 18:49 +05:30: [0mGET /api/pages/my-pages-hierarchy?_t=1773321547385 [32m200[0m 39.288 ms - 778[0m
2026-03-12 18:49 +05:30: [0mGET /api/audit [32m200[0m 28.739 ms - -[0m
2026-03-12 18:49 +05:30: [0mGET /api/audit [36m304[0m 4.945 ms - -[0m
2026-03-12 18:49 +05:30: [0mGET /api/audit/4 [32m200[0m 13.896 ms - 451[0m
2026-03-12 18:49 +05:30: [0mGET /api/pages/my-pages-hierarchy?_t=1773321550326 [32m200[0m 21.061 ms - 778[0m
2026-03-12 18:49 +05:30: [0mGET /api/pages/my-pages-hierarchy?_t=1773321550330 [32m200[0m 17.668 ms - 778[0m
2026-03-12 18:49 +05:30: [0mGET /api/audit/4 [36m304[0m 9.058 ms - -[0m
2026-03-12 18:49 +05:30: [0mGET /api/templates/5 [36m304[0m 2.405 ms - -[0m
2026-03-12 18:49 +05:30: [0mGET /api/templates/5 [36m304[0m 3.868 ms - -[0m
2026-03-12 18:49 +05:30: [0mGET /api/uploads/12032026184907_350.jpg [33m404[0m 0.303 ms - 93[0m
2026-03-12 18:54 +05:30: [0mGET /api/audit/4 [36m304[0m 7.770 ms - -[0m
2026-03-12 18:54 +05:30: [0mGET /api/pages/my-pages-hierarchy?_t=1773321888871 [32m200[0m 20.327 ms - 778[0m
2026-03-12 18:54 +05:30: [0mGET /api/pages/my-pages-hierarchy?_t=1773321888886 [32m200[0m 17.317 ms - 778[0m
2026-03-12 18:54 +05:30: [0mGET /api/audit/4 [36m304[0m 7.258 ms - -[0m
2026-03-12 18:54 +05:30: [0mGET /api/templates/5 [36m304[0m 3.276 ms - -[0m
2026-03-12 18:54 +05:30: [0mGET /api/templates/5 [36m304[0m 3.552 ms - -[0m
2026-03-12 18:54 +05:30: [0mGET /api/uploads/12032026184907_350.jpg [33m404[0m 0.346 ms - 93[0m
2026-03-12 18:57 +05:30: [0mGET /api/audit [36m304[0m 32.427 ms - -[0m
2026-03-12 18:57 +05:30: [0mGET /api/pages/my-pages-hierarchy?_t=1773322048286 [32m200[0m 53.838 ms - 778[0m
2026-03-12 18:57 +05:30: [0mGET /api/pages/my-pages-hierarchy?_t=1773322048291 [32m200[0m 61.313 ms - 778[0m
2026-03-12 18:57 +05:30: [0mGET /api/audit [36m304[0m 15.161 ms - -[0m
2026-03-12 18:57 +05:30: [0mGET /api/pages/my-pages-hierarchy?_t=1773322051096 [32m200[0m 14.803 ms - 778[0m
2026-03-12 18:57 +05:30: [0mGET /api/lines [36m304[0m 9.890 ms - -[0m
2026-03-12 18:57 +05:30: [0mGET /api/pages/my-pages-hierarchy?_t=1773322051098 [32m200[0m 22.774 ms - 778[0m
2026-03-12 18:57 +05:30: [0mGET /api/lines [36m304[0m 3.109 ms - -[0m
2026-03-12 18:57 +05:30: [0mGET /api/stations [36m304[0m 3.678 ms - -[0m
2026-03-12 18:57 +05:30: [0mGET /api/templates?entity_type=station&entity_id=2 [36m304[0m 5.677 ms - -[0m
2026-03-12 18:57 +05:30: [0mGET /api/inspection_slots [36m304[0m 9.436 ms - -[0m
2026-03-12 18:57 +05:30: [0mGET /api/templates?entity_type=station&entity_id=2 [36m304[0m 7.602 ms - -[0m
2026-03-12 18:57 +05:30: [0mGET /api/pages/my-pages-hierarchy?_t=1773322056919 [32m200[0m 19.897 ms - 778[0m
2026-03-12 18:57 +05:30: [0mGET /api/pages/my-pages-hierarchy?_t=1773322056920 [32m200[0m 18.486 ms - 778[0m
2026-03-12 18:57 +05:30: [0mGET /api/templates?entity_type=station&entity_id=2 [36m304[0m 7.512 ms - -[0m
2026-03-12 18:57 +05:30: [0mPOST /api/audit [32m200[0m 23.398 ms - 55[0m
2026-03-12 18:57 +05:30: [0mGET /api/pages/my-pages-hierarchy?_t=1773322065498 [32m200[0m 15.786 ms - 778[0m
2026-03-12 18:57 +05:30: [0mGET /api/pages/my-pages-hierarchy?_t=1773322065501 [32m200[0m 13.871 ms - 778[0m
2026-03-12 18:57 +05:30: [0mGET /api/audit [32m200[0m 16.134 ms - -[0m
2026-03-12 18:57 +05:30: [0mGET /api/audit [36m304[0m 6.091 ms - -[0m
2026-03-12 18:57 +05:30: [0mGET /api/audit/5 [32m200[0m 10.258 ms - 450[0m
2026-03-12 18:57 +05:30: [0mGET /api/pages/my-pages-hierarchy?_t=1773322068304 [32m200[0m 17.764 ms - 778[0m
2026-03-12 18:57 +05:30: [0mGET /api/pages/my-pages-hierarchy?_t=1773322068306 [32m200[0m 17.909 ms - 778[0m
2026-03-12 18:57 +05:30: [0mGET /api/audit/5 [36m304[0m 10.199 ms - -[0m
2026-03-12 18:57 +05:30: [0mGET /api/templates/5 [36m304[0m 1.695 ms - -[0m
2026-03-12 18:57 +05:30: [0mGET /api/templates/5 [36m304[0m 1.765 ms - -[0m
2026-03-12 18:57 +05:30: [0mGET /api/uploads/12032026185745_86.jpg [33m404[0m 0.538 ms - 92[0m
2026-03-12 18:59 +05:30: [0mGET /api/audit/5 [36m304[0m 11.032 ms - -[0m
2026-03-12 18:59 +05:30: [0mGET /api/pages/my-pages-hierarchy?_t=1773322196774 [32m200[0m 17.068 ms - 778[0m
2026-03-12 18:59 +05:30: [0mGET /api/pages/my-pages-hierarchy?_t=1773322196768 [32m200[0m 29.993 ms - 778[0m
2026-03-12 18:59 +05:30: [0mGET /api/audit/5 [36m304[0m 18.472 ms - -[0m
2026-03-12 18:59 +05:30: [0mGET /api/templates/5 [36m304[0m 6.208 ms - -[0m
2026-03-12 18:59 +05:30: [0mGET /api/templates/5 [36m304[0m 3.149 ms - -[0m
2026-03-12 18:59 +05:30: [0mGET /api/uploads/12032026185745_86.jpg [33m404[0m 0.408 ms - 92[0m
2026-03-12 19:00 +05:30: [0mGET /api/uploads/12032026185745_86.jpg [33m404[0m 0.598 ms - 92[0m
2026-03-12 19:01 +05:30: [0mGET /api/uploads/12032026185745_86.jpg [33m404[0m 0.539 ms - 92[0m
2026-03-12 19:01 +05:30: [0mGET /api/audit/5 [36m304[0m 17.990 ms - -[0m
2026-03-12 19:01 +05:30: [0mGET /api/pages/my-pages-hierarchy?_t=1773322306438 [32m200[0m 33.945 ms - 778[0m
2026-03-12 19:01 +05:30: [0mGET /api/pages/my-pages-hierarchy?_t=1773322306448 [32m200[0m 26.968 ms - 778[0m
2026-03-12 19:01 +05:30: [0mGET /api/audit/5 [36m304[0m 21.077 ms - -[0m
2026-03-12 19:01 +05:30: [0mGET /api/templates/5 [36m304[0m 3.841 ms - -[0m
2026-03-12 19:01 +05:30: [0mGET /api/templates/5 [36m304[0m 1.670 ms - -[0m
2026-03-12 19:01 +05:30: [0mGET /api/uploads/12032026185745_86.jpg [33m404[0m 0.450 ms - 92[0m
2026-03-12 19:01 +05:30: [0mGET /api/uploads/12032026185745_86.jpg [33m404[0m 0.572 ms - 92[0m
2026-03-12 19:02 +05:30: [0mGET /api/audit/5 [36m304[0m 8.812 ms - -[0m
2026-03-12 19:02 +05:30: [0mGET /api/pages/my-pages-hierarchy?_t=1773322322162 [32m200[0m 21.944 ms - 778[0m
2026-03-12 19:02 +05:30: [0mGET /api/pages/my-pages-hierarchy?_t=1773322322156 [32m200[0m 27.170 ms - 778[0m
2026-03-12 19:02 +05:30: [0mGET /api/audit/5 [36m304[0m 12.404 ms - -[0m
2026-03-12 19:02 +05:30: [0mGET /api/templates/5 [36m304[0m 5.058 ms - -[0m
2026-03-12 19:02 +05:30: [0mGET /api/templates/5 [36m304[0m 1.735 ms - -[0m
2026-03-12 19:02 +05:30: [0mGET /api/uploads/12032026185745_86.jpg [33m404[0m 0.452 ms - 92[0m
2026-03-12 19:08 +05:30: [0mGET /api/pages/my-pages-hierarchy?_t=1773322711244 [32m200[0m 24.541 ms - 778[0m
2026-03-12 19:08 +05:30: [0mGET /api/pages/my-pages-hierarchy?_t=1773322711238 [32m200[0m 49.173 ms - 778[0m
2026-03-12 19:08 +05:30: [0mGET /api/audit [36m304[0m 49.254 ms - -[0m
2026-03-12 19:08 +05:30: [0mGET /api/audit [36m304[0m 15.789 ms - -[0m
2026-03-13 09:57 +05:30: ⚠️ PM2 disabled on Windows
2026-03-13 09:57 +05:30: 🔄 Enhanced System Monitor: Continuous monitoring started
2026-03-13 09:57 +05:30: ✅ Created activity_logs table
2026-03-13 09:57 +05:30: ✅ Created login_activities table
2026-03-13 09:57 +05:30: ✅ Created api_stats table
2026-03-13 09:57 +05:30: ✅ Tables Created
2026-03-13 09:57 +05:30: ✅ Pages Seeded
2026-03-13 09:57 +05:30: ℹ️ Super Admin Exists
2026-03-13 09:57 +05:30: ✅ Database Initialized
2026-03-13 09:57 +05:30: ✅ Database connected successfully
2026-03-13 09:57 +05:30: 🚀 Digital Checksheet Backend running on http://127.0.0.1:5000
2026-03-13 09:57 +05:30: 📊 Environment: development
2026-03-13 09:57 +05:30: 🔗 Health: http://127.0.0.1:5000/health
2026-03-13 09:57 +05:30: 📚 API: http://127.0.0.1:5000/api
2026-03-13 11:13 +05:30: [0mGET /api/system/network [32m200[0m 137.403 ms - 265[0m
2026-03-13 11:13 +05:30: [0mGET /api/system/memory [32m200[0m 141.121 ms - 299[0m
2026-03-13 11:13 +05:30: [0mGET /api/system/health [32m200[0m 216.380 ms - 269[0m
2026-03-13 11:13 +05:30: [0mGET /api/pages/my-pages-hierarchy?_t=1773380598858 [32m200[0m 253.790 ms - 778[0m
2026-03-13 11:13 +05:30: [0mGET /api/system/info [32m200[0m 44.660 ms - 510[0m
2026-03-13 11:13 +05:30: [0mGET /api/system/cpu [32m200[0m 132.602 ms - -[0m
2026-03-13 11:13 +05:30: [0mGET /api/system/performance [32m200[0m 192.243 ms - -[0m
2026-03-13 11:13 +05:30: [0mGET /api/system/processes [36m304[0m 50.104 ms - -[0m
2026-03-13 11:13 +05:30: [0mGET /api/system/process-stats [32m200[0m 44.737 ms - 816[0m
2026-03-13 11:13 +05:30: requireAssignedPages check for user: superadmin (ID: 1), roles: super_admin
2026-03-13 11:13 +05:30: Access granted: User is super admin
2026-03-13 11:13 +05:30: [0mGET /api/system/network [36m304[0m 61.154 ms - -[0m
2026-03-13 11:13 +05:30: [0mGET /api/system/memory [32m200[0m 60.521 ms - 299[0m
2026-03-13 11:13 +05:30: [0mGET /api/pages/my-pages-hierarchy?_t=1773380598869 [32m200[0m 128.652 ms - 778[0m
2026-03-13 11:13 +05:30: [0mGET /api/system/info [32m200[0m 181.647 ms - 508[0m
2026-03-13 11:13 +05:30: [0mGET /api/system/health [32m200[0m 204.751 ms - 269[0m
2026-03-13 11:13 +05:30: [0mGET /api/system/processes [36m304[0m 78.943 ms - -[0m
2026-03-13 11:13 +05:30: [0mGET /api/system/cpu [32m200[0m 50.942 ms - -[0m
2026-03-13 11:13 +05:30: [0mGET /api/system/performance [32m200[0m 76.990 ms - -[0m
2026-03-13 11:13 +05:30: [0mGET /api/system/process-stats [32m200[0m 16.196 ms - 815[0m
2026-03-13 11:13 +05:30: [0mGET /api/stats/dashboard [32m200[0m 294.643 ms - -[0m
2026-03-13 11:13 +05:30: requireAssignedPages check for user: superadmin (ID: 1), roles: super_admin
2026-03-13 11:13 +05:30: Access granted: User is super admin
2026-03-13 11:13 +05:30: [0mGET /api/stats/dashboard [32m200[0m 21.728 ms - -[0m
2026-03-13 11:13 +05:30: [0mGET /api/system/memory [32m200[0m 458.241 ms - 300[0m
2026-03-13 11:13 +05:30: [0mGET /api/system/cpu [32m200[0m 245.972 ms - -[0m
2026-03-13 11:13 +05:30: [0mGET /api/system/performance [32m200[0m 62.469 ms - -[0m
2026-03-13 11:13 +05:30: [0mGET /api/pages/my-pages-hierarchy?_t=1773380616449 [32m200[0m 165.434 ms - 778[0m
2026-03-13 11:13 +05:30: [0mGET /api/pages/my-pages-hierarchy?_t=1773380616455 [32m200[0m 205.289 ms - 778[0m
2026-03-13 11:13 +05:30: [0mGET /api/audit [36m304[0m 497.893 ms - -[0m
2026-03-13 11:13 +05:30: [0mGET /api/audit [36m304[0m 112.923 ms - -[0m
2026-03-13 11:13 +05:30: [0mGET /api/pages/my-pages-hierarchy?_t=1773380619225 [32m200[0m 25.938 ms - 778[0m
2026-03-13 11:13 +05:30: [0mGET /api/pages/my-pages-hierarchy?_t=1773380619229 [32m200[0m 19.738 ms - 778[0m
2026-03-13 11:13 +05:30: [0mGET /api/audit/5 [36m304[0m 33.314 ms - -[0m
2026-03-13 11:13 +05:30: [0mGET /api/audit/5 [36m304[0m 9.691 ms - -[0m
2026-03-13 11:13 +05:30: [0mGET /api/templates/5 [36m304[0m 33.284 ms - -[0m
2026-03-13 11:13 +05:30: [0mGET /api/templates/5 [36m304[0m 3.002 ms - -[0m
2026-03-13 11:13 +05:30: [0mGET /api/uploads/12032026185745_86.jpg [33m404[0m 0.921 ms - 92[0m
2026-03-13 11:15 +05:30: [0mGET /uploads/12032026185745_86.jpg [32m200[0m 19.254 ms - 46067[0m
2026-03-13 11:15 +05:30: [0mGET /api/pages/my-pages-hierarchy?_t=1773380720499 [32m200[0m 38.168 ms - 778[0m
2026-03-13 11:15 +05:30: [0mGET /api/pages/my-pages-hierarchy?_t=1773380720502 [32m200[0m 35.517 ms - 778[0m
2026-03-13 11:15 +05:30: [0mGET /api/audit [36m304[0m 43.500 ms - -[0m
2026-03-13 11:15 +05:30: [0mGET /api/audit [36m304[0m 13.195 ms - -[0m
2026-03-13 11:15 +05:30: [0mGET /api/audit/4 [36m304[0m 15.736 ms - -[0m
2026-03-13 11:15 +05:30: [0mGET /api/pages/my-pages-hierarchy?_t=1773380722182 [32m200[0m 38.605 ms - 778[0m
2026-03-13 11:15 +05:30: [0mGET /api/pages/my-pages-hierarchy?_t=1773380722186 [32m200[0m 37.088 ms - 778[0m
2026-03-13 11:15 +05:30: [0mGET /api/audit/4 [36m304[0m 26.054 ms - -[0m
2026-03-13 11:15 +05:30: [0mGET /api/templates/5 [36m304[0m 8.264 ms - -[0m
2026-03-13 11:15 +05:30: [0mGET /api/templates/5 [36m304[0m 3.436 ms - -[0m
2026-03-13 11:15 +05:30: [0mGET /uploads/12032026184907_350.jpg [32m200[0m 3.353 ms - 49873[0m
2026-03-13 11:18 +05:30: [0mGET /api/audit/4 [36m304[0m 39.412 ms - -[0m
2026-03-13 11:18 +05:30: [0mGET /api/pages/my-pages-hierarchy?_t=1773380885672 [32m200[0m 81.974 ms - 778[0m
2026-03-13 11:18 +05:30: [0mGET /api/pages/my-pages-hierarchy?_t=1773380885683 [32m200[0m 97.275 ms - 778[0m
2026-03-13 11:18 +05:30: [0mGET /api/audit/4 [36m304[0m 80.591 ms - -[0m
2026-03-13 11:18 +05:30: [0mGET /api/templates/5 [36m304[0m 6.597 ms - -[0m
2026-03-13 11:18 +05:30: [0mGET /api/templates/5 [36m304[0m 3.105 ms - -[0m
2026-03-13 11:18 +05:30: [0mGET /uploads/12032026184907_350.jpg [36m304[0m 1.479 ms - -[0m
2026-03-13 11:18 +05:30: [0mGET /api/pages/my-pages-hierarchy?_t=1773380896401 [32m200[0m 31.434 ms - 778[0m
2026-03-13 11:18 +05:30: [0mGET /api/audit [36m304[0m 36.931 ms - -[0m
2026-03-13 11:18 +05:30: [0mGET /api/pages/my-pages-hierarchy?_t=1773380896403 [32m200[0m 37.209 ms - 778[0m
2026-03-13 11:18 +05:30: [0mGET /api/audit [36m304[0m 11.532 ms - -[0m
2026-03-13 11:18 +05:30: [0mGET /api/pages/my-pages-hierarchy?_t=1773380898059 [32m200[0m 32.262 ms - 778[0m
2026-03-13 11:18 +05:30: [0mGET /api/audit/4 [36m304[0m 23.465 ms - -[0m
2026-03-13 11:18 +05:30: [0mGET /api/pages/my-pages-hierarchy?_t=1773380898063 [32m200[0m 42.045 ms - 778[0m
2026-03-13 11:18 +05:30: [0mGET /api/audit/4 [36m304[0m 13.708 ms - -[0m
2026-03-13 11:18 +05:30: [0mGET /api/templates/5 [36m304[0m 4.288 ms - -[0m
2026-03-13 11:18 +05:30: [0mGET /api/templates/5 [36m304[0m 5.178 ms - -[0m
2026-03-13 11:18 +05:30: [0mGET /api/pages/my-pages-hierarchy?_t=1773380900793 [32m200[0m 25.216 ms - 778[0m
2026-03-13 11:18 +05:30: [0mGET /api/audit [36m304[0m 27.669 ms - -[0m
2026-03-13 11:18 +05:30: [0mGET /api/pages/my-pages-hierarchy?_t=1773380900796 [32m200[0m 24.385 ms - 778[0m
2026-03-13 11:18 +05:30: [0mGET /api/audit [36m304[0m 14.115 ms - -[0m
2026-03-13 11:18 +05:30: [0mGET /api/audit/3 [36m304[0m 23.769 ms - -[0m
2026-03-13 11:18 +05:30: [0mGET /api/pages/my-pages-hierarchy?_t=1773380902634 [32m200[0m 44.176 ms - 778[0m
2026-03-13 11:18 +05:30: [0mGET /api/pages/my-pages-hierarchy?_t=1773380902636 [32m200[0m 42.165 ms - 778[0m
2026-03-13 11:18 +05:30: [0mGET /api/audit/3 [36m304[0m 13.345 ms - -[0m
2026-03-13 11:18 +05:30: [0mGET /api/templates/5 [36m304[0m 4.787 ms - -[0m
2026-03-13 11:18 +05:30: [0mGET /api/templates/5 [36m304[0m 12.155 ms - -[0m
2026-03-13 11:18 +05:30: [0mGET /uploads/12032026184434_552.jpg [32m200[0m 3.074 ms - 47439[0m
2026-03-13 11:18 +05:30: [0mGET /api/pages/my-pages-hierarchy?_t=1773380905271 [32m200[0m 25.035 ms - 778[0m
2026-03-13 11:18 +05:30: [0mGET /api/audit [36m304[0m 23.464 ms - -[0m
2026-03-13 11:18 +05:30: [0mGET /api/pages/my-pages-hierarchy?_t=1773380905274 [32m200[0m 19.730 ms - 778[0m
2026-03-13 11:18 +05:30: [0mGET /api/audit [36m304[0m 9.648 ms - -[0m
2026-03-13 11:18 +05:30: [0mGET /api/pages/my-pages-hierarchy?_t=1773380906779 [32m200[0m 29.233 ms - 778[0m
2026-03-13 11:18 +05:30: [0mGET /api/pages/my-pages-hierarchy?_t=1773380906781 [32m200[0m 21.732 ms - 778[0m
2026-03-13 11:18 +05:30: [0mGET /api/lines [36m304[0m 48.635 ms - -[0m
2026-03-13 11:18 +05:30: [0mGET /api/lines [36m304[0m 1.821 ms - -[0m
2026-03-13 11:18 +05:30: [0mGET /api/stations [36m304[0m 25.504 ms - -[0m
2026-03-13 11:18 +05:30: [0mGET /api/templates?entity_type=station&entity_id=2 [36m304[0m 5.597 ms - -[0m
2026-03-13 11:18 +05:30: [0mGET /api/inspection_slots [32m200[0m 39.924 ms - -[0m
2026-03-13 11:18 +05:30: [0mGET /api/templates?entity_type=station&entity_id=2 [36m304[0m 15.353 ms - -[0m
2026-03-13 11:18 +05:30: [0mGET /api/pages/my-pages-hierarchy?_t=1773380913914 [32m200[0m 36.915 ms - 778[0m
2026-03-13 11:18 +05:30: [0mGET /api/templates?entity_type=station&entity_id=2 [36m304[0m 19.589 ms - -[0m
2026-03-13 11:18 +05:30: [0mGET /api/pages/my-pages-hierarchy?_t=1773380913916 [32m200[0m 40.952 ms - 778[0m
2026-03-13 11:19 +05:30: [0mGET /api/lines [36m304[0m 15.282 ms - -[0m
2026-03-13 11:19 +05:30: [0mGET /api/pages/my-pages-hierarchy?_t=1773380962956 [32m200[0m 50.075 ms - 778[0m
2026-03-13 11:19 +05:30: [0mGET /api/pages/my-pages-hierarchy?_t=1773380962958 [32m200[0m 41.487 ms - 778[0m
2026-03-13 11:19 +05:30: [0mGET /api/lines [36m304[0m 14.287 ms - -[0m
2026-03-13 11:19 +05:30: [0mGET /api/templates [36m304[0m 7.672 ms - -[0m
2026-03-13 11:19 +05:30: [0mGET /api/pages/my-pages-hierarchy?_t=1773380965826 [32m200[0m 26.769 ms - 778[0m
2026-03-13 11:19 +05:30: [0mGET /api/pages/my-pages-hierarchy?_t=1773380965828 [32m200[0m 28.088 ms - 778[0m
2026-03-13 11:19 +05:30: [0mGET /api/templates [36m304[0m 8.168 ms - -[0m
2026-03-13 11:19 +05:30: [0mGET /api/pages/my-pages-hierarchy?_t=1773380969045 [32m200[0m 20.340 ms - 778[0m
2026-03-13 11:19 +05:30: [0mGET /api/pages/my-pages-hierarchy?_t=1773380969048 [32m200[0m 19.944 ms - 778[0m
2026-03-13 11:19 +05:30: [0mGET /api/submissions/5 [32m200[0m 41.038 ms - -[0m
2026-03-13 11:19 +05:30: [0mGET /api/submissions/5 [32m200[0m 7.043 ms - -[0m
2026-03-13 11:19 +05:30: [0mGET /api/templates [36m304[0m 14.704 ms - -[0m
2026-03-13 11:19 +05:30: [0mGET /api/templates [36m304[0m 2.888 ms - -[0m
2026-03-13 11:19 +05:30: [0mGET /api/pages/my-pages-hierarchy?_t=1773380970798 [32m200[0m 23.937 ms - 778[0m
2026-03-13 11:19 +05:30: [0mGET /api/pages/my-pages-hierarchy?_t=1773380970802 [32m200[0m 22.115 ms - 778[0m
2026-03-13 11:19 +05:30: [0mGET /api/templates/5 [36m304[0m 12.811 ms - -[0m
2026-03-13 11:19 +05:30: [0mGET /api/pages/my-pages-hierarchy?_t=1773380973755 [32m200[0m 72.232 ms - 778[0m
2026-03-13 11:19 +05:30: [0mGET /api/templates/5 [36m304[0m 6.406 ms - -[0m
2026-03-13 11:19 +05:30: [0mGET /api/pages/my-pages-hierarchy?_t=1773380973758 [32m200[0m 81.671 ms - 778[0m
2026-03-13 11:19 +05:30: [0mGET /api/stations [36m304[0m 4.460 ms - -[0m
2026-03-13 11:19 +05:30: [0mGET /api/stations [36m304[0m 2.006 ms - -[0m
2026-03-13 11:19 +05:30: [0mGET /api/templates/5 [36m304[0m 2.226 ms - -[0m
2026-03-13 11:19 +05:30: [0mGET /api/stations [36m304[0m 2.807 ms - -[0m
2026-03-13 11:19 +05:30: [0mGET /api/pages/my-pages-hierarchy?_t=1773380979654 [32m200[0m 8.528 ms - 778[0m
2026-03-13 11:19 +05:30: [0mGET /api/templates [36m304[0m 3.168 ms - -[0m
2026-03-13 11:19 +05:30: [0mGET /api/templates [36m304[0m 7.878 ms - -[0m
2026-03-13 11:19 +05:30: [0mGET /api/pages/my-pages-hierarchy?_t=1773380979657 [32m200[0m 16.126 ms - 778[0m
2026-03-13 11:19 +05:30: [0mGET /api/templates/2 [32m200[0m 7.639 ms - 489[0m
2026-03-13 11:19 +05:30: [0mGET /api/pages/my-pages-hierarchy?_t=1773380984140 [32m200[0m 26.460 ms - 778[0m
2026-03-13 11:19 +05:30: [0mGET /api/templates/2 [36m304[0m 7.115 ms - -[0m
2026-03-13 11:19 +05:30: [0mGET /api/pages/my-pages-hierarchy?_t=1773380984142 [32m200[0m 21.807 ms - 778[0m
2026-03-13 11:19 +05:30: [0mGET /api/stations [36m304[0m 4.104 ms - -[0m
2026-03-13 11:19 +05:30: [0mGET /api/stations [36m304[0m 1.736 ms - -[0m
2026-03-13 11:19 +05:30: [0mGET /api/templates/2 [36m304[0m 1.558 ms - -[0m
2026-03-13 11:19 +05:30: [0mGET /api/stations [36m304[0m 1.671 ms - -[0m
2026-03-13 11:19 +05:30: [0mGET /api/templates [36m304[0m 9.414 ms - -[0m
2026-03-13 11:19 +05:30: [0mGET /api/pages/my-pages-hierarchy?_t=1773380988487 [32m200[0m 22.564 ms - 778[0m
2026-03-13 11:19 +05:30: [0mGET /api/templates [36m304[0m 5.246 ms - -[0m
2026-03-13 11:19 +05:30: [0mGET /api/pages/my-pages-hierarchy?_t=1773380988489 [32m200[0m 23.776 ms - 778[0m
2026-03-13 11:19 +05:30: [0mGET /api/templates/4 [36m304[0m 6.795 ms - -[0m
2026-03-13 11:19 +05:30: [0mGET /api/pages/my-pages-hierarchy?_t=1773380991568 [32m200[0m 24.126 ms - 778[0m
2026-03-13 11:19 +05:30: [0mGET /api/templates/4 [36m304[0m 7.043 ms - -[0m
2026-03-13 11:19 +05:30: [0mGET /api/pages/my-pages-hierarchy?_t=1773380991570 [32m200[0m 28.192 ms - 778[0m
2026-03-13 11:19 +05:30: [0mGET /api/stations [36m304[0m 2.635 ms - -[0m
2026-03-13 11:19 +05:30: [0mGET /api/stations [36m304[0m 2.039 ms - -[0m
2026-03-13 11:19 +05:30: [0mGET /api/templates/4 [36m304[0m 2.422 ms - -[0m
2026-03-13 11:19 +05:30: [0mGET /api/stations [36m304[0m 2.713 ms - -[0m
2026-03-13 11:20 +05:30: [0mGET /api/templates/4 [36m304[0m 12.700 ms - -[0m
2026-03-13 11:20 +05:30: [0mGET /api/pages/my-pages-hierarchy?_t=1773381008329 [32m200[0m 33.368 ms - 778[0m
2026-03-13 11:20 +05:30: [0mGET /api/pages/my-pages-hierarchy?_t=1773381008334 [32m200[0m 34.194 ms - 778[0m
2026-03-13 11:20 +05:30: [0mGET /api/templates/4 [36m304[0m 8.947 ms - -[0m
2026-03-13 11:20 +05:30: [0mGET /api/stations [36m304[0m 2.404 ms - -[0m
2026-03-13 11:20 +05:30: [0mGET /api/stations [36m304[0m 2.742 ms - -[0m
2026-03-13 11:20 +05:30: [0mGET /api/templates/4 [36m304[0m 2.219 ms - -[0m
2026-03-13 11:20 +05:30: [0mGET /api/stations [36m304[0m 5.921 ms - -[0m
2026-03-13 11:20 +05:30: [0mGET /api/templates [36m304[0m 9.389 ms - -[0m
2026-03-13 11:20 +05:30: [0mGET /api/pages/my-pages-hierarchy?_t=1773381012520 [32m200[0m 26.601 ms - 778[0m
2026-03-13 11:20 +05:30: [0mGET /api/templates [36m304[0m 7.307 ms - -[0m
2026-03-13 11:20 +05:30: [0mGET /api/pages/my-pages-hierarchy?_t=1773381012523 [32m200[0m 25.720 ms - 778[0m
2026-03-13 11:20 +05:30: [0mGET /api/templates/1 [32m200[0m 6.787 ms - 663[0m
2026-03-13 11:20 +05:30: [0mGET /api/pages/my-pages-hierarchy?_t=1773381016392 [32m200[0m 21.883 ms - 778[0m
2026-03-13 11:20 +05:30: [0mGET /api/templates/1 [36m304[0m 5.855 ms - -[0m
2026-03-13 11:20 +05:30: [0mGET /api/pages/my-pages-hierarchy?_t=1773381016395 [32m200[0m 21.798 ms - 778[0m
2026-03-13 11:20 +05:30: [0mGET /api/lines [36m304[0m 4.607 ms - -[0m
2026-03-13 11:20 +05:30: [0mGET /api/lines [36m304[0m 1.732 ms - -[0m
2026-03-13 11:20 +05:30: [0mGET /api/pages/my-pages-hierarchy?_t=1773381028003 [32m200[0m 15.906 ms - 778[0m
2026-03-13 11:20 +05:30: [0mGET /api/templates [36m304[0m 7.561 ms - -[0m
2026-03-13 11:20 +05:30: [0mGET /api/templates [36m304[0m 5.102 ms - -[0m
2026-03-13 11:20 +05:30: [0mGET /api/pages/my-pages-hierarchy?_t=1773381028005 [32m200[0m 15.871 ms - 778[0m
2026-03-13 11:20 +05:30: [0mGET /api/pages/my-pages-hierarchy?_t=1773381029959 [32m200[0m 24.723 ms - 778[0m
2026-03-13 11:20 +05:30: [0mGET /api/audit [36m304[0m 21.640 ms - -[0m
2026-03-13 11:20 +05:30: [0mGET /api/pages/my-pages-hierarchy?_t=1773381029961 [32m200[0m 28.869 ms - 778[0m
2026-03-13 11:20 +05:30: [0mGET /api/audit [36m304[0m 13.719 ms - -[0m
2026-03-13 11:20 +05:30: [0mGET /api/pages/my-pages-hierarchy?_t=1773381035958 [32m200[0m 33.344 ms - 778[0m
2026-03-13 11:20 +05:30: [0mGET /api/templates [36m304[0m 10.680 ms - -[0m
2026-03-13 11:20 +05:30: [0mGET /api/pages/my-pages-hierarchy?_t=1773381035961 [32m200[0m 23.433 ms - 778[0m
2026-03-13 11:20 +05:30: [0mGET /api/templates [36m304[0m 4.682 ms - -[0m
2026-03-13 11:20 +05:30: [0mGET /api/templates/5 [36m304[0m 7.981 ms - -[0m
2026-03-13 11:20 +05:30: [0mGET /api/pages/my-pages-hierarchy?_t=1773381039716 [32m200[0m 24.934 ms - 778[0m
2026-03-13 11:20 +05:30: [0mGET /api/templates/5 [36m304[0m 7.205 ms - -[0m
2026-03-13 11:20 +05:30: [0mGET /api/pages/my-pages-hierarchy?_t=1773381039719 [32m200[0m 24.311 ms - 778[0m
2026-03-13 11:20 +05:30: [0mGET /api/stations [36m304[0m 3.580 ms - -[0m
2026-03-13 11:20 +05:30: [0mGET /api/stations [36m304[0m 3.189 ms - -[0m
2026-03-13 11:20 +05:30: [0mGET /api/templates/5 [36m304[0m 2.119 ms - -[0m
2026-03-13 11:20 +05:30: [0mGET /api/stations [36m304[0m 1.903 ms - -[0m
2026-03-13 11:20 +05:30: [0mGET /api/pages/my-pages-hierarchy?_t=1773381047644 [32m200[0m 25.544 ms - 778[0m
2026-03-13 11:20 +05:30: [0mGET /api/audit [36m304[0m 26.522 ms - -[0m
2026-03-13 11:20 +05:30: [0mGET /api/pages/my-pages-hierarchy?_t=1773381047647 [32m200[0m 23.425 ms - 778[0m
2026-03-13 11:20 +05:30: [0mGET /api/audit [36m304[0m 12.109 ms - -[0m
2026-03-13 11:20 +05:30: [0mGET /api/lines [36m304[0m 9.100 ms - -[0m
2026-03-13 11:20 +05:30: [0mGET /api/pages/my-pages-hierarchy?_t=1773381052898 [32m200[0m 25.187 ms - 778[0m
2026-03-13 11:20 +05:30: [0mGET /api/lines [36m304[0m 8.028 ms - -[0m
2026-03-13 11:20 +05:30: [0mGET /api/pages/my-pages-hierarchy?_t=1773381052900 [32m200[0m 24.901 ms - 778[0m
2026-03-13 11:20 +05:30: [0mGET /api/stations [36m304[0m 4.001 ms - -[0m
2026-03-13 11:20 +05:30: [0mGET /api/templates?entity_type=station&entity_id=2 [36m304[0m 3.646 ms - -[0m
2026-03-13 11:20 +05:30: [0mGET /api/inspection_slots [36m304[0m 6.615 ms - -[0m
2026-03-13 11:20 +05:30: [0mGET /api/templates?entity_type=station&entity_id=2 [36m304[0m 6.375 ms - -[0m
2026-03-13 11:20 +05:30: [0mGET /api/pages/my-pages-hierarchy?_t=1773381059939 [32m200[0m 18.989 ms - 778[0m
2026-03-13 11:20 +05:30: [0mGET /api/templates?entity_type=station&entity_id=2 [36m304[0m 5.364 ms - -[0m
2026-03-13 11:20 +05:30: [0mGET /api/pages/my-pages-hierarchy?_t=1773381059941 [32m200[0m 17.766 ms - 778[0m
2026-03-13 11:24 +05:30: [0mGET /api/templates [36m304[0m 7.861 ms - -[0m
2026-03-13 11:24 +05:30: [0mGET /api/pages/my-pages-hierarchy?_t=1773381275533 [32m200[0m 32.864 ms - 778[0m
2026-03-13 11:24 +05:30: [0mGET /api/pages/my-pages-hierarchy?_t=1773381275536 [32m200[0m 24.312 ms - 778[0m
2026-03-13 11:24 +05:30: [0mGET /api/templates [36m304[0m 12.557 ms - -[0m
2026-03-13 11:24 +05:30: [0mGET /api/templates/5 [36m304[0m 4.526 ms - -[0m
2026-03-13 11:24 +05:30: [0mGET /api/pages/my-pages-hierarchy?_t=1773381279688 [32m200[0m 14.789 ms - 778[0m
2026-03-13 11:24 +05:30: [0mGET /api/pages/my-pages-hierarchy?_t=1773381279685 [32m200[0m 19.995 ms - 778[0m
2026-03-13 11:24 +05:30: [0mGET /api/templates/5 [36m304[0m 10.080 ms - -[0m
2026-03-13 11:24 +05:30: [0mGET /api/stations [36m304[0m 3.209 ms - -[0m
2026-03-13 11:24 +05:30: [0mGET /api/stations [36m304[0m 2.151 ms - -[0m
2026-03-13 11:24 +05:30: [0mGET /api/templates/5 [36m304[0m 2.190 ms - -[0m
2026-03-13 11:24 +05:30: [0mGET /api/stations [36m304[0m 4.452 ms - -[0m
2026-03-13 11:26 +05:30: [0mGET /api/templates/5 [36m304[0m 19.934 ms - -[0m
2026-03-13 11:26 +05:30: [0mGET /api/stations [36m304[0m 2.344 ms - -[0m
2026-03-13 11:27 +05:30: [0mGET /api/templates [36m304[0m 6.920 ms - -[0m
2026-03-13 11:27 +05:30: [0mGET /api/pages/my-pages-hierarchy?_t=1773381446627 [32m200[0m 32.619 ms - 778[0m
2026-03-13 11:27 +05:30: [0mGET /api/pages/my-pages-hierarchy?_t=1773381446630 [32m200[0m 33.504 ms - 778[0m
2026-03-13 11:27 +05:30: [0mGET /api/templates [36m304[0m 11.063 ms - -[0m
2026-03-13 11:27 +05:30: [0mGET /api/templates [36m304[0m 7.515 ms - -[0m
2026-03-13 11:27 +05:30: [0mGET /api/templates [36m304[0m 3.694 ms - -[0m
2026-03-13 11:27 +05:30: [0mGET /api/pages/my-pages-hierarchy?_t=1773381449283 [32m200[0m 19.188 ms - 778[0m
2026-03-13 11:27 +05:30: [0mGET /api/pages/my-pages-hierarchy?_t=1773381449290 [32m200[0m 16.127 ms - 778[0m
2026-03-13 11:27 +05:30: [0mGET /api/templates/5 [36m304[0m 4.778 ms - -[0m
2026-03-13 11:27 +05:30: [0mGET /api/pages/my-pages-hierarchy?_t=1773381451236 [32m200[0m 18.854 ms - 778[0m
2026-03-13 11:27 +05:30: [0mGET /api/pages/my-pages-hierarchy?_t=1773381451238 [32m200[0m 16.338 ms - 778[0m
2026-03-13 11:27 +05:30: [0mGET /api/templates/5 [36m304[0m 10.380 ms - -[0m
2026-03-13 11:27 +05:30: [0mGET /api/stations [36m304[0m 5.054 ms - -[0m
2026-03-13 11:27 +05:30: [0mGET /api/stations [36m304[0m 1.594 ms - -[0m
2026-03-13 11:27 +05:30: [0mGET /api/templates/5 [36m304[0m 1.272 ms - -[0m
2026-03-13 11:27 +05:30: [0mGET /api/stations [36m304[0m 1.797 ms - -[0m
2026-03-13 11:27 +05:30: [0mGET /api/templates [36m304[0m 5.252 ms - -[0m
2026-03-13 11:27 +05:30: [0mGET /api/pages/my-pages-hierarchy?_t=1773381455984 [32m200[0m 14.839 ms - 778[0m
2026-03-13 11:27 +05:30: [0mGET /api/pages/my-pages-hierarchy?_t=1773381455979 [32m200[0m 21.088 ms - 778[0m
2026-03-13 11:27 +05:30: [0mGET /api/templates [36m304[0m 4.372 ms - -[0m
2026-03-13 11:28 +05:30: [0mGET /api/pages/my-pages-hierarchy?_t=1773381505232 [32m200[0m 23.410 ms - 778[0m
2026-03-13 11:28 +05:30: [0mGET /api/pages/my-pages-hierarchy?_t=1773381505235 [32m200[0m 24.685 ms - 778[0m
2026-03-13 11:28 +05:30: [0mGET /api/audit [36m304[0m 24.207 ms - -[0m
2026-03-13 11:28 +05:30: [0mGET /api/audit [36m304[0m 8.328 ms - -[0m
2026-03-13 11:28 +05:30: [0mGET /api/lines [36m304[0m 7.674 ms - -[0m
2026-03-13 11:28 +05:30: [0mGET /api/pages/my-pages-hierarchy?_t=1773381507048 [32m200[0m 21.107 ms - 778[0m
2026-03-13 11:28 +05:30: [0mGET /api/lines [36m304[0m 7.144 ms - -[0m
2026-03-13 11:28 +05:30: [0mGET /api/pages/my-pages-hierarchy?_t=1773381507050 [32m200[0m 17.879 ms - 778[0m
2026-03-13 11:28 +05:30: [0mGET /api/stations [36m304[0m 2.212 ms - -[0m
2026-03-13 11:28 +05:30: [0mGET /api/inspection_slots [36m304[0m 6.184 ms - -[0m
2026-03-13 11:28 +05:30: [0mGET /api/templates?entity_type=station&entity_id=1 [32m200[0m 3.145 ms - -[0m
2026-03-13 11:28 +05:30: [0mGET /api/templates?entity_type=station&entity_id=1 [36m304[0m 9.160 ms - -[0m
2026-03-13 11:28 +05:30: [0mGET /api/pages/my-pages-hierarchy?_t=1773381514752 [32m200[0m 30.858 ms - 778[0m
2026-03-13 11:28 +05:30: [0mGET /api/templates?entity_type=station&entity_id=1 [36m304[0m 8.005 ms - -[0m
2026-03-13 11:28 +05:30: [0mGET /api/pages/my-pages-hierarchy?_t=1773381514755 [32m200[0m 28.087 ms - 778[0m
2026-03-13 11:28 +05:30: [0mGET /api/lines [36m304[0m 5.412 ms - -[0m
2026-03-13 11:28 +05:30: [0mGET /api/pages/my-pages-hierarchy?_t=1773381521651 [32m200[0m 17.996 ms - 778[0m
2026-03-13 11:28 +05:30: [0mGET /api/pages/my-pages-hierarchy?_t=1773381521654 [32m200[0m 19.593 ms - 778[0m
2026-03-13 11:28 +05:30: [0mGET /api/lines [36m304[0m 4.587 ms - -[0m
2026-03-13 11:28 +05:30: [0mGET /api/templates [36m304[0m 10.893 ms - -[0m
2026-03-13 11:28 +05:30: [0mGET /api/pages/my-pages-hierarchy?_t=1773381527967 [32m200[0m 36.733 ms - 778[0m
2026-03-13 11:28 +05:30: [0mGET /api/pages/my-pages-hierarchy?_t=1773381527970 [32m200[0m 41.863 ms - 778[0m
2026-03-13 11:28 +05:30: [0mGET /api/templates [36m304[0m 13.119 ms - -[0m
2026-03-13 11:30 +05:30: [0mGET /api/lines [36m304[0m 9.268 ms - -[0m
2026-03-13 11:30 +05:30: [0mGET /api/pages/my-pages-hierarchy?_t=1773381608287 [32m200[0m 33.461 ms - 778[0m
2026-03-13 11:30 +05:30: [0mGET /api/lines [36m304[0m 14.652 ms - -[0m
2026-03-13 11:30 +05:30: [0mGET /api/pages/my-pages-hierarchy?_t=1773381608292 [32m200[0m 34.772 ms - 778[0m
2026-03-13 11:30 +05:30: [0mGET /api/lines [36m304[0m 7.489 ms - -[0m
2026-03-13 11:30 +05:30: [0mGET /api/lines [36m304[0m 4.015 ms - -[0m
2026-03-13 11:30 +05:30: [0mGET /api/pages/my-pages-hierarchy?_t=1773381615631 [32m200[0m 24.432 ms - 778[0m
2026-03-13 11:30 +05:30: [0mGET /api/templates [36m304[0m 8.820 ms - -[0m
2026-03-13 11:30 +05:30: [0mGET /api/templates [36m304[0m 5.797 ms - -[0m
2026-03-13 11:30 +05:30: [0mGET /api/pages/my-pages-hierarchy?_t=1773381615633 [32m200[0m 22.981 ms - 778[0m
2026-03-13 11:30 +05:30: [0mGET /api/templates/5 [36m304[0m 7.007 ms - -[0m
2026-03-13 11:30 +05:30: [0mGET /api/pages/my-pages-hierarchy?_t=1773381617646 [32m200[0m 19.462 ms - 778[0m
2026-03-13 11:30 +05:30: [0mGET /api/templates/5 [36m304[0m 5.877 ms - -[0m
2026-03-13 11:30 +05:30: [0mGET /api/pages/my-pages-hierarchy?_t=1773381617650 [32m200[0m 21.096 ms - 778[0m
2026-03-13 11:30 +05:30: [0mGET /api/stations [36m304[0m 3.248 ms - -[0m
2026-03-13 11:30 +05:30: [0mGET /api/stations [36m304[0m 1.618 ms - -[0m
2026-03-13 11:30 +05:30: [0mGET /api/templates/5 [36m304[0m 1.842 ms - -[0m
2026-03-13 11:30 +05:30: [0mGET /api/stations [36m304[0m 1.270 ms - -[0m
2026-03-13 11:33 +05:30: [0mGET /api/templates/5 [36m304[0m 18.364 ms - -[0m
2026-03-13 11:33 +05:30: [0mGET /api/stations [36m304[0m 2.657 ms - -[0m
2026-03-13 11:33 +05:30: [0mGET /api/pages/my-pages-hierarchy?_t=1773381788468 [32m200[0m 38.044 ms - 778[0m
2026-03-13 11:33 +05:30: [0mGET /api/pages/my-pages-hierarchy?_t=1773381788472 [32m200[0m 34.445 ms - 778[0m
2026-03-13 11:33 +05:30: [0mGET /api/audit [36m304[0m 31.654 ms - -[0m
2026-03-13 11:33 +05:30: [0mGET /api/audit [36m304[0m 11.754 ms - -[0m
2026-03-13 11:33 +05:30: [0mGET /api/audit/5 [36m304[0m 13.380 ms - -[0m
2026-03-13 11:33 +05:30: [0mGET /api/pages/my-pages-hierarchy?_t=1773381790804 [32m200[0m 24.398 ms - 778[0m
2026-03-13 11:33 +05:30: [0mGET /api/pages/my-pages-hierarchy?_t=1773381790809 [32m200[0m 21.379 ms - 778[0m
2026-03-13 11:33 +05:30: [0mGET /api/audit/5 [36m304[0m 9.922 ms - -[0m
2026-03-13 11:33 +05:30: [0mGET /api/templates/5 [36m304[0m 2.655 ms - -[0m
2026-03-13 11:33 +05:30: [0mGET /api/templates/5 [36m304[0m 2.204 ms - -[0m
2026-03-13 11:33 +05:30: [0mGET /uploads/12032026185745_86.jpg [36m304[0m 3.535 ms - -[0m
2026-03-13 11:33 +05:30: [0mGET /api/audit [36m304[0m 20.017 ms - -[0m
2026-03-13 11:33 +05:30: [0mGET /api/pages/my-pages-hierarchy?_t=1773381792901 [32m200[0m 19.804 ms - 778[0m
2026-03-13 11:33 +05:30: [0mGET /api/pages/my-pages-hierarchy?_t=1773381792903 [32m200[0m 18.407 ms - 778[0m
2026-03-13 11:33 +05:30: [0mGET /api/audit [36m304[0m 8.137 ms - -[0m
2026-03-13 11:33 +05:30: [0mGET /api/lines [36m304[0m 7.434 ms - -[0m
2026-03-13 11:33 +05:30: [0mGET /api/pages/my-pages-hierarchy?_t=1773381794024 [32m200[0m 20.704 ms - 778[0m
2026-03-13 11:33 +05:30: [0mGET /api/lines [36m304[0m 7.123 ms - -[0m
2026-03-13 11:33 +05:30: [0mGET /api/pages/my-pages-hierarchy?_t=1773381794026 [32m200[0m 17.039 ms - 778[0m
2026-03-13 11:33 +05:30: [0mGET /api/stations [36m304[0m 3.588 ms - -[0m
2026-03-13 11:33 +05:30: [0mGET /api/templates?entity_type=station&entity_id=2 [36m304[0m 3.565 ms - -[0m
2026-03-13 11:33 +05:30: [0mGET /api/inspection_slots [36m304[0m 7.026 ms - -[0m
2026-03-13 11:33 +05:30: [0mGET /api/templates?entity_type=station&entity_id=2 [36m304[0m 5.236 ms - -[0m
2026-03-13 11:33 +05:30: [0mGET /api/pages/my-pages-hierarchy?_t=1773381800965 [32m200[0m 9.572 ms - 778[0m
2026-03-13 11:33 +05:30: [0mGET /api/templates?entity_type=station&entity_id=2 [36m304[0m 6.570 ms - -[0m
2026-03-13 11:33 +05:30: [0mGET /api/pages/my-pages-hierarchy?_t=1773381800968 [32m200[0m 17.379 ms - 778[0m
2026-03-13 11:39 +05:30: [0mPOST /api/audit [32m200[0m 99.571 ms - 55[0m
2026-03-13 11:39 +05:30: [0mGET /api/pages/my-pages-hierarchy?_t=1773382172913 [32m200[0m 15.267 ms - 778[0m
2026-03-13 11:39 +05:30: [0mGET /api/pages/my-pages-hierarchy?_t=1773382172908 [32m200[0m 22.468 ms - 778[0m
2026-03-13 11:39 +05:30: [0mGET /api/audit [32m200[0m 24.345 ms - -[0m
2026-03-13 11:39 +05:30: [0mGET /api/audit [36m304[0m 10.994 ms - -[0m
2026-03-13 11:39 +05:30: [0mGET /api/audit/6 [32m200[0m 9.156 ms - 777[0m
2026-03-13 11:39 +05:30: [0mGET /api/pages/my-pages-hierarchy?_t=1773382176455 [32m200[0m 19.442 ms - 778[0m
2026-03-13 11:39 +05:30: [0mGET /api/pages/my-pages-hierarchy?_t=1773382176460 [32m200[0m 16.813 ms - 778[0m
2026-03-13 11:39 +05:30: [0mGET /api/audit/6 [36m304[0m 8.078 ms - -[0m
2026-03-13 11:39 +05:30: [0mGET /api/templates/5 [36m304[0m 5.070 ms - -[0m
2026-03-13 11:39 +05:30: [0mGET /api/templates/5 [36m304[0m 1.842 ms - -[0m
2026-03-13 11:40 +05:30: [0mGET /api/audit/6 [36m304[0m 32.428 ms - -[0m
2026-03-13 11:40 +05:30: [0mGET /api/pages/my-pages-hierarchy?_t=1773382256943 [32m200[0m 24.009 ms - 778[0m
2026-03-13 11:40 +05:30: [0mGET /api/pages/my-pages-hierarchy?_t=1773382256939 [32m200[0m 54.248 ms - 778[0m
2026-03-13 11:40 +05:30: [0mGET /api/audit/6 [36m304[0m 21.691 ms - -[0m
2026-03-13 11:40 +05:30: [0mGET /api/templates/5 [36m304[0m 5.124 ms - -[0m
2026-03-13 11:40 +05:30: [0mGET /api/templates/5 [36m304[0m 4.301 ms - -[0m
2026-03-13 11:41 +05:30: [0mGET /api/audit/6 [36m304[0m 24.066 ms - -[0m
2026-03-13 11:41 +05:30: [0mGET /api/pages/my-pages-hierarchy?_t=1773382264307 [32m200[0m 34.433 ms - 778[0m
2026-03-13 11:41 +05:30: [0mGET /api/pages/my-pages-hierarchy?_t=1773382264314 [32m200[0m 33.361 ms - 778[0m
2026-03-13 11:41 +05:30: [0mGET /api/audit/6 [36m304[0m 21.673 ms - -[0m
2026-03-13 11:41 +05:30: [0mGET /api/templates/5 [36m304[0m 2.471 ms - -[0m
2026-03-13 11:41 +05:30: [0mGET /api/templates/5 [36m304[0m 2.602 ms - -[0m
2026-03-13 11:43 +05:30: [0mGET /api/audit/6 [36m304[0m 32.226 ms - -[0m
2026-03-13 11:43 +05:30: [0mGET /api/pages/my-pages-hierarchy?_t=1773382435891 [32m200[0m 44.978 ms - 778[0m
2026-03-13 11:43 +05:30: [0mGET /api/pages/my-pages-hierarchy?_t=1773382435908 [32m200[0m 30.420 ms - 778[0m
2026-03-13 11:43 +05:30: [0mGET /api/audit/6 [36m304[0m 11.689 ms - -[0m
2026-03-13 11:43 +05:30: [0mGET /api/templates/5 [36m304[0m 3.839 ms - -[0m
2026-03-13 11:43 +05:30: [0mGET /api/templates/5 [36m304[0m 3.569 ms - -[0m
2026-03-13 11:43 +05:30: [0mGET /uploads/13032026113932_105.jpg [32m200[0m 10.282 ms - 51281[0m
2026-03-13 11:44 +05:30: [0mGET /api/pages/my-pages-hierarchy?_t=1773382464762 [32m200[0m 43.530 ms - 778[0m
2026-03-13 11:44 +05:30: [0mGET /api/audit [36m304[0m 38.879 ms - -[0m
2026-03-13 11:44 +05:30: [0mGET /api/pages/my-pages-hierarchy?_t=1773382464770 [32m200[0m 37.519 ms - 778[0m
2026-03-13 11:44 +05:30: [0mGET /api/audit [36m304[0m 13.507 ms - -[0m
2026-03-13 11:44 +05:30: [0mGET /api/audit/6 [36m304[0m 20.632 ms - -[0m
2026-03-13 11:44 +05:30: [0mGET /api/pages/my-pages-hierarchy?_t=1773382467543 [32m200[0m 23.520 ms - 778[0m
2026-03-13 11:44 +05:30: [0mGET /api/pages/my-pages-hierarchy?_t=1773382467535 [32m200[0m 61.045 ms - 778[0m
2026-03-13 11:44 +05:30: [0mGET /api/audit/6 [36m304[0m 25.686 ms - -[0m
2026-03-13 11:44 +05:30: [0mGET /api/templates/5 [36m304[0m 3.140 ms - -[0m
2026-03-13 11:44 +05:30: [0mGET /api/templates/5 [36m304[0m 3.799 ms - -[0m
2026-03-13 11:46 +05:30: [0mGET /api/pages/my-pages-hierarchy?_t=1773382571971 [32m200[0m 27.772 ms - 778[0m
2026-03-13 11:46 +05:30: [0mGET /api/pages/my-pages-hierarchy?_t=1773382571968 [32m200[0m 36.199 ms - 778[0m
2026-03-13 11:46 +05:30: [0mGET /api/audit [36m304[0m 31.182 ms - -[0m
2026-03-13 11:46 +05:30: [0mGET /api/audit [36m304[0m 10.053 ms - -[0m
2026-03-13 11:56 +05:30: [0mGET /api/pages/my-pages-hierarchy?_t=1773383193990 [32m200[0m 35.382 ms - 778[0m
2026-03-13 11:56 +05:30: [0mGET /api/audit?auditor_id=1 [32m200[0m 31.581 ms - -[0m
2026-03-13 11:56 +05:30: [0mGET /api/pages/my-pages-hierarchy?_t=1773383199216 [32m200[0m 16.137 ms - 778[0m
2026-03-13 11:56 +05:30: [0mGET /api/audit?auditor_id=1 [36m304[0m 12.338 ms - -[0m
2026-03-13 11:56 +05:30: [0mGET /api/pages/my-pages-hierarchy?_t=1773383204975 [32m200[0m 59.364 ms - 778[0m
2026-03-13 11:56 +05:30: [0mGET /api/audit?auditor_id=1 [36m304[0m 65.878 ms - -[0m
2026-03-13 11:56 +05:30: [0mGET /api/pages/my-pages-hierarchy?_t=1773383204988 [32m200[0m 55.163 ms - 778[0m
2026-03-13 11:56 +05:30: [0mGET /api/audit?auditor_id=1 [36m304[0m 36.164 ms - -[0m
2026-03-13 11:56 +05:30: [0mGET /api/pages/my-pages-hierarchy?_t=1773383210067 [32m200[0m 42.133 ms - 778[0m
2026-03-13 11:56 +05:30: [0mGET /api/audit?auditor_id=1 [36m304[0m 45.584 ms - -[0m
2026-03-13 11:56 +05:30: [0mGET /api/pages/my-pages-hierarchy?_t=1773383210081 [32m200[0m 39.823 ms - 778[0m
2026-03-13 11:56 +05:30: [0mGET /api/audit?auditor_id=1 [36m304[0m 25.509 ms - -[0m
2026-03-13 11:57 +05:30: [0mGET /api/pages/my-pages-hierarchy?_t=1773383233889 [32m200[0m 21.584 ms - 778[0m
2026-03-13 11:57 +05:30: [0mGET /api/audit?auditor_id=1 [36m304[0m 15.284 ms - -[0m
2026-03-13 11:57 +05:30: [0mGET /api/pages/my-pages-hierarchy?_t=1773383233907 [32m200[0m 13.014 ms - 778[0m
2026-03-13 11:57 +05:30: [0mGET /api/audit?auditor_id=1 [36m304[0m 15.359 ms - -[0m
2026-03-13 11:57 +05:30: [0mGET /api/inspection_slots [36m304[0m 21.086 ms - -[0m
2026-03-13 11:57 +05:30: [0mGET /api/audit?status=action-required&auditor_id=1 [32m200[0m 9.064 ms - -[0m
2026-03-13 11:57 +05:30: [0mGET /api/inspection_slots [36m304[0m 5.660 ms - -[0m
2026-03-13 11:57 +05:30: [0mGET /api/audit?auditor_id=1 [36m304[0m 8.782 ms - -[0m
2026-03-13 11:57 +05:30: [0mGET /api/inspection_slots [36m304[0m 11.875 ms - -[0m
2026-03-13 12:00 +05:30: [0mGET /api/audit?auditor_id=1 [36m304[0m 40.312 ms - -[0m
2026-03-13 12:00 +05:30: [0mGET /api/inspection_slots [32m200[0m 14.976 ms - -[0m
2026-03-13 12:00 +05:30: [0mGET /api/audit?status=action-required&auditor_id=1 [36m304[0m 23.984 ms - -[0m
2026-03-13 12:00 +05:30: [0mGET /api/audit?auditor_id=1 [36m304[0m 13.621 ms - -[0m
2026-03-13 12:00 +05:30: [0mGET /api/inspection_slots [36m304[0m 5.432 ms - -[0m
2026-03-13 12:00 +05:30: [0mGET /api/audit?status=action-required&auditor_id=1 [36m304[0m 16.164 ms - -[0m
2026-03-13 12:03 +05:30: [0mGET /api/pages/my-pages-hierarchy?_t=1773383585646 [32m200[0m 96.158 ms - 778[0m
2026-03-13 12:03 +05:30: [0mGET /api/audit/6 [36m304[0m 83.459 ms - -[0m
2026-03-13 12:03 +05:30: [0mGET /api/pages/my-pages-hierarchy?_t=1773383585654 [32m200[0m 100.693 ms - 778[0m
2026-03-13 12:03 +05:30: [0mGET /api/audit/6 [36m304[0m 16.918 ms - -[0m
2026-03-13 12:03 +05:30: [0mGET /api/templates/5 [36m304[0m 23.628 ms - -[0m
2026-03-13 12:03 +05:30: [0mGET /api/templates/5 [36m304[0m 2.320 ms - -[0m
2026-03-13 12:03 +05:30: [0mGET /uploads/13032026113932_105.jpg [36m304[0m 7.668 ms - -[0m
2026-03-13 12:03 +05:30: [0mGET /api/pages/my-pages-hierarchy?_t=1773383591983 [32m200[0m 48.478 ms - 778[0m
2026-03-13 12:03 +05:30: [0mGET /api/pages/my-pages-hierarchy?_t=1773383591987 [32m200[0m 43.679 ms - 778[0m
2026-03-13 12:03 +05:30: [0mGET /api/audit?auditor_id=1 [36m304[0m 46.226 ms - -[0m
2026-03-13 12:03 +05:30: [0mGET /api/audit?auditor_id=1 [36m304[0m 67.322 ms - -[0m
2026-03-13 12:06 +05:30: [0mGET /api/audit?auditor_id=9 [32m200[0m 14.852 ms - 52[0m
2026-03-13 12:06 +05:30: [0mGET /api/pages/my-pages-hierarchy?_t=1773383799390 [32m200[0m 26.747 ms - 969[0m
2026-03-13 12:06 +05:30: [0mGET /api/pages/my-pages-hierarchy?_t=1773383799393 [32m200[0m 15.727 ms - 969[0m
2026-03-13 12:06 +05:30: [0mGET /api/audit?auditor_id=9 [36m304[0m 9.783 ms - -[0m
2026-03-13 12:06 +05:30: requireAssignedPages check for user: userName (ID: 9), roles: testUser
2026-03-13 12:06 +05:30: [0mGET /api/roles/simple [32m200[0m 91.057 ms - 410[0m
2026-03-13 12:06 +05:30: User has 4 assigned pages
2026-03-13 12:06 +05:30: Access granted: User has assigned pages
2026-03-13 12:06 +05:30: [0mGET /api/pages/my-pages-hierarchy?_t=1773383808359 [32m200[0m 156.963 ms - 969[0m
2026-03-13 12:06 +05:30: User 9 has 4 assigned pages
2026-03-13 12:06 +05:30: Granting view_user permission to user with assigned pages
2026-03-13 12:06 +05:30: Access granted for userName: view_user
2026-03-13 12:06 +05:30: [0mGET /api/pages/my-pages-hierarchy?_t=1773383808364 [32m200[0m 43.628 ms - 969[0m
2026-03-13 12:06 +05:30: [0mGET /api/roles/simple [36m304[0m 34.925 ms - -[0m
2026-03-13 12:06 +05:30: [0mGET /api/users?page=1&limit=10&search= [32m200[0m 173.187 ms - -[0m
2026-03-13 12:06 +05:30: requireAssignedPages check for user: userName (ID: 9), roles: testUser
2026-03-13 12:06 +05:30: User has 4 assigned pages
2026-03-13 12:06 +05:30: Access granted: User has assigned pages
2026-03-13 12:06 +05:30: User 9 has 4 assigned pages
2026-03-13 12:06 +05:30: Granting view_user permission to user with assigned pages
2026-03-13 12:06 +05:30: Access granted for userName: view_user
2026-03-13 12:06 +05:30: [0mGET /api/users?page=1&limit=10&search= [36m304[0m 22.562 ms - -[0m
2026-03-13 12:07 +05:30: [0mGET /api/audit?auditor_id=9 [36m304[0m 59.526 ms - -[0m
2026-03-13 12:07 +05:30: [0mGET /api/pages/my-pages-hierarchy?_t=1773383827396 [32m200[0m 81.695 ms - 969[0m
2026-03-13 12:07 +05:30: [0mGET /api/pages/my-pages-hierarchy?_t=1773383827400 [32m200[0m 95.023 ms - 969[0m
2026-03-13 12:07 +05:30: [0mGET /api/audit?auditor_id=9 [36m304[0m 55.075 ms - -[0m
2026-03-13 12:07 +05:30: [0mGET /api/inspection_slots [32m200[0m 19.120 ms - -[0m
2026-03-13 12:07 +05:30: [0mGET /api/audit?status=action-required&auditor_id=9 [32m200[0m 20.890 ms - 52[0m
2026-03-13 12:07 +05:30: [0mGET /api/inspection_slots [36m304[0m 10.138 ms - -[0m
2026-03-13 12:07 +05:30: [0mGET /api/lines [36m304[0m 18.374 ms - -[0m
2026-03-13 12:07 +05:30: [0mGET /api/pages/my-pages-hierarchy?_t=1773383834980 [32m200[0m 47.736 ms - 969[0m
2026-03-13 12:07 +05:30: [0mGET /api/pages/my-pages-hierarchy?_t=1773383834983 [32m200[0m 57.862 ms - 969[0m
2026-03-13 12:07 +05:30: [0mGET /api/lines [36m304[0m 20.964 ms - -[0m
2026-03-13 12:07 +05:30: [0mGET /api/stations [32m200[0m 11.316 ms - 267[0m
2026-03-13 12:07 +05:30: [0mGET /api/inspection_slots [36m304[0m 36.698 ms - -[0m
2026-03-13 12:07 +05:30: [0mGET /api/templates?entity_type=station&entity_id=2 [32m200[0m 35.715 ms - -[0m
2026-03-13 12:07 +05:30: [0mGET /api/templates?entity_type=station&entity_id=2 [36m304[0m 20.807 ms - -[0m
2026-03-13 12:07 +05:30: [0mGET /api/templates?entity_type=station&entity_id=2 [36m304[0m 10.190 ms - -[0m
2026-03-13 12:07 +05:30: [0mGET /api/pages/my-pages-hierarchy?_t=1773383843651 [32m200[0m 48.659 ms - 969[0m
2026-03-13 12:07 +05:30: [0mGET /api/pages/my-pages-hierarchy?_t=1773383843654 [32m200[0m 30.573 ms - 969[0m
2026-03-13 12:08 +05:30: [0mPOST /api/audit [32m200[0m 69.775 ms - 55[0m
2026-03-13 12:08 +05:30: [0mGET /api/audit?auditor_id=9 [32m200[0m 15.190 ms - 331[0m
2026-03-13 12:08 +05:30: [0mGET /api/pages/my-pages-hierarchy?_t=1773383908085 [32m200[0m 24.737 ms - 969[0m
2026-03-13 12:08 +05:30: [0mGET /api/pages/my-pages-hierarchy?_t=1773383908087 [32m200[0m 18.837 ms - 969[0m
2026-03-13 12:08 +05:30: [0mGET /api/audit?auditor_id=9 [36m304[0m 7.906 ms - -[0m
2026-03-13 12:08 +05:30: [0mGET /api/inspection_slots [36m304[0m 15.242 ms - -[0m
2026-03-13 12:08 +05:30: [0mGET /api/audit?status=action-required&auditor_id=9 [32m200[0m 37.619 ms - 331[0m
2026-03-13 12:08 +05:30: [0mGET /api/audit?auditor_id=9 [36m304[0m 10.957 ms - -[0m
2026-03-13 12:08 +05:30: [0mGET /api/audit/7 [32m200[0m 22.903 ms - 785[0m
2026-03-13 12:08 +05:30: [0mGET /api/pages/my-pages-hierarchy?_t=1773383919631 [32m200[0m 34.712 ms - 969[0m
2026-03-13 12:08 +05:30: [0mGET /api/pages/my-pages-hierarchy?_t=1773383919632 [32m200[0m 38.493 ms - 969[0m
2026-03-13 12:08 +05:30: [0mGET /api/audit/7 [36m304[0m 20.927 ms - -[0m
2026-03-13 12:08 +05:30: [0mGET /api/templates/5 [32m200[0m 5.829 ms - -[0m
2026-03-13 12:08 +05:30: [0mGET /api/templates/5 [36m304[0m 2.737 ms - -[0m
2026-03-13 12:08 +05:30: [0mGET /uploads/13032026120827_356.jpg [32m200[0m 2.025 ms - 57542[0m
2026-03-13 12:08 +05:30: [0mGET /api/audit?auditor_id=1 [36m304[0m 34.737 ms - -[0m
2026-03-13 12:08 +05:30: [0mGET /api/pages/my-pages-hierarchy?_t=1773383933909 [32m200[0m 55.214 ms - 778[0m
2026-03-13 12:08 +05:30: [0mGET /api/pages/my-pages-hierarchy?_t=1773383933919 [32m200[0m 68.573 ms - 778[0m
2026-03-13 12:08 +05:30: [0mGET /api/audit?auditor_id=1 [36m304[0m 33.021 ms - -[0m
2026-03-13 12:09 +05:30: [0mGET /api/inspection_slots [36m304[0m 9.872 ms - -[0m
2026-03-13 12:09 +05:30: [0mGET /api/audit?status=action-required&auditor_id=1 [36m304[0m 11.334 ms - -[0m
2026-03-13 12:09 +05:30: [0mGET /api/audit?auditor_id=1 [36m304[0m 6.793 ms - -[0m
2026-03-13 12:09 +05:30: [0mGET /api/inspection_slots [36m304[0m 13.364 ms - -[0m
2026-03-13 12:09 +05:30: [0mGET /api/audit?status=action-required&auditor_id=1 [36m304[0m 29.556 ms - -[0m
2026-03-13 12:09 +05:30: [0mGET /api/inspection_slots [36m304[0m 4.122 ms - -[0m
2026-03-13 12:11 +05:30: [0mGET /api/inspection_slots [32m200[0m 7.841 ms - -[0m
2026-03-13 12:11 +05:30: [0mGET /api/audit?auditor_id=1 [36m304[0m 12.565 ms - -[0m
2026-03-13 12:11 +05:30: [0mGET /api/audit?auditor_id=1 [36m304[0m 23.775 ms - -[0m
2026-03-13 12:11 +05:30: [0mGET /api/pages/my-pages-hierarchy?_t=1773384080544 [32m200[0m 27.642 ms - 778[0m
2026-03-13 12:11 +05:30: [0mGET /api/pages/my-pages-hierarchy?_t=1773384080551 [32m200[0m 26.695 ms - 778[0m
2026-03-13 12:11 +05:30: [0mGET /api/audit?auditor_id=1 [36m304[0m 26.029 ms - -[0m
2026-03-13 12:11 +05:30: [0mGET /api/inspection_slots [36m304[0m 9.948 ms - -[0m
2026-03-13 12:11 +05:30: [0mGET /api/audit?auditor_id=1 [36m304[0m 36.545 ms - -[0m
2026-03-13 12:13 +05:30: [0mGET /api/pages/my-pages-hierarchy?_t=1773384184510 [32m200[0m 43.975 ms - 778[0m
2026-03-13 12:13 +05:30: [0mGET /api/pages/my-pages-hierarchy?_t=1773384184518 [32m200[0m 41.591 ms - 778[0m
2026-03-13 12:13 +05:30: [0mGET /api/audit [32m200[0m 53.851 ms - -[0m
2026-03-13 12:13 +05:30: [0mGET /api/audit [36m304[0m 70.399 ms - -[0m
2026-03-13 12:14 +05:30: [0mGET /api/inspection_slots [36m304[0m 18.882 ms - -[0m
2026-03-13 12:14 +05:30: [0mGET /api/audit [36m304[0m 12.517 ms - -[0m
2026-03-13 12:14 +05:30: [0mGET /api/inspection_slots [36m304[0m 9.543 ms - -[0m
2026-03-13 12:14 +05:30: [0mGET /api/audit?status=action-required [32m200[0m 12.604 ms - -[0m
2026-03-13 12:14 +05:30: [0mGET /api/inspection_slots [36m304[0m 4.834 ms - -[0m
2026-03-13 12:14 +05:30: [0mGET /api/audit [36m304[0m 27.284 ms - -[0m
2026-03-13 12:15 +05:30: [0mGET /api/audit?auditor_id=9 [36m304[0m 34.524 ms - -[0m
2026-03-13 12:15 +05:30: [0mGET /api/pages/my-pages-hierarchy?_t=1773384305423 [32m200[0m 56.660 ms - 969[0m
2026-03-13 12:15 +05:30: [0mGET /api/pages/my-pages-hierarchy?_t=1773384305426 [32m200[0m 40.973 ms - 969[0m
2026-03-13 12:15 +05:30: [0mGET /api/audit?auditor_id=9 [36m304[0m 31.029 ms - -[0m
2026-03-13 12:15 +05:30: [0mGET /api/audit?auditor_id=9 [36m304[0m 56.498 ms - -[0m
2026-03-13 12:15 +05:30: [0mGET /api/pages/my-pages-hierarchy?_t=1773384309191 [32m200[0m 51.841 ms - 969[0m
2026-03-13 12:15 +05:30: [0mGET /api/pages/my-pages-hierarchy?_t=1773384309199 [32m200[0m 52.788 ms - 969[0m
2026-03-13 12:15 +05:30: [0mGET /api/audit?auditor_id=9 [36m304[0m 28.328 ms - -[0m
2026-03-13 12:15 +05:30: [0mGET /api/inspection_slots [32m200[0m 19.178 ms - -[0m
2026-03-13 12:15 +05:30: [0mGET /api/audit?status=action-required&auditor_id=9 [36m304[0m 18.290 ms - -[0m
2026-03-13 12:15 +05:30: [0mGET /api/audit?auditor_id=9 [36m304[0m 22.022 ms - -[0m
2026-03-13 12:19 +05:30: [0mGET /api/audit?auditor_id=9 [36m304[0m 25.355 ms - -[0m
2026-03-13 12:19 +05:30: [0mGET /api/pages/my-pages-hierarchy?_t=1773384541835 [32m200[0m 49.519 ms - 969[0m
2026-03-13 12:19 +05:30: [0mGET /api/pages/my-pages-hierarchy?_t=1773384544699 [32m200[0m 16.591 ms - 778[0m
2026-03-13 12:19 +05:30: [0mGET /api/audit [36m304[0m 15.142 ms - -[0m
2026-03-13 12:19 +05:30: [0mGET /api/inspection_slots [36m304[0m 9.984 ms - -[0m
2026-03-13 12:19 +05:30: [0mGET /api/audit?status=action-required,draft [32m200[0m 9.410 ms - -[0m
2026-03-13 12:19 +05:30: [0mGET /api/audit [36m304[0m 10.018 ms - -[0m
2026-03-13 12:19 +05:30: [0mGET /api/pages/my-pages-hierarchy?_t=1773384553254 [32m200[0m 15.802 ms - 778[0m
2026-03-13 12:19 +05:30: [0mGET /api/audit?auditor_id=9 [36m304[0m 28.392 ms - -[0m
2026-03-13 12:19 +05:30: [0mGET /api/pages/my-pages-hierarchy?_t=1773384553834 [32m200[0m 38.098 ms - 969[0m
2026-03-13 12:19 +05:30: [0mGET /api/inspection_slots [36m304[0m 8.744 ms - -[0m
2026-03-13 12:19 +05:30: [0mGET /api/audit?status=action-required [36m304[0m 7.332 ms - -[0m
2026-03-13 12:19 +05:30: [0mGET /api/audit [36m304[0m 5.786 ms - -[0m
2026-03-13 12:20 +05:30: [0mGET /api/inspection_slots [36m304[0m 6.996 ms - -[0m
2026-03-13 12:20 +05:30: [0mGET /api/audit?status=action-required [36m304[0m 8.538 ms - -[0m
2026-03-13 12:20 +05:30: [0mGET /api/pages/my-pages-hierarchy?_t=1773384621357 [32m200[0m 9.299 ms - 778[0m
2026-03-13 12:20 +05:30: [0mGET /api/pages/my-pages-hierarchy?_t=1773384621358 [32m200[0m 12.000 ms - 778[0m
2026-03-13 12:20 +05:30: [0mGET /api/audit/7 [32m200[0m 15.654 ms - 785[0m
2026-03-13 12:20 +05:30: [0mGET /api/audit/7 [36m304[0m 5.978 ms - -[0m
2026-03-13 12:20 +05:30: [0mGET /api/templates/5 [36m304[0m 9.841 ms - -[0m
2026-03-13 12:20 +05:30: [0mGET /api/templates/5 [36m304[0m 3.029 ms - -[0m
2026-03-13 12:20 +05:30: [0mGET /uploads/13032026120827_356.jpg [32m200[0m 12.195 ms - 57542[0m
2026-03-13 12:20 +05:30: [0mGET /api/audit [36m304[0m 16.958 ms - -[0m
2026-03-13 12:20 +05:30: [0mGET /api/pages/my-pages-hierarchy?_t=1773384637484 [32m200[0m 15.472 ms - 778[0m
2026-03-13 12:20 +05:30: [0mGET /api/pages/my-pages-hierarchy?_t=1773384637483 [32m200[0m 26.232 ms - 778[0m
2026-03-13 12:20 +05:30: [0mGET /api/audit [36m304[0m 14.912 ms - -[0m
2026-03-13 12:20 +05:30: [0mGET /api/inspection_slots [36m304[0m 5.493 ms - -[0m
2026-03-13 12:20 +05:30: [0mGET /api/audit?status=action-required [36m304[0m 9.066 ms - -[0m
2026-03-13 12:21 +05:30: [0mGET /api/pages/my-pages-hierarchy?_t=1773384688507 [32m200[0m 12.596 ms - 778[0m
2026-03-13 12:21 +05:30: [0mGET /api/pages/my-pages-hierarchy?_t=1773384688509 [32m200[0m 13.806 ms - 778[0m
2026-03-13 12:21 +05:30: [0mGET /api/pages/my-pages-hierarchy?_t=1773384703271 [32m200[0m 31.219 ms - 778[0m
2026-03-13 12:21 +05:30: [0mGET /api/audit [36m304[0m 24.848 ms - -[0m
2026-03-13 12:21 +05:30: [0mGET /api/pages/my-pages-hierarchy?_t=1773384703272 [32m200[0m 21.420 ms - 778[0m
2026-03-13 12:21 +05:30: [0mGET /api/audit [36m304[0m 9.028 ms - -[0m
2026-03-13 12:25 +05:30: [0mGET /api/inspection_slots [36m304[0m 13.546 ms - -[0m
2026-03-13 12:25 +05:30: [0mGET /api/audit [36m304[0m 10.786 ms - -[0m
2026-03-13 12:25 +05:30: [0mGET /api/lines [36m304[0m 5.685 ms - -[0m
2026-03-13 12:25 +05:30: [0mGET /api/pages/my-pages-hierarchy?_t=1773384957158 [32m200[0m 19.206 ms - 778[0m
2026-03-13 12:25 +05:30: [0mGET /api/lines [36m304[0m 7.591 ms - -[0m
2026-03-13 12:25 +05:30: [0mGET /api/pages/my-pages-hierarchy?_t=1773384957160 [32m200[0m 21.307 ms - 778[0m
2026-03-13 12:26 +05:30: [0mGET /api/pages/my-pages-hierarchy?_t=1773384965272 [32m200[0m 22.193 ms - 778[0m
2026-03-13 12:26 +05:30: [0mGET /api/pages/my-pages-hierarchy?_t=1773384965273 [32m200[0m 20.441 ms - 778[0m
2026-03-13 12:26 +05:30: [0mGET /api/audit [36m304[0m 22.492 ms - -[0m
2026-03-13 12:26 +05:30: [0mGET /api/audit [36m304[0m 22.632 ms - -[0m
2026-03-13 12:27 +05:30: [0mGET /api/lines [36m304[0m 13.003 ms - -[0m
2026-03-13 12:27 +05:30: [0mGET /api/pages/my-pages-hierarchy?_t=1773385043407 [32m200[0m 27.962 ms - 778[0m
2026-03-13 12:27 +05:30: [0mGET /api/pages/my-pages-hierarchy?_t=1773385043413 [32m200[0m 19.140 ms - 778[0m
2026-03-13 12:27 +05:30: [0mGET /api/lines [36m304[0m 3.952 ms - -[0m
2026-03-13 12:28 +05:30: [0mGET /api/audit [36m304[0m 16.100 ms - -[0m
2026-03-13 12:28 +05:30: [0mGET /api/pages/my-pages-hierarchy?_t=1773385111587 [32m200[0m 27.189 ms - 778[0m
2026-03-13 12:28 +05:30: [0mGET /api/pages/my-pages-hierarchy?_t=1773385111591 [32m200[0m 16.462 ms - 778[0m
2026-03-13 12:28 +05:30: [0mGET /api/audit [36m304[0m 11.545 ms - -[0m
2026-03-13 12:28 +05:30: [0mGET /api/lines [36m304[0m 8.096 ms - -[0m
2026-03-13 12:28 +05:30: [0mGET /api/pages/my-pages-hierarchy?_t=1773385113321 [32m200[0m 22.165 ms - 778[0m
2026-03-13 12:28 +05:30: [0mGET /api/pages/my-pages-hierarchy?_t=1773385113323 [32m200[0m 19.319 ms - 778[0m
2026-03-13 12:28 +05:30: [0mGET /api/lines [36m304[0m 9.185 ms - -[0m
2026-03-13 12:28 +05:30: [0mGET /api/pages/my-pages-hierarchy?_t=1773385118836 [32m200[0m 21.691 ms - 778[0m
2026-03-13 12:28 +05:30: [0mGET /api/audit [36m304[0m 22.050 ms - -[0m
2026-03-13 12:28 +05:30: [0mGET /api/pages/my-pages-hierarchy?_t=1773385118838 [32m200[0m 19.983 ms - 778[0m
2026-03-13 12:28 +05:30: [0mGET /api/audit [36m304[0m 8.180 ms - -[0m
2026-03-13 12:30 +05:30: [0mGET /api/inspection_slots [36m304[0m 10.600 ms - -[0m
2026-03-13 12:30 +05:30: [0mGET /api/lines [36m304[0m 8.532 ms - -[0m
2026-03-13 12:30 +05:30: [0mGET /api/lines [36m304[0m 2.399 ms - -[0m
2026-03-13 12:30 +05:30: [0mGET /api/pages/my-pages-hierarchy?_t=1773385244140 [32m200[0m 36.178 ms - 778[0m
2026-03-13 12:30 +05:30: [0mGET /api/pages/my-pages-hierarchy?_t=1773385244142 [32m200[0m 24.111 ms - 778[0m
2026-03-13 12:30 +05:30: [0mGET /api/pages/my-pages-hierarchy?_t=1773385246656 [32m200[0m 20.449 ms - 778[0m
2026-03-13 12:30 +05:30: [0mGET /api/audit [36m304[0m 21.277 ms - -[0m
2026-03-13 12:30 +05:30: [0mGET /api/pages/my-pages-hierarchy?_t=1773385246658 [32m200[0m 16.714 ms - 778[0m
2026-03-13 12:30 +05:30: [0mGET /api/audit [36m304[0m 9.338 ms - -[0m
2026-03-13 12:30 +05:30: [0mGET /api/inspection_slots [36m304[0m 4.827 ms - -[0m
2026-03-13 12:33 +05:30: [0mGET /api/audit [36m304[0m 22.115 ms - -[0m
2026-03-13 12:33 +05:30: [0mGET /api/pages/my-pages-hierarchy?_t=1773385385109 [32m200[0m 31.044 ms - 778[0m
2026-03-13 12:33 +05:30: [0mGET /api/pages/my-pages-hierarchy?_t=1773385385102 [32m200[0m 41.077 ms - 778[0m
2026-03-13 12:33 +05:30: [0mGET /api/audit [36m304[0m 16.799 ms - -[0m
2026-03-13 12:33 +05:30: [0mGET /api/inspection_slots [36m304[0m 6.903 ms - -[0m
2026-03-13 12:33 +05:30: [0mGET /api/inspection_slots [36m304[0m 3.985 ms - -[0m
2026-03-13 12:33 +05:30: [0mGET /api/pages/my-pages-hierarchy?_t=1773385398638 [32m200[0m 6.095 ms - 969[0m
2026-03-13 12:33 +05:30: [0mGET /api/lines [36m304[0m 4.681 ms - -[0m
2026-03-13 12:33 +05:30: [0mGET /api/pages/my-pages-hierarchy?_t=1773385398639 [32m200[0m 8.019 ms - 969[0m
2026-03-13 12:33 +05:30: [0mGET /api/lines [36m304[0m 5.952 ms - -[0m
2026-03-13 12:33 +05:30: [0mGET /api/stations [36m304[0m 4.105 ms - -[0m
2026-03-13 12:33 +05:30: [0mGET /api/inspection_slots [36m304[0m 4.245 ms - -[0m
2026-03-13 12:33 +05:30: [0mGET /api/templates?entity_type=station&entity_id=2 [36m304[0m 10.355 ms - -[0m
2026-03-13 12:33 +05:30: [0mGET /api/templates?entity_type=station&entity_id=2 [36m304[0m 6.737 ms - -[0m
2026-03-13 12:33 +05:30: [0mGET /api/templates?entity_type=station&entity_id=2 [36m304[0m 4.400 ms - -[0m
2026-03-13 12:33 +05:30: [0mGET /api/pages/my-pages-hierarchy?_t=1773385406862 [32m200[0m 16.781 ms - 969[0m
2026-03-13 12:33 +05:30: [0mGET /api/pages/my-pages-hierarchy?_t=1773385406863 [32m200[0m 15.756 ms - 969[0m
2026-03-13 12:33 +05:30: [0mPOST /api/audit [32m200[0m 29.346 ms - 55[0m
2026-03-13 12:33 +05:30: [0mGET /api/pages/my-pages-hierarchy?_t=1773385421463 [32m200[0m 17.060 ms - 969[0m
2026-03-13 12:33 +05:30: [0mGET /api/pages/my-pages-hierarchy?_t=1773385421464 [32m200[0m 16.928 ms - 969[0m
2026-03-13 12:33 +05:30: [0mGET /api/audit?auditor_id=9 [32m200[0m 15.632 ms - 611[0m
2026-03-13 12:33 +05:30: [0mGET /api/audit?auditor_id=9 [36m304[0m 5.988 ms - -[0m
2026-03-13 12:33 +05:30: [0mGET /api/inspection_slots [36m304[0m 9.799 ms - -[0m
2026-03-13 12:33 +05:30: [0mGET /api/audit?auditor_id=9 [36m304[0m 8.138 ms - -[0m
2026-03-13 12:33 +05:30: [0mGET /api/inspection_slots [36m304[0m 3.527 ms - -[0m
2026-03-13 12:33 +05:30: [0mGET /api/audit?auditor_id=9 [36m304[0m 4.699 ms - -[0m
2026-03-13 12:33 +05:30: [0mGET /api/pages/my-pages-hierarchy?_t=1773385437575 [32m200[0m 27.493 ms - 778[0m
2026-03-13 12:33 +05:30: [0mGET /api/pages/my-pages-hierarchy?_t=1773385437628 [32m200[0m 23.333 ms - 778[0m
2026-03-13 12:33 +05:30: [0mGET /api/audit [32m200[0m 19.827 ms - -[0m
2026-03-13 12:33 +05:30: [0mGET /api/audit [36m304[0m 10.636 ms - -[0m
2026-03-13 12:34 +05:30: [0mGET /api/inspection_slots [36m304[0m 3.190 ms - -[0m
2026-03-13 12:40 +05:30: [0mGET /api/audit [36m304[0m 22.367 ms - -[0m
2026-03-13 12:40 +05:30: [0mGET /api/pages/my-pages-hierarchy?_t=1773385842925 [32m200[0m 26.363 ms - 778[0m
2026-03-13 12:40 +05:30: [0mGET /api/pages/my-pages-hierarchy?_t=1773385842918 [32m200[0m 53.249 ms - 778[0m
2026-03-13 12:40 +05:30: [0mGET /api/audit [36m304[0m 17.734 ms - -[0m
2026-03-13 12:40 +05:30: [0mGET /api/audit?status=action-required [32m200[0m 6.792 ms - -[0m
2026-03-13 12:41 +05:30: [0mGET /api/pages/my-pages-hierarchy?_t=1773385884837 [32m200[0m 6.904 ms - 969[0m
2026-03-13 12:41 +05:30: [0mGET /api/audit?auditor_id=9 [36m304[0m 8.138 ms - -[0m
2026-03-13 12:41 +05:30: [0mGET /api/pages/my-pages-hierarchy?_t=1773385884896 [32m200[0m 12.222 ms - 778[0m
2026-03-13 12:41 +05:30: [0mGET /api/audit [36m304[0m 9.416 ms - -[0m
2026-03-13 12:42 +05:30: [0mGET /api/audit?status=action-required [36m304[0m 11.510 ms - -[0m
2026-03-13 12:42 +05:30: [0mGET /api/audit [36m304[0m 4.167 ms - -[0m
2026-03-13 12:42 +05:30: [0mGET /api/audit?status=action-required [36m304[0m 7.192 ms - -[0m
2026-03-13 12:42 +05:30: [0mGET /api/audit [36m304[0m 4.273 ms - -[0m
2026-03-13 12:42 +05:30: [0mGET /api/audit?status=action-required [36m304[0m 5.948 ms - -[0m
2026-03-13 12:42 +05:30: [0mGET /api/pages/my-pages-hierarchy?_t=1773385962646 [32m200[0m 34.853 ms - 778[0m
2026-03-13 12:42 +05:30: [0mGET /api/pages/my-pages-hierarchy?_t=1773385962650 [32m200[0m 27.329 ms - 778[0m
2026-03-13 12:42 +05:30: [0mGET /api/audit/8 [32m200[0m 54.415 ms - 492[0m
2026-03-13 12:42 +05:30: [0mGET /api/audit/8 [36m304[0m 9.843 ms - -[0m
2026-03-13 12:42 +05:30: [0mGET /api/templates/5 [36m304[0m 9.602 ms - -[0m
2026-03-13 12:42 +05:30: [0mGET /api/templates/5 [36m304[0m 2.869 ms - -[0m
2026-03-13 12:42 +05:30: [0mGET /uploads/13032026123341_798.jpg [32m200[0m 17.978 ms - 49993[0m
2026-03-13 12:42 +05:30: [0mGET /api/pages/my-pages-hierarchy?_t=1773385966790 [32m200[0m 21.915 ms - 778[0m
2026-03-13 12:42 +05:30: [0mGET /api/audit [36m304[0m 22.373 ms - -[0m
2026-03-13 12:42 +05:30: [0mGET /api/pages/my-pages-hierarchy?_t=1773385966793 [32m200[0m 18.255 ms - 778[0m
2026-03-13 12:42 +05:30: [0mGET /api/audit [36m304[0m 11.289 ms - -[0m
2026-03-13 12:42 +05:30: [0mGET /api/lines [36m304[0m 7.527 ms - -[0m
2026-03-13 12:42 +05:30: [0mGET /api/pages/my-pages-hierarchy?_t=1773385968502 [32m200[0m 19.332 ms - 778[0m
2026-03-13 12:42 +05:30: [0mGET /api/lines [36m304[0m 6.311 ms - -[0m
2026-03-13 12:42 +05:30: [0mGET /api/pages/my-pages-hierarchy?_t=1773385968503 [32m200[0m 17.605 ms - 778[0m
2026-03-13 12:42 +05:30: [0mGET /api/inspection_slots [36m304[0m 6.542 ms - -[0m
2026-03-13 12:42 +05:30: [0mGET /api/templates?entity_type=line&entity_id=3 [32m200[0m 4.981 ms - -[0m
2026-03-13 12:42 +05:30: [0mGET /api/inspection_slots [36m304[0m 5.859 ms - -[0m
2026-03-13 12:42 +05:30: [0mGET /api/templates?entity_type=line&entity_id=2 [32m200[0m 2.999 ms - -[0m
2026-03-13 12:42 +05:30: [0mGET /api/pages/my-pages-hierarchy?_t=1773385979620 [32m200[0m 20.653 ms - 778[0m
2026-03-13 12:42 +05:30: [0mGET /api/templates?entity_type=line&entity_id=2 [36m304[0m 13.008 ms - -[0m
2026-03-13 12:42 +05:30: [0mGET /api/pages/my-pages-hierarchy?_t=1773385979622 [32m200[0m 18.346 ms - 778[0m
2026-03-13 12:42 +05:30: [0mGET /api/templates?entity_type=line&entity_id=2 [36m304[0m 6.629 ms - -[0m
2026-03-13 12:43 +05:30: [0mGET /api/lines [36m304[0m 8.720 ms - -[0m
2026-03-13 12:43 +05:30: [0mGET /api/pages/my-pages-hierarchy?_t=1773385985936 [32m200[0m 21.492 ms - 778[0m
2026-03-13 12:43 +05:30: [0mGET /api/lines [36m304[0m 4.506 ms - -[0m
2026-03-13 12:43 +05:30: [0mGET /api/pages/my-pages-hierarchy?_t=1773385985940 [32m200[0m 23.801 ms - 778[0m
2026-03-13 12:43 +05:30: [0mGET /api/pages/my-pages-hierarchy?_t=1773385987761 [32m200[0m 21.149 ms - 778[0m
2026-03-13 12:43 +05:30: [0mGET /api/audit [36m304[0m 19.719 ms - -[0m
2026-03-13 12:43 +05:30: [0mGET /api/pages/my-pages-hierarchy?_t=1773385987763 [32m200[0m 16.921 ms - 778[0m
2026-03-13 12:43 +05:30: [0mGET /api/audit [36m304[0m 9.596 ms - -[0m
2026-03-13 12:43 +05:30: [0mGET /api/audit?status=action-required [36m304[0m 4.020 ms - -[0m
2026-03-13 12:46 +05:30: [0mGET /api/inspection_slots [36m304[0m 13.196 ms - -[0m
2026-03-13 12:46 +05:30: [0mGET /api/pages/my-pages-hierarchy?_t=1773386190287 [32m200[0m 32.675 ms - 778[0m
2026-03-13 12:46 +05:30: [0mGET /api/pages/my-pages-hierarchy?_t=1773386190298 [32m200[0m 21.470 ms - 778[0m
2026-03-13 12:46 +05:30: [0mGET /api/inspection_slots [36m304[0m 18.538 ms - -[0m
2026-03-13 12:46 +05:30: [0mGET /api/inspection_slots?status=action-required [32m200[0m 4.389 ms - -[0m
2026-03-13 12:46 +05:30: [0mGET /api/inspection_slots [36m304[0m 4.874 ms - -[0m
2026-03-13 12:46 +05:30: [0mGET /api/pages/my-pages-hierarchy?_t=1773386205741 [32m200[0m 34.185 ms - 778[0m
2026-03-13 12:46 +05:30: [0mGET /api/pages/my-pages-hierarchy?_t=1773386205760 [32m200[0m 17.278 ms - 778[0m
2026-03-13 12:46 +05:30: [0mGET /api/audit [36m304[0m 39.097 ms - -[0m
2026-03-13 12:46 +05:30: [0mGET /api/audit [36m304[0m 11.087 ms - -[0m
2026-03-13 12:46 +05:30: [0mGET /api/audit?status=action-required [36m304[0m 15.886 ms - -[0m
2026-03-13 12:50 +05:30: [0mGET /api/pages/my-pages-hierarchy?_t=1773386430305 [32m200[0m 28.998 ms - 778[0m
2026-03-13 12:50 +05:30: [0mGET /api/pages/my-pages-hierarchy?_t=1773386430311 [32m200[0m 21.669 ms - 778[0m
2026-03-13 12:50 +05:30: [0mGET /api/audit [36m304[0m 38.069 ms - -[0m
2026-03-13 12:50 +05:30: [0mGET /api/audit [36m304[0m 30.756 ms - -[0m
2026-03-13 12:50 +05:30: [0mGET /api/inspection_slots [36m304[0m 8.004 ms - -[0m
2026-03-13 12:50 +05:30: [0mGET /api/audit [36m304[0m 12.875 ms - -[0m
2026-03-13 12:50 +05:30: [0mGET /api/audit?status=action-required [36m304[0m 6.113 ms - -[0m
2026-03-13 12:50 +05:30: [0mGET /api/audit [36m304[0m 6.426 ms - -[0m
2026-03-13 12:50 +05:30: [0mGET /api/inspection_slots [36m304[0m 5.760 ms - -[0m
2026-03-13 12:50 +05:30: [0mGET /api/audit [36m304[0m 11.286 ms - -[0m
2026-03-13 12:50 +05:30: [0mGET /api/audit [36m304[0m 24.003 ms - -[0m
2026-03-13 12:50 +05:30: [0mGET /api/pages/my-pages-hierarchy?_t=1773386451177 [32m200[0m 42.283 ms - 778[0m
2026-03-13 12:50 +05:30: [0mGET /api/pages/my-pages-hierarchy?_t=1773386451187 [32m200[0m 43.929 ms - 778[0m
2026-03-13 12:50 +05:30: [0mGET /api/audit [36m304[0m 28.219 ms - -[0m
2026-03-13 12:50 +05:30: [0mGET /api/audit?status=action-required [36m304[0m 7.573 ms - -[0m
2026-03-13 12:51 +05:30: [0mGET /api/pages/my-pages-hierarchy?_t=1773386499424 [32m200[0m 19.098 ms - 778[0m
2026-03-13 12:51 +05:30: [0mGET /api/pages/my-pages-hierarchy?_t=1773386499427 [32m200[0m 17.326 ms - 778[0m
2026-03-13 12:51 +05:30: [0mGET /api/audit [32m200[0m 14.904 ms - -[0m
2026-03-13 12:51 +05:30: [0mGET /api/audit [36m304[0m 9.504 ms - -[0m
2026-03-13 12:51 +05:30: [0mGET /api/audit?auditor_id=9 [32m200[0m 17.255 ms - 52[0m
2026-03-13 12:51 +05:30: [0mGET /api/pages/my-pages-hierarchy?_t=1773386519802 [32m200[0m 8.869 ms - 969[0m
2026-03-13 12:51 +05:30: [0mGET /api/pages/my-pages-hierarchy?_t=1773386519798 [32m200[0m 19.537 ms - 969[0m
2026-03-13 12:51 +05:30: [0mGET /api/audit?auditor_id=9 [36m304[0m 7.049 ms - -[0m
2026-03-13 12:52 +05:30: [0mGET /api/inspection_slots?auditor_id=9 [32m200[0m 6.212 ms - -[0m
2026-03-13 12:52 +05:30: [0mGET /api/audit [32m200[0m 6.966 ms - -[0m
2026-03-13 12:52 +05:30: [0mGET /api/audit?auditor_id=9 [36m304[0m 6.538 ms - -[0m
2026-03-13 12:52 +05:30: [0mGET /api/audit?status=action-required&auditor_id=9 [32m200[0m 4.922 ms - 52[0m
2026-03-13 12:52 +05:30: [0mGET /api/inspection_slots?auditor_id=9 [36m304[0m 6.297 ms - -[0m
2026-03-13 12:52 +05:30: [0mGET /api/audit [36m304[0m 6.820 ms - -[0m
2026-03-13 12:52 +05:30: [0mGET /api/lines [36m304[0m 6.521 ms - -[0m
2026-03-13 12:52 +05:30: [0mGET /api/pages/my-pages-hierarchy?_t=1773386530653 [32m200[0m 17.312 ms - 969[0m
2026-03-13 12:52 +05:30: [0mGET /api/pages/my-pages-hierarchy?_t=1773386530654 [32m200[0m 15.658 ms - 969[0m
2026-03-13 12:52 +05:30: [0mGET /api/lines [36m304[0m 9.237 ms - -[0m
2026-03-13 12:52 +05:30: [0mGET /api/inspection_slots [36m304[0m 2.427 ms - -[0m
2026-03-13 12:52 +05:30: [0mGET /api/templates?entity_type=line&entity_id=2 [32m200[0m 8.164 ms - -[0m
2026-03-13 12:52 +05:30: [0mGET /api/templates?entity_type=line&entity_id=2 [36m304[0m 7.881 ms - -[0m
2026-03-13 12:52 +05:30: [0mGET /api/templates?entity_type=line&entity_id=2 [36m304[0m 3.179 ms - -[0m
2026-03-13 12:52 +05:30: [0mGET /api/pages/my-pages-hierarchy?_t=1773386537638 [32m200[0m 18.832 ms - 969[0m
2026-03-13 12:52 +05:30: [0mGET /api/pages/my-pages-hierarchy?_t=1773386537639 [32m200[0m 18.479 ms - 969[0m
2026-03-13 12:52 +05:30: [0mPOST /api/audit [32m200[0m 24.469 ms - 55[0m
2026-03-13 12:52 +05:30: [0mGET /api/pages/my-pages-hierarchy?_t=1773386557130 [32m200[0m 12.419 ms - 969[0m
2026-03-13 12:52 +05:30: [0mGET /api/audit?auditor_id=9 [32m200[0m 5.799 ms - 324[0m
2026-03-13 12:52 +05:30: [0mGET /api/pages/my-pages-hierarchy?_t=1773386557133 [32m200[0m 11.801 ms - 969[0m
2026-03-13 12:52 +05:30: [0mGET /api/audit?auditor_id=9 [36m304[0m 4.369 ms - -[0m
2026-03-13 12:52 +05:30: [0mGET /api/inspection_slots?auditor_id=9 [36m304[0m 5.247 ms - -[0m
2026-03-13 12:52 +05:30: [0mGET /api/audit [32m200[0m 10.663 ms - -[0m
2026-03-13 12:52 +05:30: [0mGET /api/pages/my-pages-hierarchy?_t=1773386568674 [32m200[0m 17.449 ms - 969[0m
2026-03-13 12:52 +05:30: [0mGET /api/pages/my-pages-hierarchy?_t=1773386568676 [32m200[0m 17.497 ms - 969[0m
2026-03-13 12:52 +05:30: [0mGET /api/audit?auditor_id=9 [36m304[0m 18.230 ms - -[0m
2026-03-13 12:52 +05:30: [0mGET /api/audit?auditor_id=9 [36m304[0m 5.819 ms - -[0m
2026-03-13 12:52 +05:30: [0mGET /api/inspection_slots?auditor_id=9 [36m304[0m 6.919 ms - -[0m
2026-03-13 12:52 +05:30: [0mGET /api/audit [36m304[0m 8.146 ms - -[0m
2026-03-13 12:53 +05:30: [0mGET /api/pages/my-pages-hierarchy?_t=1773386582425 [32m200[0m 15.561 ms - 969[0m
2026-03-13 12:53 +05:30: [0mGET /api/audit?auditor_id=9 [36m304[0m 14.261 ms - -[0m
2026-03-13 12:53 +05:30: [0mGET /api/pages/my-pages-hierarchy?_t=1773386582427 [32m200[0m 16.211 ms - 969[0m
2026-03-13 12:53 +05:30: [0mGET /api/audit?auditor_id=9 [36m304[0m 6.761 ms - -[0m
2026-03-13 12:53 +05:30: [0mGET /api/inspection_slots?auditor_id=9 [36m304[0m 5.358 ms - -[0m
2026-03-13 12:53 +05:30: [0mGET /api/audit [36m304[0m 6.276 ms - -[0m
2026-03-13 12:53 +05:30: [0mGET /api/audit?status=action-required&auditor_id=9 [32m200[0m 7.339 ms - 324[0m
2026-03-13 12:53 +05:30: [0mGET /api/audit?auditor_id=9 [36m304[0m 3.811 ms - -[0m
2026-03-13 12:53 +05:30: [0mGET /api/pages/my-pages-hierarchy?_t=1773386592677 [32m200[0m 30.162 ms - 778[0m
2026-03-13 12:53 +05:30: [0mGET /api/pages/my-pages-hierarchy?_t=1773386592685 [32m200[0m 33.710 ms - 778[0m
2026-03-13 12:53 +05:30: [0mGET /api/audit [32m200[0m 40.802 ms - -[0m
2026-03-13 12:53 +05:30: [0mGET /api/audit [36m304[0m 8.085 ms - -[0m
2026-03-13 12:53 +05:30: [0mGET /api/inspection_slots [36m304[0m 4.291 ms - -[0m
2026-03-13 12:53 +05:30: [0mGET /api/audit [36m304[0m 10.178 ms - -[0m
2026-03-13 12:56 +05:30: [0mGET /api/audit [36m304[0m 28.906 ms - -[0m
2026-03-13 12:56 +05:30: [0mGET /api/pages/my-pages-hierarchy?_t=1773386815008 [32m200[0m 60.808 ms - 778[0m
2026-03-13 12:56 +05:30: [0mGET /api/pages/my-pages-hierarchy?_t=1773386815019 [32m200[0m 47.247 ms - 778[0m
2026-03-13 12:56 +05:30: [0mGET /api/audit [36m304[0m 30.762 ms - -[0m
2026-03-13 12:56 +05:30: [0mGET /api/audit [36m304[0m 8.193 ms - -[0m
2026-03-13 12:56 +05:30: [0mGET /api/inspection_slots [36m304[0m 10.818 ms - -[0m
2026-03-13 12:56 +05:30: [0mGET /api/audit [36m304[0m 5.905 ms - -[0m
2026-03-13 12:57 +05:30: [0mGET /api/pages/my-pages-hierarchy?_t=1773386823168 [32m200[0m 20.363 ms - 778[0m
2026-03-13 12:57 +05:30: [0mGET /api/audit/9 [32m200[0m 19.225 ms - 488[0m
2026-03-13 12:57 +05:30: [0mGET /api/pages/my-pages-hierarchy?_t=1773386823172 [32m200[0m 25.331 ms - 778[0m
2026-03-13 12:57 +05:30: [0mGET /api/audit/9 [36m304[0m 11.748 ms - -[0m
2026-03-13 12:57 +05:30: [0mGET /api/templates/5 [36m304[0m 6.438 ms - -[0m
2026-03-13 12:57 +05:30: [0mGET /api/templates/5 [36m304[0m 4.007 ms - -[0m
2026-03-13 12:57 +05:30: [0mGET /uploads/13032026125237_235.jpg [32m200[0m 6.719 ms - 50942[0m
2026-03-13 12:57 +05:30: [0mGET /api/pages/my-pages-hierarchy?_t=1773386827729 [32m200[0m 21.628 ms - 778[0m
2026-03-13 12:57 +05:30: [0mGET /api/audit [36m304[0m 17.247 ms - -[0m
2026-03-13 12:57 +05:30: [0mGET /api/pages/my-pages-hierarchy?_t=1773386827731 [32m200[0m 25.092 ms - 778[0m
2026-03-13 12:57 +05:30: [0mGET /api/audit [36m304[0m 10.149 ms - -[0m
2026-03-13 12:57 +05:30: [0mGET /api/inspection_slots [36m304[0m 3.180 ms - -[0m
2026-03-13 12:57 +05:30: [0mGET /api/audit [36m304[0m 7.977 ms - -[0m
2026-03-13 12:57 +05:30: [0mGET /api/lines [36m304[0m 7.504 ms - -[0m
2026-03-13 12:57 +05:30: [0mGET /api/pages/my-pages-hierarchy?_t=1773386830808 [32m200[0m 18.889 ms - 778[0m
2026-03-13 12:57 +05:30: [0mGET /api/lines [36m304[0m 7.061 ms - -[0m
2026-03-13 12:57 +05:30: [0mGET /api/pages/my-pages-hierarchy?_t=1773386830811 [32m200[0m 17.809 ms - 778[0m
2026-03-13 12:57 +05:30: [0mGET /api/inspection_slots [36m304[0m 4.287 ms - -[0m
2026-03-13 12:57 +05:30: [0mGET /api/templates?entity_type=line&entity_id=2 [36m304[0m 5.473 ms - -[0m
2026-03-13 12:57 +05:30: [0mGET /api/pages/my-pages-hierarchy?_t=1773386846930 [32m200[0m 16.483 ms - 969[0m
2026-03-13 12:57 +05:30: [0mGET /api/pages/my-pages-hierarchy?_t=1773386846933 [32m200[0m 13.748 ms - 969[0m
2026-03-13 12:57 +05:30: [0mGET /api/audit?auditor_id=9 [36m304[0m 15.899 ms - -[0m
2026-03-13 12:57 +05:30: [0mGET /api/audit?auditor_id=9 [36m304[0m 10.030 ms - -[0m
2026-03-13 12:57 +05:30: [0mGET /api/inspection_slots?auditor_id=9 [36m304[0m 6.188 ms - -[0m
2026-03-13 12:57 +05:30: [0mGET /api/audit [36m304[0m 7.704 ms - -[0m
2026-03-13 12:58 +05:30: [0mGET /api/pages/my-pages-hierarchy?_t=1773386932832 [32m200[0m 22.575 ms - 969[0m
2026-03-13 12:58 +05:30: [0mGET /api/audit?auditor_id=9 [36m304[0m 14.235 ms - -[0m
2026-03-13 12:58 +05:30: [0mGET /api/pages/my-pages-hierarchy?_t=1773386932835 [32m200[0m 9.915 ms - 969[0m
2026-03-13 12:58 +05:30: [0mGET /api/audit?auditor_id=9 [36m304[0m 10.080 ms - -[0m
2026-03-13 13:00 +05:30: [0mGET /api/audit [36m304[0m 10.582 ms - -[0m
2026-03-13 13:00 +05:30: [0mGET /api/pages/my-pages-hierarchy?_t=1773387001930 [32m200[0m 24.755 ms - 778[0m
2026-03-13 13:00 +05:30: [0mGET /api/pages/my-pages-hierarchy?_t=1773387001935 [32m200[0m 21.921 ms - 778[0m
2026-03-13 13:00 +05:30: [0mGET /api/audit [36m304[0m 12.490 ms - -[0m
2026-03-13 13:00 +05:30: [0mGET /api/inspection_slots [36m304[0m 6.180 ms - -[0m
2026-03-13 13:00 +05:30: [0mGET /api/audit [36m304[0m 14.009 ms - -[0m
2026-03-13 13:00 +05:30: [0mGET /api/pages/my-pages-hierarchy?_t=1773387007333 [32m200[0m 23.111 ms - 778[0m
2026-03-13 13:00 +05:30: [0mGET /api/pages/my-pages-hierarchy?_t=1773387007348 [32m200[0m 27.662 ms - 778[0m
2026-03-13 13:00 +05:30: [0mGET /api/audit [36m304[0m 33.572 ms - -[0m
2026-03-13 13:00 +05:30: [0mGET /api/audit [36m304[0m 7.189 ms - -[0m
2026-03-13 13:00 +05:30: [0mGET /api/inspection_slots [36m304[0m 2.908 ms - -[0m
2026-03-13 13:00 +05:30: [0mGET /api/audit [36m304[0m 6.351 ms - -[0m
2026-03-13 13:00 +05:30: [0mGET /api/audit/9 [36m304[0m 13.294 ms - -[0m
2026-03-13 13:00 +05:30: [0mGET /api/pages/my-pages-hierarchy?_t=1773387057988 [32m200[0m 21.915 ms - 778[0m
2026-03-13 13:00 +05:30: [0mGET /api/pages/my-pages-hierarchy?_t=1773387057991 [32m200[0m 17.427 ms - 778[0m
2026-03-13 13:00 +05:30: [0mGET /api/audit/9 [36m304[0m 10.325 ms - -[0m
2026-03-13 13:00 +05:30: [0mGET /api/templates/5 [36m304[0m 8.485 ms - -[0m
2026-03-13 13:00 +05:30: [0mGET /api/templates/5 [36m304[0m 3.330 ms - -[0m
2026-03-13 13:00 +05:30: [0mGET /uploads/13032026125237_235.jpg [36m304[0m 3.775 ms - -[0m
2026-03-13 13:01 +05:30: [0mGET /api/pages/my-pages-hierarchy?_t=1773387083683 [32m200[0m 21.912 ms - 778[0m
2026-03-13 13:01 +05:30: [0mGET /api/audit [36m304[0m 17.264 ms - -[0m
2026-03-13 13:01 +05:30: [0mGET /api/pages/my-pages-hierarchy?_t=1773387083685 [32m200[0m 26.055 ms - 778[0m
2026-03-13 13:01 +05:30: [0mGET /api/audit [36m304[0m 16.641 ms - -[0m
2026-03-13 13:01 +05:30: [0mGET /api/audit [36m304[0m 4.957 ms - -[0m
2026-03-13 13:01 +05:30: [0mGET /api/inspection_slots [36m304[0m 4.055 ms - -[0m
2026-03-13 13:01 +05:30: [0mGET /api/pages/my-pages-hierarchy?_t=1773387088523 [32m200[0m 30.745 ms - 778[0m
2026-03-13 13:01 +05:30: [0mGET /api/audit [36m304[0m 24.391 ms - -[0m
2026-03-13 13:01 +05:30: [0mGET /api/pages/my-pages-hierarchy?_t=1773387088532 [32m200[0m 24.954 ms - 778[0m
2026-03-13 13:01 +05:30: [0mGET /api/audit [36m304[0m 10.517 ms - -[0m
2026-03-13 13:07 +05:30: [0mGET /api/system/health [32m200[0m 35.780 ms - 269[0m
2026-03-13 13:07 +05:30: [0mGET /api/system/memory [32m200[0m 53.694 ms - 300[0m
2026-03-13 13:07 +05:30: [0mGET /api/system/info [32m200[0m 64.484 ms - 536[0m
2026-03-13 13:07 +05:30: [0mGET /api/pages/my-pages-hierarchy?_t=1773387432021 [32m200[0m 137.417 ms - 778[0m
2026-03-13 13:07 +05:30: [0mGET /api/system/processes [36m304[0m 13.743 ms - -[0m
2026-03-13 13:07 +05:30: requireAssignedPages check for user: superadmin (ID: 1), roles: super_admin
2026-03-13 13:07 +05:30: Access granted: User is super admin
2026-03-13 13:07 +05:30: [0mGET /api/system/performance [32m200[0m 56.428 ms - -[0m
2026-03-13 13:07 +05:30: [0mGET /api/system/cpu [32m200[0m 31.067 ms - -[0m
2026-03-13 13:07 +05:30: [0mGET /api/system/network [32m200[0m 37.243 ms - 400[0m
2026-03-13 13:07 +05:30: [0mGET /api/system/process-stats [32m200[0m 35.836 ms - 817[0m
2026-03-13 13:07 +05:30: [0mGET /api/system/health [32m200[0m 35.170 ms - 269[0m
2026-03-13 13:07 +05:30: [0mGET /api/system/memory [32m200[0m 36.854 ms - 300[0m
2026-03-13 13:07 +05:30: [0mGET /api/system/info [32m200[0m 21.553 ms - 536[0m
2026-03-13 13:07 +05:30: [0mGET /api/pages/my-pages-hierarchy?_t=1773387432059 [32m200[0m 84.941 ms - 778[0m
2026-03-13 13:07 +05:30: [0mGET /api/system/processes [36m304[0m 30.720 ms - -[0m
2026-03-13 13:07 +05:30: [0mGET /api/system/network [36m304[0m 19.695 ms - -[0m
2026-03-13 13:07 +05:30: [0mGET /api/system/process-stats [32m200[0m 18.014 ms - 817[0m
2026-03-13 13:07 +05:30: [0mGET /api/system/cpu [32m200[0m 56.280 ms - -[0m
2026-03-13 13:07 +05:30: [0mGET /api/system/performance [32m200[0m 56.994 ms - -[0m
2026-03-13 13:07 +05:30: [0mGET /api/stats/dashboard [32m200[0m 183.646 ms - -[0m
2026-03-13 13:07 +05:30: requireAssignedPages check for user: superadmin (ID: 1), roles: super_admin
2026-03-13 13:07 +05:30: Access granted: User is super admin
2026-03-13 13:07 +05:30: [0mGET /api/stats/dashboard [32m200[0m 17.371 ms - -[0m
2026-03-13 13:10 +05:30: [0mGET /api/audit?auditor_id=9 [36m304[0m 7.390 ms - -[0m
2026-03-13 13:10 +05:30: [0mGET /api/pages/my-pages-hierarchy?_t=1773387629822 [32m200[0m 16.328 ms - 969[0m
2026-03-13 13:10 +05:30: [0mGET /api/pages/my-pages-hierarchy?_t=1773387629824 [32m200[0m 14.144 ms - 969[0m
2026-03-13 13:10 +05:30: [0mGET /api/audit?auditor_id=9 [36m304[0m 7.845 ms - -[0m
2026-03-13 13:10 +05:30: [0mGET /api/pages/my-pages-hierarchy?_t=1773387629886 [32m200[0m 13.126 ms - 778[0m
2026-03-13 13:10 +05:30: [0mGET /api/audit [36m304[0m 13.543 ms - -[0m
2026-03-13 13:10 +05:30: [0mGET /api/pages/my-pages-hierarchy?_t=1773387629889 [32m200[0m 12.259 ms - 778[0m
2026-03-13 13:10 +05:30: [0mGET /api/audit [36m304[0m 6.982 ms - -[0m
2026-03-13 13:10 +05:30: [0mGET /api/pages/my-pages-hierarchy?_t=1773387648878 [32m200[0m 20.328 ms - 778[0m
2026-03-13 13:10 +05:30: [0mGET /api/pages/my-pages-hierarchy?_t=1773387648883 [32m200[0m 22.692 ms - 778[0m
2026-03-13 13:10 +05:30: [0mGET /api/audit [36m304[0m 49.066 ms - -[0m
2026-03-13 13:10 +05:30: [0mGET /api/audit [36m304[0m 18.977 ms - -[0m
2026-03-13 13:10 +05:30: [0mGET /api/pages/my-pages-hierarchy?_t=1773387648861 [32m200[0m 65.542 ms - 969[0m
2026-03-13 13:10 +05:30: [0mGET /api/audit?auditor_id=9 [36m304[0m 20.363 ms - -[0m
2026-03-13 13:10 +05:30: [0mGET /api/pages/my-pages-hierarchy?_t=1773387648867 [32m200[0m 45.806 ms - 969[0m
2026-03-13 13:10 +05:30: [0mGET /api/audit?auditor_id=9 [36m304[0m 7.346 ms - -[0m
2026-03-13 13:10 +05:30: [0mGET /api/audit [36m304[0m 14.429 ms - -[0m
2026-03-13 13:10 +05:30: [0mGET /api/pages/my-pages-hierarchy?_t=1773387652882 [32m200[0m 36.795 ms - 778[0m
2026-03-13 13:10 +05:30: [0mGET /api/pages/my-pages-hierarchy?_t=1773387652889 [32m200[0m 26.277 ms - 778[0m
2026-03-13 13:10 +05:30: [0mGET /api/audit [36m304[0m 22.731 ms - -[0m
2026-03-13 13:12 +05:30: [0mGET /api/audit?auditor_id=9 [36m304[0m 10.254 ms - -[0m
2026-03-13 13:12 +05:30: [0mGET /api/pages/my-pages-hierarchy?_t=1773387749846 [32m200[0m 9.983 ms - 969[0m
2026-03-13 13:12 +05:30: [0mGET /api/pages/my-pages-hierarchy?_t=1773387749841 [32m200[0m 17.799 ms - 969[0m
2026-03-13 13:12 +05:30: [0mGET /api/audit?auditor_id=9 [36m304[0m 6.074 ms - -[0m
2026-03-13 13:12 +05:30: [0mGET /api/pages/my-pages-hierarchy?_t=1773387749934 [32m200[0m 7.806 ms - 778[0m
2026-03-13 13:12 +05:30: [0mGET /api/pages/my-pages-hierarchy?_t=1773387749925 [32m200[0m 12.259 ms - 778[0m
2026-03-13 13:12 +05:30: [0mGET /api/audit [36m304[0m 11.207 ms - -[0m
2026-03-13 13:12 +05:30: [0mGET /api/audit [36m304[0m 3.135 ms - -[0m
2026-03-13 13:12 +05:30: [0mGET /api/pages/my-pages-hierarchy?_t=1773387757669 [32m200[0m 17.468 ms - 778[0m
2026-03-13 13:12 +05:30: [0mGET /api/pages/my-pages-hierarchy?_t=1773387757675 [32m200[0m 15.848 ms - 778[0m
2026-03-13 13:12 +05:30: [0mGET /api/audit [36m304[0m 13.729 ms - -[0m
2026-03-13 13:12 +05:30: [0mGET /api/audit [36m304[0m 8.130 ms - -[0m
2026-03-13 13:12 +05:30: [0mGET /api/audit [36m304[0m 7.056 ms - -[0m
2026-03-13 13:12 +05:30: [0mGET /api/inspection_slots [36m304[0m 8.247 ms - -[0m
2026-03-13 13:12 +05:30: [0mGET /api/audit [36m304[0m 5.284 ms - -[0m
2026-03-13 13:12 +05:30: [0mGET /api/audit/9 [36m304[0m 12.125 ms - -[0m
2026-03-13 13:12 +05:30: [0mGET /api/pages/my-pages-hierarchy?_t=1773387777245 [32m200[0m 18.967 ms - 778[0m
2026-03-13 13:12 +05:30: [0mGET /api/pages/my-pages-hierarchy?_t=1773387777247 [32m200[0m 18.728 ms - 778[0m
2026-03-13 13:12 +05:30: [0mGET /api/audit/9 [36m304[0m 11.746 ms - -[0m
2026-03-13 13:12 +05:30: [0mGET /api/templates/5 [36m304[0m 6.709 ms - -[0m
2026-03-13 13:12 +05:30: [0mGET /api/templates/5 [36m304[0m 1.954 ms - -[0m
2026-03-13 13:12 +05:30: [0mGET /uploads/13032026125237_235.jpg [36m304[0m 1.010 ms - -[0m
2026-03-13 13:13 +05:30: [0mGET /api/pages/my-pages-hierarchy?_t=1773387781284 [32m200[0m 16.801 ms - 778[0m
2026-03-13 13:13 +05:30: [0mGET /api/audit [36m304[0m 17.156 ms - -[0m
2026-03-13 13:13 +05:30: [0mGET /api/pages/my-pages-hierarchy?_t=1773387781286 [32m200[0m 14.402 ms - 778[0m
2026-03-13 13:13 +05:30: [0mGET /api/audit [36m304[0m 8.496 ms - -[0m
2026-03-13 13:13 +05:30: [0mGET /api/audit [36m304[0m 5.411 ms - -[0m
2026-03-13 13:13 +05:30: [0mGET /api/inspection_slots [36m304[0m 5.611 ms - -[0m
2026-03-13 13:13 +05:30: [0mGET /api/audit?status=action-required [32m200[0m 7.206 ms - -[0m
2026-03-13 13:13 +05:30: [0mGET /api/inspection_slots [36m304[0m 6.043 ms - -[0m
2026-03-13 13:13 +05:30: [0mGET /api/audit [36m304[0m 7.308 ms - -[0m
2026-03-13 13:15 +05:30: [0mGET /api/pages/my-pages-hierarchy?_t=1773387926845 [32m200[0m 19.037 ms - 969[0m
2026-03-13 13:15 +05:30: [0mGET /api/pages/my-pages-hierarchy?_t=1773387926847 [32m200[0m 16.256 ms - 969[0m
2026-03-13 13:15 +05:30: [0mGET /api/audit?auditor_id=9 [36m304[0m 17.417 ms - -[0m
2026-03-13 13:15 +05:30: [0mGET /api/audit?auditor_id=9 [36m304[0m 7.577 ms - -[0m
2026-03-13 13:15 +05:30: [0mGET /api/pages/my-pages-hierarchy?_t=1773387927869 [32m200[0m 15.616 ms - 778[0m
2026-03-13 13:15 +05:30: [0mGET /api/audit [36m304[0m 13.967 ms - -[0m
2026-03-13 13:15 +05:30: [0mGET /api/pages/my-pages-hierarchy?_t=1773387927874 [32m200[0m 11.090 ms - 778[0m
2026-03-13 13:15 +05:30: [0mGET /api/audit [36m304[0m 4.927 ms - -[0m
2026-03-13 13:15 +05:30: [0mGET /api/audit?auditor_id=9 [36m304[0m 21.330 ms - -[0m
2026-03-13 13:15 +05:30: [0mGET /api/pages/my-pages-hierarchy?_t=1773387954344 [32m200[0m 52.464 ms - 969[0m
2026-03-13 13:15 +05:30: [0mGET /api/pages/my-pages-hierarchy?_t=1773387954345 [32m200[0m 81.095 ms - 969[0m
2026-03-13 13:15 +05:30: [0mGET /api/audit?auditor_id=9 [36m304[0m 36.533 ms - -[0m
2026-03-13 13:15 +05:30: [0mGET /api/pages/my-pages-hierarchy?_t=1773387954721 [32m200[0m 13.040 ms - 778[0m
2026-03-13 13:15 +05:30: [0mGET /api/audit [36m304[0m 10.846 ms - -[0m
2026-03-13 13:15 +05:30: [0mGET /api/pages/my-pages-hierarchy?_t=1773387954739 [32m200[0m 9.430 ms - 778[0m
2026-03-13 13:15 +05:30: [0mGET /api/audit [36m304[0m 6.780 ms - -[0m
2026-03-13 13:16 +05:30: [0mGET /api/pages/my-pages-hierarchy?_t=1773387979812 [32m200[0m 13.302 ms - 969[0m
2026-03-13 13:16 +05:30: [0mGET /api/pages/my-pages-hierarchy?_t=1773387979814 [32m200[0m 10.810 ms - 969[0m
2026-03-13 13:16 +05:30: [0mGET /api/audit?auditor_id=9 [36m304[0m 8.678 ms - -[0m
2026-03-13 13:16 +05:30: [0mGET /api/audit?auditor_id=9 [36m304[0m 5.764 ms - -[0m
2026-03-13 13:16 +05:30: [0mGET /api/pages/my-pages-hierarchy?_t=1773387979874 [32m200[0m 13.929 ms - 778[0m
2026-03-13 13:16 +05:30: [0mGET /api/audit [36m304[0m 10.032 ms - -[0m
2026-03-13 13:16 +05:30: [0mGET /api/pages/my-pages-hierarchy?_t=1773387979878 [32m200[0m 14.824 ms - 778[0m
2026-03-13 13:16 +05:30: [0mGET /api/audit [36m304[0m 5.588 ms - -[0m
2026-03-13 13:16 +05:30: [0mGET /api/pages/my-pages-hierarchy?_t=1773387985818 [32m200[0m 11.330 ms - 969[0m
2026-03-13 13:16 +05:30: [0mGET /api/audit?auditor_id=9 [36m304[0m 6.598 ms - -[0m
2026-03-13 13:16 +05:30: [0mGET /api/pages/my-pages-hierarchy?_t=1773387985819 [32m200[0m 10.968 ms - 969[0m
2026-03-13 13:16 +05:30: [0mGET /api/audit?auditor_id=9 [36m304[0m 6.212 ms - -[0m
2026-03-13 13:16 +05:30: [0mGET /api/pages/my-pages-hierarchy?_t=1773387985895 [32m200[0m 17.200 ms - 778[0m
2026-03-13 13:16 +05:30: [0mGET /api/audit [36m304[0m 17.026 ms - -[0m
2026-03-13 13:16 +05:30: [0mGET /api/pages/my-pages-hierarchy?_t=1773387985900 [32m200[0m 15.832 ms - 778[0m
2026-03-13 13:16 +05:30: [0mGET /api/audit [36m304[0m 8.251 ms - -[0m
2026-03-13 13:16 +05:30: [0mGET /api/pages/my-pages-hierarchy?_t=1773387991623 [32m200[0m 25.893 ms - 778[0m
2026-03-13 13:16 +05:30: [0mGET /api/audit [36m304[0m 18.785 ms - -[0m
2026-03-13 13:16 +05:30: [0mGET /api/pages/my-pages-hierarchy?_t=1773387991635 [32m200[0m 20.309 ms - 778[0m
2026-03-13 13:16 +05:30: [0mGET /api/audit [36m304[0m 13.549 ms - -[0m
2026-03-13 13:18 +05:30: [0mGET /api/audit?auditor_id=9 [36m304[0m 9.935 ms - -[0m
2026-03-13 13:18 +05:30: [0mGET /api/pages/my-pages-hierarchy?_t=1773388083843 [32m200[0m 14.923 ms - 969[0m
2026-03-13 13:18 +05:30: [0mGET /api/pages/my-pages-hierarchy?_t=1773388083841 [32m200[0m 19.765 ms - 969[0m
2026-03-13 13:18 +05:30: [0mGET /api/audit?auditor_id=9 [36m304[0m 7.361 ms - -[0m
2026-03-13 13:18 +05:30: [0mGET /api/pages/my-pages-hierarchy?_t=1773388083923 [32m200[0m 16.611 ms - 778[0m
2026-03-13 13:18 +05:30: [0mGET /api/audit [36m304[0m 11.496 ms - -[0m
2026-03-13 13:18 +05:30: [0mGET /api/pages/my-pages-hierarchy?_t=1773388083930 [32m200[0m 12.605 ms - 778[0m
2026-03-13 13:18 +05:30: [0mGET /api/audit [36m304[0m 6.775 ms - -[0m
2026-03-13 13:18 +05:30: [0mGET /api/pages/my-pages-hierarchy?_t=1773388088856 [32m200[0m 20.467 ms - 969[0m
2026-03-13 13:18 +05:30: [0mGET /api/pages/my-pages-hierarchy?_t=1773388088859 [32m200[0m 20.485 ms - 969[0m
2026-03-13 13:18 +05:30: [0mGET /api/audit?auditor_id=9 [36m304[0m 17.562 ms - -[0m
2026-03-13 13:18 +05:30: [0mGET /api/audit?auditor_id=9 [36m304[0m 5.393 ms - -[0m
2026-03-13 13:18 +05:30: [0mGET /api/pages/my-pages-hierarchy?_t=1773388088978 [32m200[0m 25.225 ms - 778[0m
2026-03-13 13:18 +05:30: [0mGET /api/pages/my-pages-hierarchy?_t=1773388088982 [32m200[0m 22.996 ms - 778[0m
2026-03-13 13:18 +05:30: [0mGET /api/audit [36m304[0m 23.519 ms - -[0m
2026-03-13 13:18 +05:30: [0mGET /api/audit [36m304[0m 11.010 ms - -[0m
2026-03-13 13:20 +05:30: [0mGET /api/audit?auditor_id=9 [36m304[0m 11.944 ms - -[0m
2026-03-13 13:20 +05:30: [0mGET /api/pages/my-pages-hierarchy?_t=1773388248913 [32m200[0m 16.689 ms - 969[0m
2026-03-13 13:20 +05:30: [0mGET /api/pages/my-pages-hierarchy?_t=1773388248912 [32m200[0m 28.058 ms - 969[0m
2026-03-13 13:20 +05:30: [0mGET /api/audit?auditor_id=9 [36m304[0m 9.207 ms - -[0m
2026-03-13 13:20 +05:30: [0mGET /api/pages/my-pages-hierarchy?_t=1773388249876 [32m200[0m 13.392 ms - 778[0m
2026-03-13 13:20 +05:30: [0mGET /api/audit [36m304[0m 10.425 ms - -[0m
2026-03-13 13:20 +05:30: [0mGET /api/pages/my-pages-hierarchy?_t=1773388249881 [32m200[0m 13.523 ms - 778[0m
2026-03-13 13:20 +05:30: [0mGET /api/audit [36m304[0m 11.424 ms - -[0m
2026-03-13 13:20 +05:30: [0mGET /api/pages/my-pages-hierarchy?_t=1773388256825 [32m200[0m 8.835 ms - 969[0m
2026-03-13 13:20 +05:30: [0mGET /api/audit?auditor_id=9 [36m304[0m 6.429 ms - -[0m
2026-03-13 13:20 +05:30: [0mGET /api/pages/my-pages-hierarchy?_t=1773388256826 [32m200[0m 9.935 ms - 969[0m
2026-03-13 13:20 +05:30: [0mGET /api/audit?auditor_id=9 [36m304[0m 5.355 ms - -[0m
2026-03-13 13:20 +05:30: [0mGET /api/pages/my-pages-hierarchy?_t=1773388257147 [32m200[0m 11.137 ms - 778[0m
2026-03-13 13:20 +05:30: [0mGET /api/pages/my-pages-hierarchy?_t=1773388257142 [32m200[0m 17.688 ms - 778[0m
2026-03-13 13:20 +05:30: [0mGET /api/audit [36m304[0m 14.743 ms - -[0m
2026-03-13 13:20 +05:30: [0mGET /api/audit [36m304[0m 7.405 ms - -[0m
2026-03-13 13:21 +05:30: [0mGET /api/audit [36m304[0m 5.835 ms - -[0m
2026-03-13 13:21 +05:30: [0mGET /api/inspection_slots [36m304[0m 6.731 ms - -[0m
2026-03-13 13:21 +05:30: [0mGET /api/audit?status=action-required [36m304[0m 5.790 ms - -[0m
2026-03-13 13:21 +05:30: [0mGET /api/inspection_slots [36m304[0m 5.516 ms - -[0m
2026-03-13 13:21 +05:30: [0mGET /api/audit [36m304[0m 7.124 ms - -[0m
2026-03-13 13:21 +05:30: [0mGET /api/audit [36m304[0m 4.779 ms - -[0m
2026-03-13 13:21 +05:30: [0mGET /api/inspection_slots [36m304[0m 5.190 ms - -[0m
2026-03-13 13:21 +05:30: [0mGET /api/audit [36m304[0m 5.935 ms - -[0m
2026-03-13 13:21 +05:30: [0mGET /api/audit [36m304[0m 4.596 ms - -[0m
2026-03-13 13:22 +05:30: [0mGET /api/inspection_slots [36m304[0m 6.130 ms - -[0m
2026-03-13 13:22 +05:30: [0mGET /api/audit [36m304[0m 10.386 ms - -[0m
2026-03-13 13:22 +05:30: [0mGET /api/audit?status=action-required [36m304[0m 6.503 ms - -[0m
2026-03-13 13:22 +05:30: [0mGET /api/audit [36m304[0m 4.649 ms - -[0m
2026-03-13 13:22 +05:30: [0mGET /api/inspection_slots [36m304[0m 2.255 ms - -[0m
2026-03-13 13:22 +05:30: [0mGET /api/audit [36m304[0m 6.340 ms - -[0m
2026-03-13 13:23 +05:30: [0mGET /api/audit [36m304[0m 11.123 ms - -[0m
2026-03-13 13:23 +05:30: [0mGET /api/audit?auditor_id=9 [36m304[0m 4.061 ms - -[0m
2026-03-13 13:23 +05:30: [0mGET /api/pages/my-pages-hierarchy?_t=1773388402101 [32m200[0m 20.439 ms - 969[0m
2026-03-13 13:23 +05:30: [0mGET /api/pages/my-pages-hierarchy?_t=1773388402104 [32m200[0m 16.257 ms - 969[0m
2026-03-13 13:23 +05:30: [0mGET /api/audit?auditor_id=9 [36m304[0m 8.682 ms - -[0m
2026-03-13 13:23 +05:30: [0mGET /api/inspection_slots?auditor_id=9 [36m304[0m 7.934 ms - -[0m
2026-03-13 13:23 +05:30: [0mGET /api/audit [36m304[0m 8.207 ms - -[0m
2026-03-13 13:23 +05:30: [0mGET /api/audit?status=action-required&auditor_id=9 [36m304[0m 6.269 ms - -[0m
2026-03-13 13:23 +05:30: [0mGET /api/inspection_slots?auditor_id=9 [36m304[0m 4.089 ms - -[0m
2026-03-13 13:23 +05:30: [0mGET /api/audit [36m304[0m 6.069 ms - -[0m
2026-03-13 13:24 +05:30: [0mGET /api/audit?auditor_id=9 [36m304[0m 18.560 ms - -[0m
2026-03-13 13:24 +05:30: [0mGET /api/pages/my-pages-hierarchy?_t=1773388466124 [32m200[0m 28.646 ms - 969[0m
2026-03-13 13:24 +05:30: [0mGET /api/pages/my-pages-hierarchy?_t=1773388466128 [32m200[0m 27.071 ms - 969[0m
2026-03-13 13:24 +05:30: [0mGET /api/audit?auditor_id=9 [36m304[0m 8.512 ms - -[0m
2026-03-13 13:26 +05:30: [0mGET /api/inspection_slots [36m304[0m 10.076 ms - -[0m
2026-03-13 13:26 +05:30: [0mGET /api/audit [36m304[0m 15.146 ms - -[0m
2026-03-13 13:32 +05:30: [0mGET /api/audit [36m304[0m 222.885 ms - -[0m
2026-03-13 13:32 +05:30: [0mGET /api/pages/my-pages-hierarchy?_t=1773388961970 [32m200[0m 414.985 ms - 778[0m
2026-03-13 13:32 +05:30: [0mGET /api/pages/my-pages-hierarchy?_t=1773388961962 [32m200[0m 441.292 ms - 778[0m
2026-03-13 13:32 +05:30: [0mGET /api/audit [36m304[0m 81.720 ms - -[0m
2026-03-13 13:32 +05:30: [0mGET /api/audit [36m304[0m 7.359 ms - -[0m
2026-03-13 13:32 +05:30: [0mGET /api/inspection_slots [36m304[0m 6.751 ms - -[0m
2026-03-13 13:32 +05:30: [0mGET /api/audit?status=action-required [36m304[0m 7.927 ms - -[0m
2026-03-13 13:32 +05:30: [0mGET /api/inspection_slots [36m304[0m 6.538 ms - -[0m
2026-03-13 13:32 +05:30: [0mGET /api/audit [36m304[0m 10.899 ms - -[0m
2026-03-13 13:32 +05:30: [0mGET /api/lines [36m304[0m 7.478 ms - -[0m
2026-03-13 13:32 +05:30: [0mGET /api/lines [36m304[0m 2.276 ms - -[0m
2026-03-13 13:32 +05:30: [0mGET /api/pages/my-pages-hierarchy?_t=1773388977496 [32m200[0m 18.857 ms - 778[0m
2026-03-13 13:32 +05:30: [0mGET /api/pages/my-pages-hierarchy?_t=1773388977498 [32m200[0m 20.225 ms - 778[0m
2026-03-13 13:33 +05:30: [0mGET /api/inspection_slots [36m304[0m 5.743 ms - -[0m
2026-03-13 13:33 +05:30: [0mGET /api/templates?entity_type=line&entity_id=2 [36m304[0m 11.992 ms - -[0m
2026-03-13 13:33 +05:30: [0mGET /api/templates?entity_type=line&entity_id=2 [36m304[0m 11.862 ms - -[0m
2026-03-13 13:33 +05:30: [0mGET /api/pages/my-pages-hierarchy?_t=1773388983280 [32m200[0m 31.641 ms - 778[0m
2026-03-13 13:33 +05:30: [0mGET /api/templates?entity_type=line&entity_id=2 [36m304[0m 7.275 ms - -[0m
2026-03-13 13:33 +05:30: [0mGET /api/pages/my-pages-hierarchy?_t=1773388983281 [32m200[0m 32.781 ms - 778[0m
2026-03-13 13:33 +05:30: [0mPOST /api/audit [32m200[0m 40.636 ms - 56[0m
2026-03-13 13:33 +05:30: [0mGET /api/pages/my-pages-hierarchy?_t=1773388993577 [32m200[0m 16.514 ms - 778[0m
2026-03-13 13:33 +05:30: [0mGET /api/pages/my-pages-hierarchy?_t=1773388993580 [32m200[0m 19.206 ms - 778[0m
2026-03-13 13:33 +05:30: [0mGET /api/audit [32m200[0m 15.326 ms - -[0m
2026-03-13 13:33 +05:30: [0mGET /api/audit [36m304[0m 7.852 ms - -[0m
2026-03-13 13:33 +05:30: [0mGET /api/audit [36m304[0m 7.133 ms - -[0m
2026-03-13 13:33 +05:30: [0mGET /api/inspection_slots [36m304[0m 5.913 ms - -[0m
2026-03-13 13:34 +05:30: [0mGET /api/audit [36m304[0m 16.669 ms - -[0m
2026-03-13 13:34 +05:30: [0mGET /api/pages/my-pages-hierarchy?_t=1773389072265 [32m200[0m 29.970 ms - 778[0m
2026-03-13 13:34 +05:30: [0mGET /api/pages/my-pages-hierarchy?_t=1773389072271 [32m200[0m 14.202 ms - 778[0m
2026-03-13 13:34 +05:30: [0mGET /api/audit [36m304[0m 9.323 ms - -[0m
2026-03-13 13:34 +05:30: [0mGET /api/audit [36m304[0m 5.464 ms - -[0m
2026-03-13 13:34 +05:30: [0mGET /api/inspection_slots [36m304[0m 18.924 ms - -[0m
2026-03-13 13:34 +05:30: [0mGET /api/audit?status=action-required [32m200[0m 4.837 ms - -[0m
2026-03-13 13:34 +05:30: [0mGET /api/inspection_slots [36m304[0m 4.668 ms - -[0m
2026-03-13 13:34 +05:30: [0mGET /api/audit [36m304[0m 7.056 ms - -[0m
2026-03-13 13:34 +05:30: [0mGET /api/lines [36m304[0m 8.562 ms - -[0m
2026-03-13 13:34 +05:30: [0mGET /api/pages/my-pages-hierarchy?_t=1773389080753 [32m200[0m 21.247 ms - 778[0m
2026-03-13 13:34 +05:30: [0mGET /api/pages/my-pages-hierarchy?_t=1773389080754 [32m200[0m 17.016 ms - 778[0m
2026-03-13 13:34 +05:30: [0mGET /api/lines [36m304[0m 28.524 ms - -[0m
2026-03-13 13:34 +05:30: [0mGET /api/audit [36m304[0m 15.266 ms - -[0m
2026-03-13 13:34 +05:30: [0mGET /api/pages/my-pages-hierarchy?_t=1773389082706 [32m200[0m 26.025 ms - 778[0m
2026-03-13 13:34 +05:30: [0mGET /api/pages/my-pages-hierarchy?_t=1773389082709 [32m200[0m 21.196 ms - 778[0m
2026-03-13 13:34 +05:30: [0mGET /api/audit [36m304[0m 17.989 ms - -[0m
2026-03-13 13:34 +05:30: [0mGET /api/inspection_slots [36m304[0m 7.731 ms - -[0m
2026-03-13 13:34 +05:30: [0mGET /api/audit [36m304[0m 8.299 ms - -[0m
2026-03-13 13:34 +05:30: [0mGET /api/audit?status=action-required [36m304[0m 4.832 ms - -[0m
2026-03-13 13:34 +05:30: [0mGET /api/inspection_slots [36m304[0m 5.046 ms - -[0m
2026-03-13 13:34 +05:30: [0mGET /api/audit [36m304[0m 7.458 ms - -[0m
2026-03-13 13:34 +05:30: [0mGET /api/audit [36m304[0m 5.305 ms - -[0m
2026-03-13 13:36 +05:30: [0mGET /api/inspection_slots?auditor_id=9 [36m304[0m 5.902 ms - -[0m
2026-03-13 13:36 +05:30: [0mGET /api/audit [32m200[0m 9.496 ms - -[0m
2026-03-13 13:36 +05:30: [0mGET /api/audit?status=action-required&auditor_id=9 [36m304[0m 6.269 ms - -[0m
2026-03-13 13:36 +05:30: [0mGET /api/audit?auditor_id=9 [36m304[0m 4.776 ms - -[0m
2026-03-13 13:36 +05:30: [0mGET /api/inspection_slots?auditor_id=9 [36m304[0m 5.860 ms - -[0m
2026-03-13 13:36 +05:30: [0mGET /api/audit [36m304[0m 6.552 ms - -[0m
2026-03-13 13:36 +05:30: [0mGET /api/audit?status=action-required&auditor_id=9 [36m304[0m 3.730 ms - -[0m
2026-03-13 13:36 +05:30: [0mGET /api/audit?auditor_id=9 [36m304[0m 4.261 ms - -[0m
2026-03-13 13:36 +05:30: [0mGET /api/audit?status=action-required&auditor_id=9 [36m304[0m 3.956 ms - -[0m
2026-03-13 13:36 +05:30: [0mGET /api/audit?auditor_id=9 [36m304[0m 6.816 ms - -[0m
2026-03-13 13:36 +05:30: [0mGET /api/inspection_slots?auditor_id=9 [36m304[0m 5.484 ms - -[0m
2026-03-13 13:36 +05:30: [0mGET /api/audit [36m304[0m 7.072 ms - -[0m
2026-03-13 13:36 +05:30: [0mGET /api/audit?status=action-required&auditor_id=9 [36m304[0m 3.530 ms - -[0m
2026-03-13 13:36 +05:30: [0mGET /api/audit?auditor_id=9 [36m304[0m 5.161 ms - -[0m
2026-03-13 13:36 +05:30: [0mGET /api/audit?status=action-required [36m304[0m 7.607 ms - -[0m
2026-03-13 13:36 +05:30: [0mGET /api/audit [36m304[0m 6.206 ms - -[0m
2026-03-13 13:36 +05:30: [0mGET /api/audit?status=action-required [36m304[0m 5.889 ms - -[0m
2026-03-13 13:36 +05:30: [0mGET /api/audit [36m304[0m 4.220 ms - -[0m
2026-03-13 13:36 +05:30: [0mGET /api/audit?status=action-required [36m304[0m 4.396 ms - -[0m
2026-03-13 13:37 +05:30: [0mGET /api/audit [36m304[0m 9.309 ms - -[0m
2026-03-13 13:37 +05:30: [0mGET /api/audit [36m304[0m 6.301 ms - -[0m
2026-03-13 13:37 +05:30: [0mGET /api/inspection_slots [36m304[0m 7.183 ms - -[0m
2026-03-13 13:37 +05:30: [0mGET /api/audit [36m304[0m 6.334 ms - -[0m
2026-03-13 13:37 +05:30: [0mGET /api/inspection_slots [36m304[0m 3.755 ms - -[0m
2026-03-13 13:37 +05:30: [0mGET /api/audit [36m304[0m 7.813 ms - -[0m
2026-03-13 13:37 +05:30: [0mGET /api/lines [36m304[0m 11.357 ms - -[0m
2026-03-13 13:37 +05:30: [0mGET /api/lines [36m304[0m 1.538 ms - -[0m
2026-03-13 13:37 +05:30: [0mGET /api/pages/my-pages-hierarchy?_t=1773389244966 [32m200[0m 22.861 ms - 778[0m
2026-03-13 13:37 +05:30: [0mGET /api/pages/my-pages-hierarchy?_t=1773389244965 [32m200[0m 28.187 ms - 778[0m
2026-03-13 13:37 +05:30: [0mGET /api/pages/my-pages-hierarchy?_t=1773389246853 [32m200[0m 19.563 ms - 778[0m
2026-03-13 13:37 +05:30: [0mGET /api/audit [36m304[0m 17.771 ms - -[0m
2026-03-13 13:37 +05:30: [0mGET /api/pages/my-pages-hierarchy?_t=1773389246854 [32m200[0m 15.821 ms - 778[0m
2026-03-13 13:37 +05:30: [0mGET /api/audit [36m304[0m 46.642 ms - -[0m
2026-03-13 13:38 +05:30: [0mGET /api/inspection_slots?auditor_id=9 [36m304[0m 4.015 ms - -[0m
2026-03-13 13:38 +05:30: [0mGET /api/audit [36m304[0m 8.533 ms - -[0m
2026-03-13 13:38 +05:30: [0mGET /api/audit?auditor_id=9 [36m304[0m 4.465 ms - -[0m
2026-03-13 13:38 +05:30: [0mGET /api/pages/my-pages-hierarchy?_t=1773389285935 [32m200[0m 7.175 ms - 969[0m
2026-03-13 13:38 +05:30: [0mGET /api/audit/9 [32m200[0m 6.685 ms - 488[0m
2026-03-13 13:38 +05:30: [0mGET /api/audit/9 [36m304[0m 6.870 ms - -[0m
2026-03-13 13:38 +05:30: [0mGET /api/pages/my-pages-hierarchy?_t=1773389285936 [32m200[0m 12.441 ms - 969[0m
2026-03-13 13:38 +05:30: [0mGET /api/templates/5 [36m304[0m 4.742 ms - -[0m
2026-03-13 13:38 +05:30: [0mGET /api/templates/5 [36m304[0m 1.853 ms - -[0m
2026-03-13 13:38 +05:30: [0mGET /uploads/13032026125237_235.jpg [32m200[0m 2.200 ms - 50942[0m
2026-03-13 13:38 +05:30: [0mGET /api/pages/my-pages-hierarchy?_t=1773389289044 [32m200[0m 10.752 ms - 969[0m
2026-03-13 13:38 +05:30: [0mGET /api/audit?auditor_id=9 [36m304[0m 11.614 ms - -[0m
2026-03-13 13:38 +05:30: [0mGET /api/pages/my-pages-hierarchy?_t=1773389289045 [32m200[0m 13.284 ms - 969[0m
2026-03-13 13:38 +05:30: [0mGET /api/audit?auditor_id=9 [36m304[0m 4.582 ms - -[0m
2026-03-13 13:38 +05:30: [0mGET /api/inspection_slots?auditor_id=9 [36m304[0m 5.448 ms - -[0m
2026-03-13 13:38 +05:30: [0mGET /api/audit [36m304[0m 7.031 ms - -[0m
2026-03-13 13:38 +05:30: [0mGET /api/audit?auditor_id=9 [36m304[0m 4.253 ms - -[0m
2026-03-13 13:38 +05:30: [0mGET /api/inspection_slots?auditor_id=9 [36m304[0m 4.297 ms - -[0m
2026-03-13 13:38 +05:30: [0mGET /api/audit [36m304[0m 6.050 ms - -[0m
2026-03-13 13:38 +05:30: [0mGET /api/audit?auditor_id=9 [36m304[0m 4.732 ms - -[0m
2026-03-13 13:39 +05:30: requireAssignedPages check for user: superadmin (ID: 1), roles: super_admin
2026-03-13 13:39 +05:30: Access granted: User is super admin
2026-03-13 13:39 +05:30: 📥 GET /roles request - Query params: { _t: '1773389362244' }
2026-03-13 13:39 +05:30: requireAssignedPages check for user: superadmin (ID: 1), roles: super_admin
2026-03-13 13:39 +05:30: Access granted: User is super admin
2026-03-13 13:39 +05:30: [0mGET /api/pages/my-pages-hierarchy?_t=1773389362245 [32m200[0m 83.739 ms - 778[0m
2026-03-13 13:39 +05:30: [0mGET /api/pages/my-pages-hierarchy?_t=1773389362242 [32m200[0m 97.345 ms - 778[0m
2026-03-13 13:39 +05:30: 📊 Roles query result: 4 roles found
2026-03-13 13:39 +05:30: [0mGET /api/roles?_t=1773389362244 [32m200[0m 115.047 ms - -[0m
2026-03-13 13:39 +05:30: [0mGET /api/pages [32m200[0m 114.601 ms - -[0m
2026-03-13 13:39 +05:30: requireAssignedPages check for user: superadmin (ID: 1), roles: super_admin
2026-03-13 13:39 +05:30: Access granted: User is super admin
2026-03-13 13:39 +05:30: [0mGET /api/roles/18/page-order [32m200[0m 19.142 ms - 869[0m
2026-03-13 13:40 +05:30: requireAssignedPages check for user: superadmin (ID: 1), roles: super_admin
2026-03-13 13:40 +05:30: Access granted: User is super admin
2026-03-13 13:40 +05:30: 🔄 Updating role with ID: 18 Data: {
2026-03-13 13:40 +05:30:   name: 'testUser',
2026-03-13 13:40 +05:30:   description: 'Test User',
2026-03-13 13:40 +05:30:   pagesWithOrder: [
2026-03-13 13:40 +05:30:     {
2026-03-13 13:40 +05:30:       page_id: 'cat_1772254466746',
2026-03-13 13:40 +05:30:       name: 'New file',
2026-03-13 13:40 +05:30:       display_order: 0,
2026-03-13 13:40 +05:30:       is_category: 1,
2026-03-13 13:40 +05:30:       url: null,
2026-03-13 13:40 +05:30:       icon: null,
2026-03-13 13:40 +05:30:       parent_page_id: null
2026-03-13 13:40 +05:30:     },
2026-03-13 13:40 +05:30:     {
2026-03-13 13:40 +05:30:       page_id: 23,
2026-03-13 13:40 +05:30:       parent_page_id: 'cat_1772254466746',
2026-03-13 13:40 +05:30:       display_order: 1,
2026-03-13 13:40 +05:30:       cat_key: 'cat_1772254466746',
2026-03-13 13:40 +05:30:       name: 'New Audit',
2026-03-13 13:40 +05:30:       url: '/audit-list',
2026-03-13 13:40 +05:30:       icon: 'NewspaperIcon'
2026-03-13 13:40 +05:30:     },
2026-03-13 13:40 +05:30:     {
2026-03-13 13:40 +05:30:       page_id: 15,
2026-03-13 13:40 +05:30:       name: 'Summary',
2026-03-13 13:40 +05:30:       url: '/addons',
2026-03-13 13:40 +05:30:       icon: null,
2026-03-13 13:40 +05:30:       parent_page_id: 'cat_1772254466746',
2026-03-13 13:40 +05:30:       display_order: 1
2026-03-13 13:40 +05:30:     },
2026-03-13 13:40 +05:30:     {
2026-03-13 13:40 +05:30:       page_id: 22,
2026-03-13 13:40 +05:30:       name: 'Manage Report',
2026-03-13 13:40 +05:30:       url: '/manage_report',
2026-03-13 13:40 +05:30:       icon: 'FileTextIcon',
2026-03-13 13:40 +05:30:       parent_page_id: 'cat_1772254466746',
2026-03-13 13:40 +05:30:       display_order: 2
2026-03-13 13:40 +05:30:     }
2026-03-13 13:40 +05:30:   ]
2026-03-13 13:40 +05:30: }
2026-03-13 13:40 +05:30: 📋 Existing role: {
2026-03-13 13:40 +05:30:   id: 18,
2026-03-13 13:40 +05:30:   name: 'testUser',
2026-03-13 13:40 +05:30:   description: 'Test User',
2026-03-13 13:40 +05:30:   created_at: 2026-02-28T10:24:34.000Z,
2026-03-13 13:40 +05:30:   updated_at: 2026-03-11T18:30:01.000Z,
2026-03-13 13:40 +05:30:   created_by: 1,
2026-03-13 13:40 +05:30:   user_count: 12,
2026-03-13 13:40 +05:30:   pages: [
2026-03-13 13:40 +05:30:     'Users Management',
2026-03-13 13:40 +05:30:     'Roles Management',
2026-03-13 13:40 +05:30:     'Pages Management',
2026-03-13 13:40 +05:30:     'New Audit',
2026-03-13 13:40 +05:30:     'Users Management',
2026-03-13 13:40 +05:30:     'Roles Management',
2026-03-13 13:40 +05:30:     'Pages Management',
2026-03-13 13:40 +05:30:     'New Audit',
2026-03-13 13:40 +05:30:     'Users Management',
2026-03-13 13:40 +05:30:     'Roles Management',
2026-03-13 13:40 +05:30:     'Pages Management',
2026-03-13 13:40 +05:30:     'New Audit'
2026-03-13 13:40 +05:30:   ],
2026-03-13 13:40 +05:30:   page_ids: [
2026-03-13 13:40 +05:30:     2,  3,  4, 23, 2,
2026-03-13 13:40 +05:30:     3,  4, 23,  2, 3,
2026-03-13 13:40 +05:30:     4, 23
2026-03-13 13:40 +05:30:   ]
2026-03-13 13:40 +05:30: }
2026-03-13 13:40 +05:30: ✅ Final updated role: {
2026-03-13 13:40 +05:30:   id: 18,
2026-03-13 13:40 +05:30:   name: 'testUser',
2026-03-13 13:40 +05:30:   description: 'Test User',
2026-03-13 13:40 +05:30:   created_at: 2026-02-28T10:24:34.000Z,
2026-03-13 13:40 +05:30:   updated_at: 2026-03-13T13:40:36.000Z,
2026-03-13 13:40 +05:30:   created_by: 1,
2026-03-13 13:40 +05:30:   user_count: 9,
2026-03-13 13:40 +05:30:   pages: [
2026-03-13 13:40 +05:30:     'Summary',
2026-03-13 13:40 +05:30:     'Manage Report',
2026-03-13 13:40 +05:30:     'New Audit',
2026-03-13 13:40 +05:30:     'Summary',
2026-03-13 13:40 +05:30:     'Manage Report',
2026-03-13 13:40 +05:30:     'New Audit',
2026-03-13 13:40 +05:30:     'Summary',
2026-03-13 13:40 +05:30:     'Manage Report',
2026-03-13 13:40 +05:30:     'New Audit'
2026-03-13 13:40 +05:30:   ],
2026-03-13 13:40 +05:30:   page_ids: [
2026-03-13 13:40 +05:30:     15, 22, 23, 15, 22,
2026-03-13 13:40 +05:30:     23, 15, 22, 23
2026-03-13 13:40 +05:30:   ]
2026-03-13 13:40 +05:30: }
2026-03-13 13:40 +05:30: 📤 Response sent for role update
2026-03-13 13:40 +05:30: [0mPUT /api/roles/18 [32m200[0m 85.515 ms - 398[0m
2026-03-13 13:40 +05:30: requireAssignedPages check for user: superadmin (ID: 1), roles: super_admin
2026-03-13 13:40 +05:30: Access granted: User is super admin
2026-03-13 13:40 +05:30: 📥 GET /roles request - Query params: { _t: '1773389436405' }
2026-03-13 13:40 +05:30: 📊 Roles query result: 4 roles found
2026-03-13 13:40 +05:30: [0mGET /api/pages/my-pages-hierarchy?_t=1773389436405 [32m200[0m 9.730 ms - 778[0m
2026-03-13 13:40 +05:30: [0mGET /api/roles?_t=1773389436405 [32m200[0m 13.283 ms - -[0m
2026-03-13 13:40 +05:30: [0mGET /api/audit?auditor_id=9 [36m304[0m 6.924 ms - -[0m
2026-03-13 13:40 +05:30: [0mGET /api/pages/my-pages-hierarchy?_t=1773389444060 [32m200[0m 16.194 ms - 793[0m
2026-03-13 13:40 +05:30: [0mGET /api/pages/my-pages-hierarchy?_t=1773389444066 [32m200[0m 12.545 ms - 793[0m
2026-03-13 13:40 +05:30: [0mGET /api/audit?auditor_id=9 [36m304[0m 12.117 ms - -[0m
2026-03-13 13:40 +05:30: [0mGET /api/pages/my-pages-hierarchy?_t=1773389450986 [32m200[0m 5.281 ms - 793[0m
2026-03-13 13:40 +05:30: [0mGET /api/pages/my-pages-hierarchy?_t=1773389450982 [32m200[0m 9.845 ms - 793[0m
2026-03-13 13:40 +05:30: [0mGET /api/pages/my-pages-hierarchy?_t=1773389455417 [32m200[0m 8.137 ms - 793[0m
2026-03-13 13:40 +05:30: [0mGET /api/pages/my-pages-hierarchy?_t=1773389455419 [32m200[0m 8.569 ms - 793[0m
2026-03-13 13:41 +05:30: [0mGET /api/pages/my-pages-hierarchy?_t=1773389461116 [32m200[0m 12.479 ms - 793[0m
2026-03-13 13:41 +05:30: [0mGET /api/pages/my-pages-hierarchy?_t=1773389461117 [32m200[0m 13.926 ms - 793[0m
2026-03-13 13:41 +05:30: [0mGET /api/pages/my-pages-hierarchy?_t=1773389469776 [32m200[0m 5.472 ms - 793[0m
2026-03-13 13:41 +05:30: [0mGET /api/pages/my-pages-hierarchy?_t=1773389469776 [36m304[0m 8.335 ms - -[0m
2026-03-13 13:44 +05:30: [0mGET /api/pages/my-pages-hierarchy?_t=1773389644809 [32m200[0m 60.022 ms - 778[0m
2026-03-13 13:44 +05:30: [0mGET /api/system/memory [32m200[0m 43.029 ms - 301[0m
2026-03-13 13:44 +05:30: [0mGET /api/system/info [32m200[0m 46.005 ms - 512[0m
2026-03-13 13:44 +05:30: [0mGET /api/system/processes [36m304[0m 44.585 ms - -[0m
2026-03-13 13:44 +05:30: [0mGET /api/system/cpu [32m200[0m 46.722 ms - -[0m
2026-03-13 13:44 +05:30: [0mGET /api/system/performance [32m200[0m 46.988 ms - -[0m
2026-03-13 13:44 +05:30: [0mGET /api/system/health [32m200[0m 14.828 ms - 114[0m
2026-03-13 13:44 +05:30: [0mGET /api/system/memory [32m200[0m 22.076 ms - 301[0m
2026-03-13 13:44 +05:30: [0mGET /api/system/info [32m200[0m 24.828 ms - 511[0m
2026-03-13 13:44 +05:30: [0mGET /api/system/processes [36m304[0m 19.761 ms - -[0m
2026-03-13 13:44 +05:30: [0mGET /api/system/network [36m304[0m 30.093 ms - -[0m
2026-03-13 13:44 +05:30: [0mGET /api/system/process-stats [32m200[0m 28.569 ms - 817[0m
2026-03-13 13:44 +05:30: requireAssignedPages check for user: superadmin (ID: 1), roles: super_admin
2026-03-13 13:44 +05:30: Access granted: User is super admin
2026-03-13 13:44 +05:30: [0mGET /api/system/health [32m200[0m 31.257 ms - 114[0m
2026-03-13 13:44 +05:30: [0mGET /api/system/network [36m304[0m 39.204 ms - -[0m
2026-03-13 13:44 +05:30: [0mGET /api/system/cpu [32m200[0m 19.816 ms - -[0m
2026-03-13 13:44 +05:30: [0mGET /api/system/performance [32m200[0m 38.704 ms - -[0m
2026-03-13 13:44 +05:30: [0mGET /api/pages/my-pages-hierarchy?_t=1773389644814 [32m200[0m 56.942 ms - 778[0m
2026-03-13 13:44 +05:30: [0mGET /api/system/process-stats [32m200[0m 5.425 ms - 817[0m
2026-03-13 13:44 +05:30: [0mGET /api/stats/dashboard [32m200[0m 99.305 ms - -[0m
2026-03-13 13:44 +05:30: requireAssignedPages check for user: superadmin (ID: 1), roles: super_admin
2026-03-13 13:44 +05:30: Access granted: User is super admin
2026-03-13 13:44 +05:30: [0mGET /api/stats/dashboard [32m200[0m 18.319 ms - -[0m
2026-03-13 13:44 +05:30: requireAssignedPages check for user: superadmin (ID: 1), roles: super_admin
2026-03-13 13:44 +05:30: Access granted: User is super admin
2026-03-13 13:44 +05:30: [0mGET /api/roles/18/page-order [32m200[0m 14.538 ms - 726[0m
2026-03-13 13:44 +05:30: requireAssignedPages check for user: superadmin (ID: 1), roles: super_admin
2026-03-13 13:44 +05:30: Access granted: User is super admin
2026-03-13 13:44 +05:30: 🔄 Updating role with ID: 18 Data: {
2026-03-13 13:44 +05:30:   name: 'testUser',
2026-03-13 13:44 +05:30:   description: 'Test User',
2026-03-13 13:44 +05:30:   pagesWithOrder: [
2026-03-13 13:44 +05:30:     {
2026-03-13 13:44 +05:30:       page_id: 'cat_1772254466746',
2026-03-13 13:44 +05:30:       name: 'New file',
2026-03-13 13:44 +05:30:       display_order: 0,
2026-03-13 13:44 +05:30:       is_category: 1,
2026-03-13 13:44 +05:30:       url: null,
2026-03-13 13:44 +05:30:       icon: null,
2026-03-13 13:44 +05:30:       parent_page_id: null
2026-03-13 13:44 +05:30:     },
2026-03-13 13:44 +05:30:     {
2026-03-13 13:44 +05:30:       page_id: 15,
2026-03-13 13:44 +05:30:       parent_page_id: 'cat_1772254466746',
2026-03-13 13:44 +05:30:       display_order: 1,
2026-03-13 13:44 +05:30:       cat_key: 'cat_1772254466746',
2026-03-13 13:44 +05:30:       name: 'Summary',
2026-03-13 13:44 +05:30:       url: '/addons',
2026-03-13 13:44 +05:30:       icon: null
2026-03-13 13:44 +05:30:     },
2026-03-13 13:44 +05:30:     {
2026-03-13 13:44 +05:30:       page_id: 23,
2026-03-13 13:44 +05:30:       parent_page_id: 'cat_1772254466746',
2026-03-13 13:44 +05:30:       display_order: 1,
2026-03-13 13:44 +05:30:       cat_key: 'cat_1772254466746',
2026-03-13 13:44 +05:30:       name: 'New Audit',
2026-03-13 13:44 +05:30:       url: '/audit-list',
2026-03-13 13:44 +05:30:       icon: 'NewspaperIcon'
2026-03-13 13:44 +05:30:     },
2026-03-13 13:44 +05:30:     {
2026-03-13 13:44 +05:30:       page_id: 22,
2026-03-13 13:44 +05:30:       parent_page_id: 'cat_1772254466746',
2026-03-13 13:44 +05:30:       display_order: 2,
2026-03-13 13:44 +05:30:       cat_key: 'cat_1772254466746',
2026-03-13 13:44 +05:30:       name: 'Manage Report',
2026-03-13 13:44 +05:30:       url: '/manage_report',
2026-03-13 13:44 +05:30:       icon: 'FileTextIcon'
2026-03-13 13:44 +05:30:     }
2026-03-13 13:44 +05:30:   ]
2026-03-13 13:44 +05:30: }
2026-03-13 13:44 +05:30: 📋 Existing role: {
2026-03-13 13:44 +05:30:   id: 18,
2026-03-13 13:44 +05:30:   name: 'testUser',
2026-03-13 13:44 +05:30:   description: 'Test User',
2026-03-13 13:44 +05:30:   created_at: 2026-02-28T10:24:34.000Z,
2026-03-13 13:44 +05:30:   updated_at: 2026-03-13T13:40:36.000Z,
2026-03-13 13:44 +05:30:   created_by: 1,
2026-03-13 13:44 +05:30:   user_count: 9,
2026-03-13 13:44 +05:30:   pages: [
2026-03-13 13:44 +05:30:     'Summary',
2026-03-13 13:44 +05:30:     'Manage Report',
2026-03-13 13:44 +05:30:     'New Audit',
2026-03-13 13:44 +05:30:     'Summary',
2026-03-13 13:44 +05:30:     'Manage Report',
2026-03-13 13:44 +05:30:     'New Audit',
2026-03-13 13:44 +05:30:     'Summary',
2026-03-13 13:44 +05:30:     'Manage Report',
2026-03-13 13:44 +05:30:     'New Audit'
2026-03-13 13:44 +05:30:   ],
2026-03-13 13:44 +05:30:   page_ids: [
2026-03-13 13:44 +05:30:     15, 22, 23, 15, 22,
2026-03-13 13:44 +05:30:     23, 15, 22, 23
2026-03-13 13:44 +05:30:   ]
2026-03-13 13:44 +05:30: }
2026-03-13 13:44 +05:30: ✅ Final updated role: {
2026-03-13 13:44 +05:30:   id: 18,
2026-03-13 13:44 +05:30:   name: 'testUser',
2026-03-13 13:44 +05:30:   description: 'Test User',
2026-03-13 13:44 +05:30:   created_at: 2026-02-28T10:24:34.000Z,
2026-03-13 13:44 +05:30:   updated_at: 2026-03-13T13:44:22.000Z,
2026-03-13 13:44 +05:30:   created_by: 1,
2026-03-13 13:44 +05:30:   user_count: 9,
2026-03-13 13:44 +05:30:   pages: [
2026-03-13 13:44 +05:30:     'Summary',
2026-03-13 13:44 +05:30:     'Manage Report',
2026-03-13 13:44 +05:30:     'New Audit',
2026-03-13 13:44 +05:30:     'Summary',
2026-03-13 13:44 +05:30:     'Manage Report',
2026-03-13 13:44 +05:30:     'New Audit',
2026-03-13 13:44 +05:30:     'Summary',
2026-03-13 13:44 +05:30:     'Manage Report',
2026-03-13 13:44 +05:30:     'New Audit'
2026-03-13 13:44 +05:30:   ],
2026-03-13 13:44 +05:30:   page_ids: [
2026-03-13 13:44 +05:30:     15, 22, 23, 15, 22,
2026-03-13 13:44 +05:30:     23, 15, 22, 23
2026-03-13 13:44 +05:30:   ]
2026-03-13 13:44 +05:30: }
2026-03-13 13:44 +05:30: 📤 Response sent for role update
2026-03-13 13:44 +05:30: [0mPUT /api/roles/18 [32m200[0m 31.725 ms - 398[0m
2026-03-13 13:44 +05:30: requireAssignedPages check for user: superadmin (ID: 1), roles: super_admin
2026-03-13 13:44 +05:30: Access granted: User is super admin
2026-03-13 13:44 +05:30: 📥 GET /roles request - Query params: { _t: '1773389662403' }
2026-03-13 13:44 +05:30: 📊 Roles query result: 4 roles found
2026-03-13 13:44 +05:30: [0mGET /api/pages/my-pages-hierarchy?_t=1773389662404 [32m200[0m 11.553 ms - 778[0m
2026-03-13 13:44 +05:30: [0mGET /api/roles?_t=1773389662403 [32m200[0m 12.114 ms - -[0m
2026-03-13 13:44 +05:30: [0mGET /api/pages/my-pages-hierarchy?_t=1773389669415 [32m200[0m 9.753 ms - 793[0m
2026-03-13 13:44 +05:30: [0mGET /api/pages/my-pages-hierarchy?_t=1773389669413 [32m200[0m 16.821 ms - 793[0m
2026-03-13 13:44 +05:30: [0mGET /api/pages/my-pages-hierarchy?_t=1773389673213 [32m200[0m 17.887 ms - 793[0m
2026-03-13 13:44 +05:30: [0mGET /api/audit?auditor_id=9 [36m304[0m 16.262 ms - -[0m
2026-03-13 13:44 +05:30: [0mGET /api/pages/my-pages-hierarchy?_t=1773389673214 [32m200[0m 14.349 ms - 793[0m
2026-03-13 13:44 +05:30: [0mGET /api/audit?auditor_id=9 [36m304[0m 10.396 ms - -[0m
2026-03-13 13:44 +05:30: [0mGET /api/pages/my-pages-hierarchy?_t=1773389676432 [32m200[0m 6.416 ms - 793[0m
2026-03-13 13:44 +05:30: [0mGET /api/pages/my-pages-hierarchy?_t=1773389676433 [32m200[0m 8.246 ms - 793[0m
2026-03-13 13:44 +05:30: [0mGET /api/pages/my-pages-hierarchy?_t=1773389682481 [32m200[0m 6.724 ms - 793[0m
2026-03-13 13:44 +05:30: [0mGET /api/pages/my-pages-hierarchy?_t=1773389682482 [32m200[0m 8.677 ms - 793[0m
2026-03-13 13:56 +05:30: requireAssignedPages check for user: superadmin (ID: 1), roles: super_admin
2026-03-13 13:56 +05:30: Access granted: User is super admin
2026-03-13 13:56 +05:30: 📥 GET /roles request - Query params: { _t: '1773390392613' }
2026-03-13 13:56 +05:30: requireAssignedPages check for user: superadmin (ID: 1), roles: super_admin
2026-03-13 13:56 +05:30: Access granted: User is super admin
2026-03-13 13:56 +05:30: 📊 Roles query result: 4 roles found
2026-03-13 13:56 +05:30: [0mGET /api/pages/my-pages-hierarchy?_t=1773390392605 [32m200[0m 88.669 ms - 778[0m
2026-03-13 13:56 +05:30: [0mGET /api/pages/my-pages-hierarchy?_t=1773390392628 [32m200[0m 64.808 ms - 778[0m
2026-03-13 13:56 +05:30: [0mGET /api/roles?_t=1773390392613 [32m200[0m 62.766 ms - -[0m
2026-03-13 13:56 +05:30: [0mGET /api/pages [32m200[0m 70.229 ms - -[0m
2026-03-13 13:56 +05:30: [0mGET /api/pages/my-pages-hierarchy?_t=1773390416309 [32m200[0m 20.415 ms - 778[0m
2026-03-13 13:56 +05:30: [0mGET /api/pages/my-pages-hierarchy?_t=1773390416311 [32m200[0m 12.833 ms - 778[0m
2026-03-13 13:56 +05:30: [0mGET /api/audit [36m304[0m 21.573 ms - -[0m
2026-03-13 13:56 +05:30: [0mGET /api/audit [36m304[0m 10.045 ms - -[0m
2026-03-13 13:57 +05:30: [0mGET /api/audit [36m304[0m 9.193 ms - -[0m
2026-03-13 13:57 +05:30: [0mGET /api/inspection_slots [36m304[0m 8.716 ms - -[0m
2026-03-13 13:59 +05:30: [0mGET /api/pages/my-pages-hierarchy?_t=1773390592788 [32m200[0m 30.477 ms - 778[0m
2026-03-13 13:59 +05:30: [0mGET /api/pages/my-pages-hierarchy?_t=1773390592774 [32m200[0m 51.672 ms - 778[0m
2026-03-13 13:59 +05:30: [0mGET /api/audit [36m304[0m 41.394 ms - -[0m
2026-03-13 13:59 +05:30: [0mGET /api/audit [36m304[0m 7.846 ms - -[0m
2026-03-13 13:59 +05:30: [0mGET /api/audit [36m304[0m 6.334 ms - -[0m
2026-03-13 13:59 +05:30: [0mGET /api/inspection_slots [36m304[0m 46.529 ms - -[0m
2026-03-13 14:10 +05:30: [0mGET /api/audit [36m304[0m 26.316 ms - -[0m
2026-03-13 14:10 +05:30: [0mGET /api/pages/my-pages-hierarchy?_t=1773391210479 [32m200[0m 43.599 ms - 778[0m
2026-03-13 14:10 +05:30: [0mGET /api/pages/my-pages-hierarchy?_t=1773391210485 [32m200[0m 123.994 ms - 778[0m
2026-03-13 14:10 +05:30: [0mGET /api/audit [36m304[0m 16.128 ms - -[0m
2026-03-13 14:10 +05:30: [0mGET /api/audit [36m304[0m 9.678 ms - -[0m
2026-03-13 14:10 +05:30: [0mGET /api/inspection_slots [32m200[0m 11.346 ms - -[0m
2026-03-13 14:10 +05:30: [0mGET /api/audit [36m304[0m 6.797 ms - -[0m
2026-03-13 14:10 +05:30: [0mGET /api/inspection_slots [36m304[0m 2.878 ms - -[0m
2026-03-13 14:10 +05:30: [0mGET /api/audit [36m304[0m 5.734 ms - -[0m
2026-03-13 14:10 +05:30: [0mGET /api/pages/my-pages-hierarchy?_t=1773391230296 [32m200[0m 15.326 ms - 793[0m
2026-03-13 14:10 +05:30: [0mGET /api/pages/my-pages-hierarchy?_t=1773391230297 [32m200[0m 11.854 ms - 793[0m
2026-03-13 14:10 +05:30: [0mGET /api/audit?auditor_id=9 [36m304[0m 11.149 ms - -[0m
2026-03-13 14:10 +05:30: [0mGET /api/audit?auditor_id=9 [36m304[0m 5.801 ms - -[0m
2026-03-13 14:10 +05:30: [0mGET /api/audit [36m304[0m 8.397 ms - -[0m
2026-03-13 14:10 +05:30: [0mGET /api/inspection_slots?auditor_id=9 [32m200[0m 5.178 ms - -[0m
2026-03-13 14:10 +05:30: [0mGET /api/pages/my-pages-hierarchy?_t=1773391234222 [32m200[0m 8.361 ms - 793[0m
2026-03-13 14:10 +05:30: [0mGET /api/pages/my-pages-hierarchy?_t=1773391234222 [36m304[0m 7.651 ms - -[0m
2026-03-13 14:10 +05:30: [0mGET /api/lines [36m304[0m 20.707 ms - -[0m
2026-03-13 14:10 +05:30: [0mGET /api/lines [36m304[0m 2.695 ms - -[0m
2026-03-13 14:10 +05:30: [0mGET /api/stations [36m304[0m 4.831 ms - -[0m
2026-03-13 14:10 +05:30: [0mGET /api/inspection_slots [32m200[0m 1.511 ms - -[0m
2026-03-13 14:10 +05:30: [0mGET /api/templates?entity_type=station&entity_id=2 [36m304[0m 12.089 ms - -[0m
2026-03-13 14:10 +05:30: [0mGET /api/templates?entity_type=station&entity_id=2 [36m304[0m 3.522 ms - -[0m
2026-03-13 14:10 +05:30: [0mGET /api/pages/my-pages-hierarchy?_t=1773391241659 [32m200[0m 8.212 ms - 793[0m
2026-03-13 14:10 +05:30: [0mGET /api/templates?entity_type=station&entity_id=2 [36m304[0m 6.963 ms - -[0m
2026-03-13 14:10 +05:30: [0mGET /api/pages/my-pages-hierarchy?_t=1773391241659 [36m304[0m 6.381 ms - -[0m
2026-03-13 14:10 +05:30: [0mPOST /api/audit [32m200[0m 17.391 ms - 56[0m
2026-03-13 14:10 +05:30: [0mGET /api/audit?auditor_id=9 [32m200[0m 10.535 ms - 605[0m
2026-03-13 14:10 +05:30: [0mGET /api/pages/my-pages-hierarchy?_t=1773391256621 [32m200[0m 16.954 ms - 793[0m
2026-03-13 14:10 +05:30: [0mGET /api/pages/my-pages-hierarchy?_t=1773391256622 [32m200[0m 11.656 ms - 793[0m
2026-03-13 14:10 +05:30: [0mGET /api/audit?auditor_id=9 [36m304[0m 8.034 ms - -[0m
2026-03-13 14:10 +05:30: [0mGET /api/inspection_slots?auditor_id=9 [36m304[0m 4.457 ms - -[0m
2026-03-13 14:10 +05:30: [0mGET /api/audit [32m200[0m 6.583 ms - -[0m
2026-03-13 14:12 +05:30: [0mGET /api/pages/my-pages-hierarchy?_t=1773391346309 [32m200[0m 31.197 ms - 778[0m
2026-03-13 14:12 +05:30: [0mGET /api/pages/my-pages-hierarchy?_t=1773391346315 [32m200[0m 20.585 ms - 778[0m
2026-03-13 14:12 +05:30: [0mGET /api/audit [32m200[0m 24.333 ms - -[0m
2026-03-13 14:12 +05:30: [0mGET /api/audit [36m304[0m 16.780 ms - -[0m
2026-03-13 14:12 +05:30: [0mGET /api/audit [36m304[0m 4.921 ms - -[0m
2026-03-13 14:12 +05:30: [0mGET /api/inspection_slots [36m304[0m 3.353 ms - -[0m
2026-03-13 14:12 +05:30: [0mGET /api/pages/my-pages-hierarchy?_t=1773391355822 [32m200[0m 20.857 ms - 778[0m
2026-03-13 14:12 +05:30: [0mGET /api/pages/my-pages-hierarchy?_t=1773391355827 [32m200[0m 19.877 ms - 778[0m
2026-03-13 14:12 +05:30: [0mGET /api/audit [36m304[0m 22.498 ms - -[0m
2026-03-13 14:12 +05:30: [0mGET /api/audit [36m304[0m 7.807 ms - -[0m
2026-03-13 14:12 +05:30: [0mGET /api/inspection_slots [36m304[0m 2.746 ms - -[0m
2026-03-13 14:12 +05:30: [0mGET /api/audit [36m304[0m 6.814 ms - -[0m
2026-03-13 14:12 +05:30: [0mGET /api/lines [36m304[0m 7.153 ms - -[0m
2026-03-13 14:12 +05:30: [0mGET /api/pages/my-pages-hierarchy?_t=1773391360566 [32m200[0m 18.177 ms - 778[0m
2026-03-13 14:12 +05:30: [0mGET /api/lines [36m304[0m 4.338 ms - -[0m
2026-03-13 14:12 +05:30: [0mGET /api/pages/my-pages-hierarchy?_t=1773391360570 [32m200[0m 23.417 ms - 778[0m
2026-03-13 14:12 +05:30: [0mGET /api/pages/my-pages-hierarchy?_t=1773391362203 [32m200[0m 22.842 ms - 778[0m
2026-03-13 14:12 +05:30: [0mGET /api/pages/my-pages-hierarchy?_t=1773391362205 [32m200[0m 23.550 ms - 778[0m
2026-03-13 14:12 +05:30: [0mGET /api/audit [36m304[0m 38.987 ms - -[0m
2026-03-13 14:12 +05:30: [0mGET /api/audit [36m304[0m 6.154 ms - -[0m
2026-03-13 14:12 +05:30: [0mGET /api/inspection_slots [36m304[0m 2.397 ms - -[0m
2026-03-13 14:12 +05:30: [0mGET /api/audit [36m304[0m 5.448 ms - -[0m
2026-03-13 14:15 +05:30: [0mGET /api/audit [36m304[0m 13.904 ms - -[0m
2026-03-13 14:15 +05:30: [0mGET /api/pages/my-pages-hierarchy?_t=1773391517382 [32m200[0m 19.436 ms - 778[0m
2026-03-13 14:15 +05:30: [0mGET /api/pages/my-pages-hierarchy?_t=1773391517370 [32m200[0m 36.541 ms - 778[0m
2026-03-13 14:15 +05:30: [0mGET /api/audit [36m304[0m 7.614 ms - -[0m
2026-03-13 14:15 +05:30: [0mGET /api/inspection_slots [36m304[0m 5.930 ms - -[0m
2026-03-13 14:15 +05:30: [0mGET /api/audit [36m304[0m 11.166 ms - -[0m
2026-03-13 14:15 +05:30: [0mGET /api/audit [36m304[0m 7.927 ms - -[0m
2026-03-13 14:15 +05:30: [0mGET /api/pages/my-pages-hierarchy?_t=1773391549334 [32m200[0m 12.673 ms - 778[0m
2026-03-13 14:15 +05:30: [0mGET /api/pages/my-pages-hierarchy?_t=1773391549328 [32m200[0m 19.229 ms - 778[0m
2026-03-13 14:15 +05:30: [0mGET /api/audit [36m304[0m 8.596 ms - -[0m
2026-03-13 14:15 +05:30: [0mGET /api/inspection_slots [36m304[0m 5.063 ms - -[0m
2026-03-13 14:15 +05:30: [0mGET /api/audit [36m304[0m 8.728 ms - -[0m
2026-03-13 14:16 +05:30: [0mGET /api/lines [36m304[0m 4.392 ms - -[0m
2026-03-13 14:16 +05:30: [0mGET /api/pages/my-pages-hierarchy?_t=1773391561620 [32m200[0m 17.464 ms - 778[0m
2026-03-13 14:16 +05:30: [0mGET /api/pages/my-pages-hierarchy?_t=1773391561622 [32m200[0m 22.099 ms - 778[0m
2026-03-13 14:16 +05:30: [0mGET /api/lines [36m304[0m 5.533 ms - -[0m
2026-03-13 14:16 +05:30: [0mGET /api/pages/my-pages-hierarchy?_t=1773391566505 [32m200[0m 23.361 ms - 778[0m
2026-03-13 14:16 +05:30: [0mGET /api/audit [36m304[0m 19.559 ms - -[0m
2026-03-13 14:16 +05:30: [0mGET /api/pages/my-pages-hierarchy?_t=1773391566507 [32m200[0m 17.829 ms - 778[0m
2026-03-13 14:16 +05:30: [0mGET /api/audit [36m304[0m 7.089 ms - -[0m
2026-03-13 14:16 +05:30: [0mGET /api/audit [36m304[0m 7.480 ms - -[0m
2026-03-13 14:16 +05:30: [0mGET /api/inspection_slots [36m304[0m 4.881 ms - -[0m
2026-03-13 14:19 +05:30: [0mGET /api/audit [36m304[0m 32.880 ms - -[0m
2026-03-13 14:19 +05:30: [0mGET /api/pages/my-pages-hierarchy?_t=1773391763674 [32m200[0m 26.881 ms - 778[0m
2026-03-13 14:19 +05:30: [0mGET /api/pages/my-pages-hierarchy?_t=1773391763667 [32m200[0m 56.047 ms - 778[0m
2026-03-13 14:19 +05:30: [0mGET /api/audit [36m304[0m 13.112 ms - -[0m
2026-03-13 14:19 +05:30: [0mGET /api/audit [36m304[0m 6.211 ms - -[0m
2026-03-13 14:19 +05:30: [0mGET /api/inspection_slots [36m304[0m 4.927 ms - -[0m
